toi,ra_deg,dec_deg,alert_date
1000.01,112.35770833333332,-12.695961111111112,2019-07-24
1001.01,122.58045833333331,-5.513852777777778,2019-07-24
1002.01,104.72695833333331,-10.580455555555556,2019-07-24
1003.01,110.55995833333331,-25.207016666666664,2019-07-24
1004.01,122.1782083333333,-48.80281111111111,2019-07-24
1005.01,120.70479166666667,-11.101519444444444,2019-07-24
1006.01,124.35924999999999,-27.273522222222223,2019-07-24
1007.01,112.75237499999999,-4.463358333333334,2019-07-24
1008.01,109.38283333333332,13.395219444444445,2019-07-24
1009.01,111.66783333333332,-24.46211111111111,2019-07-24
101.01,318.73699999999997,-55.87186388888889,2018-09-05
1010.01,112.29399999999998,-21.832911111111112,2019-07-24
1011.01,113.98474999999998,-32.842000000000006,2019-07-24
1012.01,117.09529166666665,6.785063888888889,2019-07-24
1013.01,107.28608333333332,-31.933522222222223,2019-07-24
1014.01,103.56158333333332,-34.22281944444445,2019-07-24
1015.01,122.89595833333331,-27.97189722222222,2019-04-01
1016.01,116.11079166666666,-36.098286111111115,2019-04-01
1017.01,124.72641666666668,-37.78325,2019-07-24
1018.01,111.716,-50.26656666666667,2019-04-01
1019.01,120.148,-54.87855277777778,2019-07-24
102.01,87.13983333333331,-63.988327777777776,2019-05-07
1020.01,128.38195833333333,-43.82842222222222,2019-07-24
1021.01,119.30075,-42.99915,2019-07-24
1022.01,162.96491666666665,-5.788708333333333,2019-06-04
1023.01,120.83770833333332,-51.345625000000005,2019-07-24
1024.01,86.82070833333331,-72.42261111111111,2019-07-24
1025.01,142.52116666666663,-51.517113888888886,2019-07-24
1026.01,125.43462499999998,-51.75944166666667,2019-06-11
1027.01,167.13329166666665,-29.65313611111111,2019-07-24
1027.02,167.13329166666665,-29.65313611111111,2021-06-03
1027.03,167.13329166666665,-29.65313611111111,2023-05-18
1028.01,157.09833333333333,-51.70540833333334,2019-07-24
1029.01,88.73908333333333,-65.95883888888889,2019-06-11
103.01,312.4575,-24.428694444444446,2018-09-05
1030.01,155.8314583333333,-57.590247222222224,2019-07-24
1031.01,140.88387499999996,-67.02600555555556,2019-06-25
1032.01,159.22149999999996,-42.54163888888889,2019-07-24
1033.01,87.2825833333333,-60.498444444444445,2019-06-11
1034.01,134.44174999999998,-49.00057777777778,2019-07-24
1035.01,144.15029166666665,-61.58318333333334,2019-07-24
1036.01,157.867125,-42.24044722222222,2019-07-24
1037.01,147.38516666666663,-63.30647777777777,2019-07-24
1038.01,128.454625,-49.94034722222222,2019-07-24
1039.01,149.68854166666665,-58.76045277777778,2019-07-24
104.01,319.94970833333326,-58.14893333333333,2018-09-05
1040.01,128.61420833333332,-61.488261111111115,2019-07-24
1041.01,138.40224999999998,-55.19790833333333,2019-07-24
1042.01,141.9752083333333,-61.33003888888889,2019-07-24
1043.01,128.30233333333334,-52.71420277777778,2019-07-24
1044.01,153.81104166666665,-58.766391666666664,2019-07-24
1045.01,159.88770833333334,-32.51188055555556,2019-07-24
1046.01,126.41945833333331,-60.907513888888886,2019-07-24
1047.01,144.58154166666665,-67.50509722222222,2019-07-24
1048.01,136.52770833333332,-54.90392222222222,2019-07-24
1049.01,253.76883333333333,-28.710583333333332,2019-07-15
105.01,337.45783333333327,-48.0031,2018-09-05
1050.01,239.96224999999998,-28.061794444444445,2019-07-15
1051.01,40.36595833333333,-71.46275,2019-08-16
1052.01,337.5102916666666,-75.64656111111111,2019-08-16
1053.01,290.977125,-33.351416666666665,2019-08-16
1054.01,302.1141666666666,-54.3175,2019-08-16
1055.01,293.28662499999996,-54.53272777777778,2019-08-16
1056.01,339.2587083333333,-76.91760555555555,2019-08-16
1057.01,127.99691666666666,-78.40756388888889,2019-08-16
1058.01,288.91179166666666,-31.79081388888889,2019-08-16
1059.01,269.71449999999993,-60.92272777777777,2019-08-16
106.01,68.95983333333332,-64.02703888888888,2019-05-07
1060.01,299.29099999999994,-48.934475,2019-08-16
1061.01,284.6889166666666,-41.24248333333333,2019-08-16
1062.01,38.12095833333333,-78.02368333333334,2019-08-16
1063.01,230.5555,-83.05621388888889,2019-08-16
1064.01,296.00391666666667,-47.56203055555555,2019-08-16
1064.02,296.00391666666667,-47.56203055555555,2019-08-16
1065.01,286.3667499999999,-50.067350000000005,2019-08-16
1066.01,285.0965,-54.893341666666664,2019-08-16
1067.01,288.67199999999997,-59.579350000000005,2019-08-16
1068.01,284.39975,-49.13851388888889,2019-08-16
1069.01,289.4792083333333,-32.860125000000004,2019-08-16
107.01,313.78324999999995,-34.13575,2018-09-05
1070.01,289.4785416666667,-32.86132777777778,2019-08-16
1071.01,280.18416666666667,-58.45938888888889,2019-08-16
1072.01,75.62729166666665,-72.91399722222222,2019-08-16
1073.01,287.4844166666666,-49.664941666666664,2019-08-16
1074.01,310.7609999999999,-72.01026666666667,2019-08-16
1075.01,309.97120833333327,-65.4497,2019-08-16
1076.01,294.6337083333333,-55.33026944444445,2019-08-16
1077.01,173.81079166666666,-88.09621388888888,2019-08-16
1078.01,306.92866666666663,-56.46228611111111,2019-08-16
1079.01,283.1195,-55.387927777777776,2019-08-16
108.01,316.96149999999994,-26.096719444444442,2018-09-05
1080.01,276.36833333333334,-52.21457222222222,2019-08-16
1081.01,282.1404166666666,-40.11176944444445,2019-08-16
1082.01,83.27579166666665,-80.81547777777777,2019-08-16
1083.01,296.8222083333333,-87.32281111111111,2019-08-16
1084.01,268.8907083333333,-61.7474,2019-08-16
1085.01,77.60541666666667,-59.535663888888884,2019-08-16
1086.01,305.5698333333333,-88.56849444444444,2019-08-16
1087.01,238.00099999999998,-76.49349166666667,2019-08-06
1088.01,272.31137499999994,-76.30095555555555,2019-08-06
1089.01,228.84304166666664,-52.88598888888889,2019-08-06
109.01,313.2154583333333,-25.687375,2018-09-05
1090.01,242.01633333333328,-68.58883333333333,2019-08-06
1091.01,222.101125,-56.025930555555554,2019-08-06
1092.01,217.022875,-64.63428611111112,2019-08-06
1093.01,215.80524999999997,-63.04598333333333,2019-08-06
1094.01,230.4988333333333,-53.8196,2019-08-06
1095.01,133.96895833333332,-75.92618611111112,2019-08-12
1096.01,133.82666666666663,-73.17330833333334,2019-08-12
1097.01,189.77587499999998,-74.57401944444445,2019-08-12
1097.02,189.77587499999998,-74.57401944444445,2022-03-24
1098.01,192.58929166666664,-88.1211111111111,2019-08-16
1099.01,328.7181666666666,-77.33880277777777,2019-08-16
110.01,5.618541666666665,-59.942588888888885,2018-11-14
1100.01,9.126124999999998,-83.56706666666666,2019-08-15
1101.01,319.5514583333333,-77.52911388888889,2019-08-15
1102.01,263.00320833333336,-76.85826388888889,2019-08-15
1103.01,310.08675,-63.789963888888884,2019-08-15
1104.01,279.7212916666666,-85.7091361111111,2019-08-15
1105.01,146.0539583333333,-89.4715138888889,2019-08-15
1106.01,253.11004166666666,-79.13518333333334,2019-08-15
1107.01,155.607875,-82.21886944444445,2019-08-15
1108.01,274.22162499999996,-68.19777777777779,2019-08-15
1109.01,30.1985,-77.61037499999999,2019-08-15
111.01,0.7745,-62.46931666666667,2018-10-22
1110.01,286.79183333333333,-58.69724166666666,2019-08-15
1111.01,291.37379166666665,-60.94104166666666,2019-08-15
1112.01,163.62891666666664,-87.26973611111111,2019-08-15
1113.01,328.71083333333326,-77.33743333333332,2019-08-15
1114.01,302.1477083333333,-71.55244444444445,2019-08-16
1115.01,283.30183333333326,-54.910805555555555,2019-08-15
1116.01,27.699958333333335,-75.84877499999999,2019-08-26
1117.01,273.60204166666665,-66.41997500000001,2019-08-15
1118.01,277.43291666666664,-44.625505555555556,2019-08-22
1119.01,292.60483333333326,-46.278075,2019-08-22
112.01,55.933625,-65.19378055555556,2019-05-07
1120.01,293.3892916666667,-45.89266666666666,2019-08-22
1121.01,269.6486249999999,-46.06552222222222,2019-08-22
1122.01,281.3695,-52.262927777777776,2019-08-22
1123.01,292.3915,-37.30400833333333,2019-08-22
1124.01,300.2129166666667,-43.98252777777778,2019-08-22
1125.01,298.2877083333333,-46.369991666666664,2019-08-22
1126.01,279.0624583333333,-43.62060555555556,2019-08-22
1127.01,292.1952916666666,-36.00026111111111,2019-08-22
1128.01,289.7617916666666,-43.074222222222225,2019-08-22
1129.01,284.1579583333333,-29.398355555555554,2019-08-22
113.01,332.7143333333333,-30.749719444444445,2018-09-05
1130.01,286.376,-41.437638888888884,2019-08-22
1130.02,286.376,-41.437638888888884,2019-09-03
1131.01,248.43354166666666,61.718333333333334,2019-08-27
1132.01,298.7812916666667,54.781444444444446,2019-08-27
1133.01,294.8240833333333,31.95803611111111,2019-09-03
1134.01,290.0209583333333,36.637775,2019-09-03
1135.01,193.39637499999998,85.12949444444443,2019-08-27
1136.01,192.18491666666665,64.85527499999999,2019-08-27
1136.02,192.18491666666665,64.85527499999999,2019-10-17
1136.03,192.18491666666665,64.85527499999999,2019-11-15
1136.04,192.18491666666665,64.85527499999999,2020-07-16
1137.01,301.17766666666665,30.40995,2019-09-03
1138.01,291.4630833333333,25.18943611111111,2019-09-03
1139.01,304.0343333333333,31.925686111111112,2019-09-03
114.01,63.37470833333333,-69.22659166666666,2019-05-07
1140.01,264.9615416666666,56.078975,2019-08-27
1141.01,247.5347083333333,80.30776666666667,2019-08-27
1142.01,290.70895833333327,56.615386111111114,2019-08-27
1143.01,182.53866666666661,77.35226388888888,2019-08-27
1144.01,297.71016666666657,48.08186388888889,2019-08-27
1145.01,291.92141666666663,36.529897222222225,2019-09-03
1146.01,292.2867916666666,30.29732777777778,2019-09-03
1147.01,266.9622083333333,83.428825,2019-08-27
1148.01,161.90904166666667,71.65572777777778,2019-08-27
1149.01,300.77399999999994,26.892025,2019-09-03
115.01,6.702624999999999,-56.31610277777777,2018-10-22
1150.01,307.8599166666666,39.938916666666664,2019-09-03
1151.01,294.66141666666664,31.219199999999997,2019-09-03
1152.01,283.4897083333333,37.380825,2019-09-03
1153.01,182.69154166666664,85.70507777777777,2019-08-27
1154.01,254.92404166666665,64.69921388888889,2019-08-27
1155.01,309.2758333333333,32.471019444444444,2019-09-03
1156.01,300.4192916666666,26.97166111111111,2019-09-03
1157.01,144.341375,68.45870555555555,2019-08-27
1158.01,293.427375,29.596294444444442,2019-09-03
1159.01,282.4207916666666,48.09894166666667,2019-08-27
116.01,357.84641666666664,-70.15286111111112,2018-09-05
1160.01,301.31770833333326,30.670669444444446,2019-09-03
1161.01,286.97137499999997,46.86824722222222,2019-08-27
1162.01,305.28933333333333,41.46236666666667,2019-09-03
1163.01,294.09175,19.639255555555554,2019-09-03
1164.01,307.33662499999997,37.50856111111111,2019-09-03
1165.01,232.14662499999997,66.35870833333333,2019-08-27
1166.01,293.765,37.53858888888889,2019-09-03
1167.01,198.15237499999995,71.61813888888888,2019-08-27
1168.01,301.71045833333335,38.43102222222222,2019-09-03
1169.01,134.12004166666665,72.533275,2019-08-27
117.01,15.006083333333331,-58.904725,2018-09-05
1170.01,300.805125,52.040841666666665,2019-08-27
1171.01,299.273875,35.98835833333334,2019-09-03
1172.01,282.4745416666666,55.26638888888889,2019-08-27
1173.01,197.6830833333333,70.76801111111111,2019-08-27
1174.01,209.21716666666666,68.61821111111111,2019-08-27
1175.01,289.2387083333333,31.323574999999998,2019-09-03
1176.01,247.35666666666665,71.50587222222222,2019-08-27
1177.01,297.30004166666663,41.32684444444445,2019-09-03
1178.01,279.1010416666666,55.391780555555556,2019-08-27
1179.01,187.05591666666663,67.24004166666667,2019-08-27
118.01,349.55924999999996,-56.90398611111111,2018-09-05
1180.01,214.55579166666664,82.1937638888889,2019-08-27
1181.01,297.2158333333333,64.35435,2019-08-27
1182.01,201.61466666666666,65.30634444444445,2019-08-27
1183.01,286.747125,71.71237777777777,2019-08-27
1184.01,272.2045,60.67878333333333,2019-08-27
1185.01,297.45941666666664,34.82966666666667,2019-09-03
1186.01,251.63345833333332,65.71503611111112,2019-08-27
1187.01,162.89316666666664,81.322175,2019-08-27
1188.01,306.7308333333333,38.932269444444444,2019-09-03
1189.01,292.22324999999995,24.20118888888889,2019-09-03
119.01,99.23841666666665,-58.016152777777776,2019-05-07
119.02,99.23841666666665,-58.016152777777776,2019-05-17
1190.01,292.73412499999995,59.40385277777778,2019-08-27
1191.01,283.52670833333326,37.72001388888889,2019-08-27
1192.01,286.55004166666663,44.0808,2019-09-17
1193.01,301.410875,33.04920555555555,2019-09-03
1194.01,167.8215,69.964775,2019-08-27
1195.01,291.1204583333333,33.27370277777778,2019-09-03
1196.01,291.7077083333333,17.808736111111113,2019-09-03
1197.01,293.2683333333333,15.73613611111111,2019-09-03
1198.01,304.80004166666663,32.581044444444444,2019-09-03
1199.01,166.88066666666666,61.35257222222222,2019-08-27
120.01,4.447166666666666,-66.35892777777777,2018-09-05
1200.01,222.84141666666665,82.95225833333333,2019-08-27
1201.01,42.24770833333333,-14.537283333333333,2019-01-31
1202.01,210.42737499999998,-63.852644444444444,2019-08-26
1203.01,168.22674999999998,-34.40693611111111,2019-08-26
1204.01,169.119125,-60.567675,2019-08-26
1205.01,127.128,-74.95472777777778,2019-08-26
1206.01,180.32570833333332,-60.20043888888889,2019-08-26
1207.01,116.59433333333332,-64.05600833333332,2019-08-26
1208.01,30.508749999999992,-83.22796111111111,2019-08-26
1208.02,30.508749999999992,-83.22796111111111,2021-07-08
1208.03,30.508749999999992,-83.22796111111111,2022-04-20
1209.01,73.54191666666667,-70.37910833333332,2019-08-26
121.01,331.86749999999995,-41.81551111111111,2018-09-05
1210.01,66.22195833333333,-73.33351666666667,2019-08-26
1211.01,31.178916666666666,-73.12675833333333,2019-08-26
1212.01,87.87416666666665,-70.99180833333334,2019-08-26
1213.01,163.19883333333334,-67.38747222222223,2019-08-26
1214.01,285.04949999999997,-84.44818611111111,2019-08-26
1215.01,146.87583333333333,-77.29681666666667,2019-08-26
1216.01,87.71483333333332,-75.6885638888889,2019-08-26
1217.01,193.26054166666665,-44.099361111111115,2019-08-26
1218.01,71.48412499999999,-68.76180555555555,2019-08-26
1219.01,72.33254166666666,-67.36874444444443,2019-08-26
122.01,332.94825,-58.94608611111111,2018-09-05
1220.01,71.65079166666666,-78.56160555555556,2019-08-26
1221.01,107.92104166666665,-65.50885555555556,2019-08-26
1222.01,99.22479166666665,-63.07938333333334,2019-08-26
1223.01,117.21487499999999,-63.720125,2019-08-26
1224.01,37.19783333333333,-80.89910555555556,2019-08-26
1224.02,37.19783333333333,-80.89910555555556,2024-03-14
1225.01,97.16629166666665,-64.59643333333332,2019-08-26
1225.02,97.16629166666665,-64.59643333333332,2021-07-19
1226.01,103.75483333333334,-69.86713055555555,2019-08-26
1227.01,186.76737499999996,-72.45185000000001,2019-08-26
1228.01,107.84366666666666,-68.83334166666666,2019-08-26
1229.01,74.13037499999999,-74.92033333333333,2019-08-26
123.01,319.6995833333333,-26.616375,2018-09-05
1230.01,118.12958333333333,-83.82506388888889,2019-08-26
1231.01,156.74724999999998,-52.467872222222226,2019-08-26
1232.01,116.50141666666666,-61.87979444444444,2019-08-26
1233.01,186.5740833333333,-51.36305277777778,2019-08-26
1233.02,186.5740833333333,-51.36305277777778,2019-08-26
1233.03,186.5740833333333,-51.36305277777778,2019-08-26
1233.04,186.5740833333333,-51.36305277777778,2019-08-26
1234.01,290.57225,26.319494444444445,2019-10-17
1235.01,152.21824999999998,69.27661944444445,2019-10-17
1236.01,286.04087499999997,36.632536111111115,2019-10-17
1237.01,286.638375,39.48790277777778,2019-10-17
1237.02,286.638375,39.48790277777778,2022-06-02
1238.01,201.3823333333333,68.83606666666667,2019-10-17
1238.02,201.3823333333333,68.83606666666667,2019-11-15
1239.01,158.01129166666666,84.03037777777777,2019-10-17
124.01,66.582625,-67.80635277777778,2018-12-04
1240.01,286.1102916666666,43.68096111111111,2019-10-17
1241.01,289.73975,44.64734722222222,2019-10-17
1242.01,248.55329166666664,60.195927777777776,2019-10-17
1243.01,135.73262499999998,71.63641666666668,2019-10-17
1244.01,256.2795416666666,69.51909166666667,2019-10-17
1245.01,283.5355416666666,69.63353333333335,2019-10-17
1246.01,251.115875,70.42999166666667,2019-10-17
1246.02,251.115875,70.42999166666667,2019-10-17
1246.03,251.115875,70.42999166666667,2019-11-15
1246.04,251.115875,70.42999166666667,2020-07-16
1247.01,227.86787499999997,71.84129722222222,2019-10-17
1248.01,259.0235833333333,63.105608333333336,2019-10-17
1249.01,200.56158333333332,66.30853333333333,2019-10-17
125.01,23.593416666666663,-66.67635,2018-10-19
125.02,23.593416666666663,-66.67635,2018-10-19
125.03,23.593416666666663,-66.67635,2018-10-19
125.04,23.593416666666663,-66.67635,2025-06-05
1250.01,269.807375,64.14264444444446,2019-10-17
1251.01,273.52925,62.858244444444445,2019-10-17
1252.01,266.68608333333333,70.78450277777777,2019-10-17
1253.01,260.902875,64.86236388888888,2019-10-17
1254.01,239.2014583333333,65.8888388888889,2019-10-17
1255.01,296.244625,74.06285833333332,2019-10-17
1256.01,301.34637499999997,38.228325000000005,2019-10-17
1257.01,303.19541666666663,18.10477777777778,2019-10-17
1258.01,209.4843333333333,79.58332222222222,2019-10-17
1259.01,282.10016666666667,79.256475,2019-10-17
126.01,339.48929166666665,-35.154202777777776,2018-11-07
1260.01,157.14408333333333,65.85419722222221,2019-10-17
1260.02,157.14408333333333,65.85419722222221,2019-10-17
1260.03,157.14408333333333,65.85419722222221,2022-02-28
1261.01,268.0160833333333,53.7307,2019-10-17
1262.01,180.7265,74.06100833333333,2019-10-17
1263.01,309.35362499999997,22.654366666666665,2019-10-17
1264.01,287.2420833333333,57.344125000000005,2019-10-17
1265.01,292.2472083333333,47.96954166666667,2019-10-17
1266.01,197.99658333333332,65.83369722222221,2019-10-17
1266.02,197.99658333333332,65.83369722222221,2019-11-15
1267.01,287.70883333333336,47.33305,2019-10-17
1268.01,198.38858333333332,62.30538055555555,2019-10-17
1269.01,249.69662499999998,64.55918055555556,2019-10-17
1269.02,249.69662499999998,64.55918055555556,2020-02-26
127.01,15.551874999999999,-61.75613333333333,2018-11-14
1270.01,293.0325,74.89107222222223,2019-10-17
1271.01,203.50995833333332,53.728188888888894,2019-10-17
1272.01,199.19620833333332,49.86105833333333,2019-10-17
1273.01,214.12087499999998,58.390252777777775,2019-10-17
1274.01,254.81616666666665,65.7474388888889,2019-10-17
1275.01,320.20191666666665,28.05582777777778,2019-10-17
1276.01,302.669125,40.66862777777778,2019-10-17
1277.01,172.74779166666664,66.79653055555555,2019-10-17
1277.02,172.74779166666664,66.79653055555555,2019-11-15
1278.01,320.4784583333333,35.648625,2019-10-17
1279.01,185.062875,56.20140833333333,2019-10-17
128.01,79.52095833333331,-80.96438333333333,2018-09-05
1280.01,291.4653333333333,61.776152777777774,2019-10-17
1281.01,199.44262499999996,71.72105,2019-10-17
1282.01,314.26854166666664,31.66101944444444,2019-10-17
1283.01,324.53595833333327,30.48818888888889,2019-10-17
1284.01,311.5136666666666,56.86715,2019-10-17
1285.01,316.86724999999996,46.86537222222223,2019-10-17
1286.01,310.95362499999993,59.57662777777778,2019-10-17
1287.01,308.74762499999997,63.47493888888889,2019-10-17
1288.01,313.16704166666665,65.60878333333332,2019-10-17
1289.01,307.2109583333333,33.41395833333333,2019-10-17
129.01,0.18562499999999996,-54.830822222222224,2018-10-22
1290.01,291.0322916666666,49.040213888888886,2019-10-17
1291.01,245.81799999999998,62.92512222222222,2019-10-17
1292.01,253.1403333333333,57.97415,2019-10-17
1293.01,230.3100833333333,63.56528611111111,2019-10-17
1294.01,223.092625,70.47655833333333,2019-10-17
1295.01,256.6722083333333,67.87150277777778,2019-10-17
1296.01,256.770625,70.23848055555555,2019-10-17
1297.01,195.82112499999997,67.8234361111111,2019-10-17
1298.01,241.32291666666663,70.19003888888889,2019-10-17
1299.01,286.747875,71.7136,2019-10-17
130.01,12.546791666666666,-83.74376666666667,2018-09-05
1300.01,216.52383333333333,59.44427222222222,2019-10-17
1301.01,275.86254166666663,71.58174722222222,2019-10-17
1301.02,275.86254166666663,71.58174722222222,2022-11-16
1302.01,264.3789583333333,73.26119444444444,2019-10-17
1303.01,301.7176666666667,45.499227777777776,2019-10-17
1304.01,303.07295833333325,44.49587777777778,2019-10-17
1305.01,282.4745416666666,55.26638888888889,2019-10-17
1306.01,277.476875,61.049499999999995,2019-10-17
1307.01,283.63749999999993,59.763194444444444,2019-10-17
1308.01,306.4258333333333,53.561616666666666,2019-10-17
1309.01,292.50516666666664,54.10850277777778,2019-10-17
131.01,353.8287083333333,-64.56191666666666,2018-09-05
1310.01,300.838625,53.29561944444444,2019-10-17
1311.01,294.72274999999996,41.565155555555556,2019-10-17
1312.01,301.56262499999997,52.164180555555554,2019-10-17
1313.01,303.8248333333333,36.651805555555555,2019-10-17
1314.01,317.74791666666664,43.55189444444444,2019-10-17
1315.01,318.2351666666666,46.26809166666666,2019-10-17
1316.01,307.0166666666666,39.87713055555555,2019-10-17
1317.01,316.81387499999994,40.16717222222222,2019-10-17
1318.01,318.72462499999995,38.094233333333335,2019-10-17
1319.01,318.627125,40.01701666666666,2019-10-17
132.01,338.39966666666663,-43.43687222222222,2018-09-05
1320.01,319.325,38.10485555555556,2019-10-17
1321.01,313.53645833333326,37.78935555555555,2019-10-17
1322.01,323.52737499999995,46.931774999999995,2019-10-17
1323.01,329.3850833333333,41.44950833333333,2019-10-17
1324.01,321.0237916666666,46.38467222222222,2019-10-17
1325.01,322.9265833333333,41.797463888888885,2019-10-17
1326.01,323.20683333333335,39.07219722222222,2019-10-17
1327.01,303.2952083333333,36.72548611111111,2019-10-17
1328.01,315.110375,46.06044722222222,2019-10-17
1329.01,327.48004166666664,44.080061111111114,2019-10-17
133.01,354.39737499999995,-58.95507777777778,2018-09-05
1330.01,315.54091666666665,45.77574166666667,2019-10-17
1331.01,323.54862499999996,50.48144444444445,2019-10-17
1332.01,323.550375,50.48186666666667,2019-10-17
1333.01,325.0145416666666,48.40676666666666,2019-10-17
1334.01,302.2200833333333,38.245222222222225,2019-10-17
1335.01,301.56466666666665,35.58839444444445,2019-10-17
1336.01,303.0173333333333,35.52462777777777,2019-10-17
1337.01,227.2703333333333,-42.70496666666667,2019-10-29
1338.01,92.13308333333333,-59.54098611111111,2019-10-29
1339.01,302.02562499999993,66.85029999999999,2019-10-30
1339.02,302.02562499999993,66.85029999999999,2019-10-30
1339.03,302.02562499999993,66.85029999999999,2019-11-15
134.01,350.0285833333333,-60.065730555555554,2018-09-05
1340.01,260.3647916666667,65.01228055555555,2019-10-30
1341.01,301.55924999999996,59.490769444444446,2019-10-30
1342.01,300.48837499999996,60.24636666666667,2019-10-30
1343.01,317.57545833333336,48.464283333333334,2019-10-30
1344.01,264.9615416666666,56.078975,2019-10-30
1345.01,238.03179166666663,74.40674166666668,2019-10-30
1346.01,256.62266666666665,68.84330277777778,2019-10-30
1346.02,256.62266666666665,68.84330277777778,2020-02-21
1347.01,280.32666666666665,70.29005277777777,2019-10-30
1347.02,280.32666666666665,70.29005277777777,2020-07-16
1348.01,282.17337499999996,70.84019166666666,2019-10-30
1349.01,231.16212499999997,67.46475000000001,2019-10-30
135.01,7.328916666666665,-76.30403333333334,2018-09-05
1350.01,305.3951666666667,56.46265555555556,2019-10-30
1351.01,286.74654166666664,71.71219444444445,2019-10-30
1352.01,334.73854166666666,61.14898888888889,2019-10-30
1353.01,313.88516666666663,46.50208611111111,2019-10-30
1354.01,312.17995833333333,51.91069722222222,2019-10-30
1355.01,331.3076249999999,66.77529722222222,2019-10-30
1356.01,311.1945833333333,54.502161111111114,2019-10-30
1357.01,316.95579166666664,50.500883333333334,2019-10-30
1358.01,320.11612499999995,61.12025,2019-10-30
1359.01,310.0380416666667,50.32374166666667,2019-10-30
136.01,340.4962083333333,-69.17210833333334,2018-09-05
1360.01,315.1662083333333,47.78599166666667,2019-10-30
1361.01,320.82949999999994,52.814699999999995,2019-10-30
1362.01,335.3008333333333,59.56081388888889,2019-10-30
1363.01,291.46912499999996,61.776069444444445,2019-10-30
1364.01,293.4435833333333,53.46452777777778,2019-10-30
1365.01,317.7291666666667,72.61535555555555,2019-10-30
1366.01,337.68683333333325,40.00376388888889,2019-10-30
1367.01,343.953625,39.64511666666667,2019-10-30
1368.01,317.9661249999999,43.592850000000006,2019-10-30
1369.01,345.2438333333333,42.54931666666666,2019-10-30
137.01,101.2975,-66.23832777777778,2018-09-05
1370.01,345.7484583333333,44.56484722222222,2019-10-30
1371.01,331.11770833333327,31.018766666666664,2019-10-30
1372.01,335.75358333333327,30.572725,2019-10-30
1373.01,354.7740833333333,42.465986111111114,2019-10-30
1374.01,324.92249999999996,46.220216666666666,2019-10-30
1375.01,324.9355416666666,41.95079444444445,2019-10-30
1376.01,325.78712499999995,45.64680555555555,2019-10-30
1377.01,326.30520833333327,45.81254722222222,2019-10-30
1378.01,339.7855416666666,49.426561111111106,2019-10-30
1379.01,344.35979166666664,53.14083611111111,2019-10-30
138.01,328.926,-61.67325833333333,2018-09-05
1380.01,316.44633333333326,46.845150000000004,2019-10-30
1381.01,318.7849583333333,44.899677777777775,2019-10-30
1382.01,329.05345833333325,55.74097777777778,2019-10-30
1383.01,347.75754166666667,45.93368888888889,2019-10-30
1384.01,331.6634583333333,55.686255555555555,2019-10-30
1385.01,333.2450416666666,53.984519444444445,2019-10-30
1386.01,334.5040833333333,54.31904444444445,2019-10-30
1387.01,341.5187083333333,55.162933333333335,2019-10-30
1388.01,344.44537499999996,38.67491944444444,2019-10-30
1389.01,333.1319583333333,31.36466666666667,2019-10-30
139.01,336.4024166666666,-34.90971388888889,2018-09-05
1390.01,323.864625,51.32357777777778,2019-10-30
1391.01,343.6350416666666,54.16181388888889,2019-10-30
1392.01,322.8921249999999,50.32071388888889,2019-10-30
1393.01,333.17124999999993,52.90088611111111,2019-10-30
1394.01,340.39579166666664,51.96528611111111,2019-10-30
1395.01,321.28320833333333,40.88782222222222,2019-10-30
1396.01,337.83408333333324,53.796052777777774,2019-10-30
1397.01,338.4529583333333,57.563538888888885,2019-10-30
1398.01,341.3862916666666,48.16155555555555,2019-10-30
1399.01,341.97091666666665,49.91807222222222,2019-10-30
140.01,330.3017916666666,-49.06007777777778,2018-09-05
1400.01,287.02508333333327,66.29069722222222,2019-10-30
1401.01,291.41183333333333,69.11298055555555,2019-10-30
1402.01,291.88025,68.01469444444444,2019-10-30
1403.01,332.28708333333327,57.93897222222222,2019-10-30
1404.01,292.1960833333333,58.61476388888889,2019-10-30
1404.02,292.1960833333333,58.61476388888889,2022-02-28
1405.01,315.669125,70.0803,2019-10-30
1406.01,82.12795833333332,-48.40906666666667,2019-10-31
1407.01,336.576125,-18.01166388888889,2019-10-31
1408.01,313.5110416666666,72.58064444444445,2019-11-06
1408.02,313.5110416666666,72.58064444444445,2024-09-24
1409.01,339.81591666666657,33.88945833333333,2019-11-06
141.01,338.98370833333325,-59.864827777777776,2018-09-05
1410.01,334.8828333333333,42.560313888888885,2019-11-06
1411.01,232.94604166666664,47.05555,2019-11-06
1412.01,233.0658333333333,47.86074722222222,2019-11-06
1413.01,333.2531666666666,37.627575,2019-11-06
1414.01,351.5797083333333,38.55293888888889,2019-11-06
1415.01,219.03704166666665,42.378458333333334,2019-11-06
1416.01,216.92349999999996,41.952986111111116,2019-11-06
1417.01,335.8252916666666,35.03491944444444,2019-11-06
1418.01,254.95858333333334,58.462633333333336,2019-11-06
1419.01,206.09399999999997,48.02856388888889,2019-11-06
142.01,4.605874999999999,-62.847875,2018-11-14
1420.01,322.94179166666663,66.34900555555555,2019-11-06
1421.01,332.63041666666663,57.28243611111111,2019-11-06
1422.01,354.24083333333334,39.63928055555556,2019-11-06
1422.02,354.24083333333334,39.63928055555556,2026-08-27
1423.01,344.6096666666666,39.65871111111111,2019-11-06
1424.01,344.90725,36.51766666666666,2019-11-06
1425.01,329.09137499999997,68.99803333333334,2019-11-12
1426.01,339.03341666666665,37.84104166666667,2019-11-12
1427.01,346.5174583333333,43.898633333333336,2019-11-12
1428.01,287.0501666666666,55.303691666666666,2019-11-12
1429.01,295.10108333333335,40.98672222222223,2019-11-14
143.01,328.76775,-22.6126,2018-09-05
1430.01,300.6154583333333,53.37744166666667,2019-11-14
1431.01,316.2037083333333,55.58802222222222,2019-11-14
1432.01,329.4017916666666,36.321402777777784,2019-11-14
1433.01,305.53824999999995,36.06478333333333,2019-11-14
1434.01,176.38058333333333,65.5413138888889,2019-11-14
1435.01,203.5379583333333,67.62123055555556,2019-11-14
1436.01,215.60216666666665,55.33425833333334,2019-11-14
1437.01,256.13875,56.84255,2019-11-14
1438.01,280.9237916666666,74.93783333333333,2019-11-14
1438.02,280.9237916666666,74.93783333333333,2020-02-21
1439.01,241.76391666666666,67.87764166666666,2019-11-14
144.01,84.29929166666668,-80.46460277777778,2019-05-07
1440.01,283.79454166666665,64.53136944444444,2019-11-14
1440.02,283.79454166666665,64.53136944444444,2020-09-23
1441.01,305.41291666666666,58.14082777777778,2019-11-14
1442.01,287.29208333333327,74.17427500000001,2019-11-14
1443.01,297.39866666666666,76.13917777777779,2019-11-14
1444.01,305.4749166666666,70.94370555555555,2019-11-14
1445.01,292.76775,71.49735833333334,2019-11-14
1445.02,292.76775,71.49735833333334,2020-07-16
1446.01,302.0014583333333,51.36179444444445,2019-11-14
1446.02,302.0014583333333,51.36179444444445,2023-03-02
1447.01,201.3368333333333,75.9827138888889,2019-11-14
1448.01,316.32399999999996,57.771094444444444,2019-11-14
1449.01,300.70866666666666,39.66837222222222,2019-11-14
1449.02,300.70866666666666,39.66837222222222,2019-11-14
145.01,333.1747083333333,-55.97880277777778,2018-09-05
1450.01,286.85408333333334,59.086625000000005,2019-11-14
1451.01,186.52429166666664,61.25892777777778,2019-11-14
1452.01,290.17395833333325,73.19510833333334,2019-11-14
1453.01,258.22324999999995,57.19777777777777,2019-11-14
1453.02,258.22324999999995,57.19777777777777,2020-02-21
1454.01,300.84229166666665,53.294180555555556,2019-11-18
1455.01,308.6702916666666,66.44038333333334,2019-11-21
1456.01,306.74112499999995,33.74438888888889,2019-11-21
1457.01,354.8366666666666,45.71985,2019-12-05
1458.01,9.573041666666665,42.463097222222224,2019-12-05
1459.01,19.36179166666666,26.74595,2019-12-05
146.01,358.30204166666664,-56.01325277777778,2018-09-05
1460.01,20.610624999999995,26.92572777777778,2019-12-05
1461.01,22.236375,35.86485277777778,2019-12-05
1462.01,261.3495833333333,52.79047222222222,2019-12-05
1463.01,7.053916666666666,42.061344444444444,2019-12-05
1464.01,288.3849583333333,62.203125,2019-12-05
1465.01,303.3818749999999,65.16233055555556,2019-12-05
1466.01,307.3965416666666,61.550725,2019-12-05
1467.01,19.114624999999997,49.23313888888889,2019-12-05
1468.01,16.653875,19.224919444444442,2019-12-05
1468.02,16.653875,19.224919444444442,2019-12-05
1469.01,348.33720833333325,57.169624999999996,2019-12-05
1469.02,348.33720833333325,57.169624999999996,2019-12-05
147.01,73.64145833333333,-57.51345277777778,2018-09-05
1470.01,10.089124999999997,61.21338611111111,2019-12-05
1471.01,30.904999999999998,21.281327777777776,2019-12-05
1471.02,30.904999999999998,21.281327777777776,2022-03-24
1471.03,30.904999999999998,21.281327777777776,2026-08-27
1471.04,30.904999999999998,21.281327777777776,2026-08-27
1472.01,14.114249999999998,48.63751666666666,2019-12-05
1473.01,15.598125,37.18543888888888,2019-12-05
1474.01,349.2890833333333,70.19057500000001,2019-12-05
1475.01,357.00129166666665,49.79053333333333,2019-12-05
1476.01,0.3620833333333333,39.38379444444445,2019-12-05
1477.01,9.45875,51.288777777777774,2019-12-05
1478.01,126.43374999999997,-13.559547222222223,2019-12-05
1479.01,288.8180833333333,57.76056944444444,2019-12-05
148.01,338.32079166666665,-38.15982777777778,2018-09-05
1480.01,332.61362499999996,63.550549999999994,2019-12-05
1481.01,336.7050833333333,52.22784166666667,2019-12-05
1482.01,345.9948749999999,52.56269444444444,2019-12-05
1483.01,338.4350416666666,52.63633611111111,2019-12-05
1484.01,343.15620833333327,48.55001111111111,2019-12-05
1485.01,285.937125,59.164075,2019-12-05
1486.01,281.197875,62.68564444444444,2019-12-05
1487.01,255.5654166666667,64.60089166666666,2019-12-05
1488.01,261.9210416666666,57.510558333333336,2019-12-05
1489.01,261.1998333333333,61.42352222222222,2019-12-05
149.01,76.63516666666666,-80.76800833333333,2018-09-05
1490.01,13.017666666666667,36.39301388888889,2019-12-05
1491.01,14.65295833333333,34.148041666666664,2019-12-05
1492.01,1.8877916666666665,32.437530555555554,2019-12-05
1493.01,17.474749999999997,25.68165,2019-12-05
1494.01,18.995291666666667,21.616905555555554,2019-12-05
1495.01,334.9812916666666,53.66249722222222,2019-12-05
1496.01,327.2759583333333,53.29376666666666,2019-12-05
1497.01,343.23320833333327,59.850950000000005,2019-12-05
1498.01,321.97349999999994,54.519816666666664,2019-12-05
1499.01,336.87266666666665,59.433788888888884,2019-12-05
150.01,112.96541666666666,-73.60603611111111,2018-09-05
1500.01,341.96475,60.17363333333333,2019-12-05
1501.01,332.71258333333327,59.650552777777776,2019-12-05
1502.01,328.21591666666666,60.56915555555556,2019-12-05
1503.01,339.12037499999997,52.11571388888889,2019-12-05
1504.01,331.56991666666664,52.70191666666667,2019-12-05
1505.01,326.0915,58.551566666666666,2019-12-05
1506.01,338.7965416666666,55.031025,2019-12-05
1507.01,333.6697083333333,53.239555555555555,2019-12-05
1508.01,339.14433333333335,58.27606111111111,2019-12-05
1509.01,356.58883333333324,60.487025,2019-12-05
151.01,83.34912499999999,-58.74509166666667,2018-09-05
1510.01,348.5742083333333,65.95797222222222,2019-12-05
1511.01,340.35224999999997,69.07444722222222,2019-12-05
1512.01,345.48808333333324,64.0673361111111,2019-12-05
1513.01,350.37379166666665,60.17563611111111,2019-12-05
1514.01,351.64841666666666,64.3047,2019-12-05
1515.01,357.3680833333333,61.68281944444444,2019-12-05
1516.01,340.08462499999996,69.50373055555555,2019-12-05
1517.01,340.03658333333334,65.43972777777778,2019-12-05
1518.01,352.2675,67.03480555555555,2019-12-05
1519.01,355.41666666666663,62.92148611111111,2019-12-05
152.01,332.35749999999996,-62.33445277777778,2018-09-05
1520.01,350.23274999999995,62.16118055555555,2019-12-05
1521.01,356.7705833333333,69.04952222222222,2019-12-05
1522.01,314.26904166666657,78.67491666666668,2019-12-05
1523.01,311.23654166666665,69.15180833333334,2019-12-05
1524.01,319.14495833333325,58.77280833333333,2019-12-05
1525.01,308.06579166666666,58.328900000000004,2019-12-05
1526.01,318.34758333333326,56.94373333333333,2019-12-05
1527.01,5.965458333333333,51.468291666666666,2019-12-05
1528.01,13.222041666666666,60.89168611111111,2019-12-05
1529.01,11.042791666666664,59.46449722222223,2019-12-05
153.01,68.07379166666665,-66.9163,2018-09-05
1530.01,12.881416666666665,55.710925,2019-12-05
1531.01,13.597333333333331,54.52800833333333,2019-12-05
1532.01,4.736249999999999,57.20062777777778,2019-12-05
1533.01,355.2467083333333,57.48524166666667,2019-12-05
1533.02,355.2467083333333,57.48524166666667,2023-03-23
1534.01,6.074666666666666,57.88171944444444,2019-12-05
1535.01,10.962708333333332,61.835625,2019-12-05
1536.01,11.302416666666666,56.070058333333336,2019-12-05
1537.01,348.58145833333333,44.50875833333333,2019-12-05
1538.01,356.9957083333333,47.6556,2019-12-05
1539.01,346.51825,52.787013888888886,2019-12-05
154.01,313.26145833333334,-38.59492222222222,2018-09-05
1540.01,349.718625,56.00859722222222,2019-12-05
1541.01,350.1088333333333,55.52411111111111,2019-12-05
1542.01,348.87491666666665,46.57602222222223,2019-12-05
1543.01,357.6740416666666,50.35496111111111,2019-12-05
1544.01,346.34737499999994,46.90311666666666,2019-12-05
1545.01,6.030625,40.16556944444444,2019-12-05
1546.01,1.196833333333333,41.59388055555556,2019-12-05
1547.01,355.451875,37.186566666666664,2019-12-05
1548.01,4.358499999999999,42.282202777777776,2019-12-05
1549.01,8.304375,46.34030555555556,2019-12-05
155.01,321.1149999999999,-37.85018055555555,2018-09-05
1550.01,21.73620833333333,49.38865277777778,2019-12-05
1551.01,19.700374999999998,41.50611111111111,2019-12-05
1552.01,22.972958333333327,46.399825,2019-12-05
1553.01,24.690499999999997,42.67773888888889,2019-12-05
1554.01,289.2262916666666,49.54828055555555,2019-12-06
1555.01,257.87674999999996,72.13555555555556,2019-12-19
1556.01,324.71441666666664,65.03917222222222,2019-12-19
1557.01,8.163583333333332,54.65459444444444,2019-12-19
1558.01,48.35224999999999,49.78375833333333,2019-12-19
1559.01,20.717416666666665,48.95536388888889,2019-12-19
156.01,41.46758333333333,-64.3206861111111,2018-09-05
1560.01,29.032874999999997,52.585483333333336,2019-12-19
1561.01,38.82170833333333,55.70321666666667,2019-12-19
1562.01,38.12299999999999,52.70409166666667,2019-12-19
1563.01,38.81020833333333,48.27376388888889,2019-12-19
1564.01,33.50525,53.12150833333333,2019-12-19
1565.01,44.72024999999999,58.73524444444445,2019-12-19
1566.01,15.6065,60.715522222222226,2019-12-19
1567.01,50.34587499999999,52.69211111111111,2019-12-19
1568.01,8.989875,65.02603611111111,2019-12-19
1569.01,43.61066666666666,52.07103055555556,2019-12-19
157.01,73.70145833333333,-76.68060555555556,2018-09-05
1570.01,53.19629166666665,51.884502777777776,2019-12-19
1571.01,53.09895833333332,50.49904166666667,2019-12-19
1572.01,31.90220833333333,45.50015555555556,2019-12-19
1573.01,42.43662499999999,71.75308888888888,2019-12-19
1574.01,14.640125,50.93642777777777,2019-12-19
1575.01,51.98883333333333,54.86561666666667,2019-12-19
1576.01,23.466874999999998,45.010327777777775,2019-12-19
1577.01,19.278624999999998,57.51423055555556,2019-12-19
1578.01,34.37695833333333,56.42148888888889,2019-12-19
1579.01,27.738041666666668,48.35231666666667,2019-12-19
158.01,333.57870833333334,-55.37898055555556,2018-09-05
1580.01,28.28258333333333,52.05392222222222,2019-12-19
1581.01,28.163541666666664,55.18596944444444,2019-12-19
1582.01,34.697874999999996,64.35638333333333,2019-12-19
1583.01,4.2493333333333325,58.679252777777776,2019-12-19
1584.01,6.5194166666666655,63.319411111111116,2019-12-19
1585.01,6.308916666666666,62.54311388888889,2019-12-19
1586.01,11.234166666666665,58.71205833333334,2019-12-19
1587.01,48.42341666666666,61.907830555555556,2019-12-19
1588.01,39.89108333333333,62.433305555555556,2019-12-19
1589.01,14.119499999999999,65.6790388888889,2019-12-19
159.01,51.78225,-78.54983055555556,2018-09-05
1590.01,26.299416666666666,54.56844166666667,2019-12-19
1591.01,48.75316666666666,60.238194444444446,2019-12-19
1592.01,45.08845833333333,39.06826666666667,2019-12-19
1593.01,45.598375,43.18380277777777,2019-12-19
1594.01,56.14333333333333,41.06435,2019-12-19
1595.01,50.80808333333333,46.682113888888885,2019-12-19
1596.01,56.222541666666665,45.50718888888889,2019-12-19
1597.01,44.40179166666666,40.01670277777777,2019-12-19
1598.01,28.66033333333333,37.00504166666666,2019-12-19
1599.01,36.71275,37.550444444444445,2019-12-19
160.01,337.5008333333333,-31.924355555555557,2018-09-05
1600.01,34.55595833333332,38.478825,2019-12-19
1601.01,38.36158333333332,41.01343333333333,2019-12-19
1602.01,37.132416666666664,40.89125277777778,2019-12-19
1603.01,38.30808333333333,30.36045277777778,2019-12-19
1604.01,34.195874999999994,29.57047222222222,2019-12-19
1605.01,54.48087499999999,33.07989722222223,2019-12-19
1606.01,56.66029166666666,27.47152222222222,2019-12-19
1607.01,56.81433333333332,30.149497222222223,2019-12-19
1608.01,50.80116666666666,33.078133333333334,2019-12-19
1609.01,288.67541666666665,60.67094722222222,2019-12-19
161.01,46.68654166666666,-82.31636944444445,2018-09-05
1610.01,263.54341666666664,61.12147222222222,2019-12-19
1611.01,325.201625,84.3337611111111,2019-12-19
1612.01,277.47808333333336,85.23331944444445,2019-12-19
1613.01,356.3185833333333,62.1427,2019-12-19
1614.01,349.7963333333333,75.01786388888888,2019-12-19
1615.01,351.1747083333333,77.62711388888889,2019-12-19
1616.01,323.8701666666666,68.98730555555555,2019-12-19
1617.01,325.32504166666666,68.80720277777777,2019-12-19
1618.01,340.9096666666666,69.09192777777777,2019-12-19
1619.01,342.44391666666667,68.25106944444444,2019-12-19
162.01,317.63991666666664,-23.30581666666667,2018-09-05
1620.01,358.213625,61.360258333333334,2019-12-19
1621.01,309.3488333333333,70.95408888888889,2019-12-19
1622.01,318.0497916666666,68.05246944444444,2019-12-19
1623.01,5.420666666666666,77.88006944444444,2019-12-19
1624.01,3.0217916666666667,66.65052222222222,2019-12-19
1625.01,359.7411666666666,61.554088888888884,2019-12-19
1626.01,279.2624583333333,40.01869166666667,2020-01-14
1627.01,274.70125,45.172219444444444,2020-01-14
1628.01,291.16237499999994,55.47302777777778,2020-01-14
1629.01,224.87287499999996,46.960100000000004,2020-01-14
163.01,79.76825,-71.89552777777779,2018-09-05
1630.01,352.0166666666666,75.55260555555556,2020-01-14
1631.01,50.91645833333333,25.047936111111113,2020-01-14
1632.01,42.15520833333333,62.18925833333333,2020-01-14
1633.01,266.76733333333334,57.22666111111111,2020-01-14
1634.01,56.39062499999999,37.11228055555556,2020-01-14
1635.01,246.6240833333333,66.144225,2020-01-14
1636.01,44.29295833333333,33.31265555555555,2020-01-14
1637.01,37.893249999999995,34.368925,2020-01-14
1638.01,15.321541666666663,55.69801111111111,2020-01-14
1639.01,35.80733333333333,56.570013888888894,2020-01-14
164.01,320.05429166666664,-51.30997222222222,2018-09-05
1640.01,44.338874999999994,76.55140555555555,2020-01-14
1641.01,40.24558333333332,42.87124722222222,2020-01-14
1642.01,288.04949999999997,63.65706111111111,2020-01-14
1643.01,272.26424999999995,53.21772777777778,2020-01-24
1644.01,39.006541666666664,25.58846111111111,2020-01-24
1645.01,32.294124999999994,40.401941666666666,2020-01-24
1646.01,312.3270833333333,70.79660555555556,2020-01-24
1647.01,207.8742083333333,84.07161388888889,2020-01-29
1648.01,45.40116666666666,69.22992222222223,2020-01-29
1649.01,85.66320833333333,35.18570833333333,2020-01-29
165.01,88.88620833333333,-57.29074444444444,2018-11-30
1650.01,76.85129166666665,36.27508611111111,2020-01-29
1651.01,94.79295833333332,73.82756666666667,2020-01-29
1652.01,188.35470833333332,84.67895555555556,2020-01-29
1653.01,72.03183333333332,39.96693611111111,2020-01-29
1654.01,287.66654166666666,66.76808333333334,2020-01-29
1655.01,61.17224999999999,52.256991666666664,2020-01-29
1656.01,63.23,53.68705,2020-01-29
1657.01,66.370125,46.36590277777778,2020-01-29
1658.01,65.87620833333332,35.495108333333334,2020-01-29
1659.01,277.92520833333333,82.30595,2020-01-29
1659.02,277.92520833333333,82.30595,2022-07-28
166.01,323.1960833333333,-44.01803611111111,2018-09-05
1660.01,85.58129166666666,49.51345277777778,2020-01-29
1661.01,88.47595833333332,30.446041666666666,2020-01-29
1662.01,93.31891666666667,63.68500833333333,2020-01-29
1663.01,89.93483333333332,33.506969444444444,2020-01-29
1664.01,276.93787499999996,55.75575277777778,2020-01-29
1665.01,88.36904166666665,37.33941111111111,2020-01-29
1666.01,89.42016666666666,36.76580555555555,2020-01-29
1667.01,81.80783333333333,38.59745277777778,2020-01-29
1668.01,348.60754166666663,76.93431944444445,2020-01-29
1669.01,45.95645833333332,83.58742777777778,2020-01-29
167.01,90.66249999999998,-64.81948333333332,2018-09-05
1670.01,259.01724999999993,72.16118055555556,2020-01-29
1670.02,259.01724999999993,72.16118055555556,2020-07-16
1670.03,259.01724999999993,72.16118055555556,2022-02-28
1671.01,130.96937499999999,86.22839722222223,2020-01-29
1672.01,91.87204166666665,66.8577,2020-01-29
1673.01,64.64849999999998,52.865033333333336,2020-01-29
1674.01,61.72158333333333,58.46545277777778,2020-01-29
1675.01,47.80662499999999,61.76238611111111,2020-01-29
1676.01,65.46958333333333,57.81720833333333,2020-01-29
1677.01,58.48658333333332,58.9683,2020-01-29
1678.01,73.03479166666666,30.28038611111111,2020-01-29
1679.01,70.54858333333333,54.29205833333333,2020-01-29
168.01,311.64358333333325,-37.90439722222222,2018-09-05
1680.01,292.31395833333335,65.97380277777778,2020-01-30
1681.01,81.67104166666665,56.963613888888894,2020-01-30
1682.01,78.29558333333333,33.31795277777778,2020-01-30
1683.01,65.97966666666666,27.822369444444444,2020-01-30
1684.01,65.34608333333331,62.24520555555556,2020-01-30
1685.01,68.59395833333333,43.03703888888889,2020-01-30
1686.01,61.731124999999984,66.11959999999999,2020-01-30
1687.01,66.835,73.02368888888888,2020-01-30
1688.01,75.79783333333332,41.785783333333335,2020-01-30
1689.01,257.7850833333333,56.658899999999996,2020-01-30
169.01,16.778708333333334,-75.19894444444445,2018-09-05
1690.01,284.4156666666666,53.509025,2020-01-30
1691.01,272.40412499999996,86.86034166666666,2020-01-30
1692.01,279.46437499999996,78.6111111111111,2020-01-30
1692.02,279.46437499999996,78.6111111111111,2020-09-11
1693.01,90.30833333333332,34.773091666666666,2020-01-30
1694.01,97.74870833333333,66.36059444444444,2020-01-30
1695.01,21.921749999999996,72.29661388888888,2020-01-30
1696.01,65.28066666666666,48.81983055555556,2020-01-30
1697.01,290.10887499999995,61.08544722222222,2020-01-30
1698.01,98.50295833333331,41.90078333333333,2020-02-19
1699.01,125.18875,46.203605555555555,2020-02-19
170.01,54.98958333333332,-83.08851666666666,2018-09-05
1700.01,126.08862500000001,42.104736111111116,2020-02-19
1701.01,99.89820833333332,42.13133888888889,2020-02-19
1702.01,111.55933333333333,32.383825,2020-02-19
1703.01,113.87437499999999,49.47806666666667,2020-02-19
1704.01,114.93287499999998,28.120147222222222,2020-02-19
1705.01,132.635,82.92711944444444,2020-02-19
1706.01,285.2055833333333,60.233672222222225,2020-02-19
1706.02,285.2055833333333,60.233672222222225,2020-09-23
1707.01,101.38216666666665,31.465533333333333,2020-02-19
1708.01,116.10729166666665,43.009077777777776,2020-02-19
1709.01,118.62983333333332,45.80784166666666,2020-02-19
171.01,124.26941666666664,-63.21340277777778,2019-06-11
171.02,124.26941666666664,-63.21340277777778,2019-06-11
1710.01,94.28383333333332,76.21101944444445,2020-02-19
1711.01,124.44666666666666,51.01036944444444,2020-02-19
1712.01,127.94570833333334,44.83231388888889,2020-02-19
1713.01,100.52058333333332,39.84290277777778,2020-02-19
1714.01,113.18424999999999,33.83502222222222,2020-02-19
1715.01,79.0735,79.73772777777778,2020-02-19
1716.01,105.08333333333331,56.824194444444444,2020-02-19
1717.01,104.62854166666665,67.67733611111112,2020-02-19
1718.01,112.01804166666665,30.321733333333334,2020-02-19
1719.01,135.2974583333333,55.85993888888889,2020-02-19
172.01,316.631875,-26.692866666666667,2018-09-05
1720.01,117.02674999999998,50.225147222222226,2020-02-19
1721.01,110.38804166666664,58.26810833333333,2020-02-19
1722.01,114.34520833333332,61.153925,2020-02-19
1723.01,116.79720833333332,68.47668333333334,2020-02-19
1724.01,127.03258333333332,56.427527777777776,2020-02-19
1725.01,97.636625,29.67226666666667,2020-02-19
1726.01,117.47937499999998,27.363133333333334,2020-02-19
1726.02,117.47937499999998,27.363133333333334,2020-02-20
1727.01,93.55854166666666,53.135925,2020-02-19
1728.01,120.61166666666666,64.79715277777778,2020-02-19
1729.01,278.3999166666666,58.20552777777778,2020-02-19
173.01,33.45883333333333,-80.58271111111111,2018-08-30
173.02,33.45883333333333,-80.58271111111111,2024-05-30
1730.01,107.86583333333333,48.327933333333334,2020-02-19
1730.02,107.86583333333333,48.327933333333334,2020-02-19
1730.03,107.86583333333333,48.327933333333334,2022-03-01
1731.01,110.16849999999998,37.140594444444446,2020-02-19
1732.01,111.80145833333331,53.04526944444444,2020-02-19
1733.01,118.88175,54.5966,2020-02-20
1734.01,254.5032916666666,57.30526388888889,2020-02-27
1735.01,313.33916666666664,64.22916666666667,2020-02-27
1736.01,43.434458333333325,69.10134444444444,2020-02-27
1737.01,248.25324999999998,72.92553333333333,2020-02-27
1738.01,54.50216666666666,50.95511388888889,2020-02-27
1739.01,240.17249999999999,83.25865833333333,2020-02-27
174.01,55.459041666666664,-62.767266666666664,2019-05-07
174.02,55.459041666666664,-62.767266666666664,2019-05-17
174.03,55.459041666666664,-62.767266666666664,2019-05-17
174.04,55.459041666666664,-62.767266666666664,2019-05-17
174.05,55.459041666666664,-62.767266666666664,2021-10-21
1740.01,351.018,43.376669444444445,2020-02-27
1741.01,247.0434583333333,63.499097222222225,2020-02-27
1742.01,257.328875,71.87667222222221,2020-02-27
1743.01,257.74733333333336,71.87220277777777,2020-02-27
1744.01,294.2910833333333,60.881302777777776,2020-02-27
1745.01,281.13629166666664,54.9499,2020-02-27
1746.01,281.76770833333336,54.91068055555555,2020-02-27
1746.02,281.76770833333336,54.91068055555555,2022-02-28
1747.01,270.8060416666666,60.67519166666666,2020-02-27
1748.01,270.73929166666665,60.41763888888889,2020-02-27
1749.01,282.7372083333333,64.41946666666666,2020-02-27
1749.02,282.7372083333333,64.41946666666666,2020-02-27
1749.03,282.7372083333333,64.41946666666666,2023-03-23
175.01,124.53287499999999,-68.31446666666666,2019-05-07
175.02,124.53287499999999,-68.31446666666666,2019-05-07
175.03,124.53287499999999,-68.31446666666666,2019-05-07
1750.01,240.30195833333326,68.93730000000001,2020-02-27
1751.01,243.48883333333328,63.53353055555555,2020-02-27
1752.01,253.46149999999994,60.70961944444445,2020-02-27
1752.02,253.46149999999994,60.70961944444445,2022-02-28
1753.01,252.46983333333333,61.17357777777777,2020-02-27
1754.01,265.59429166666666,57.44776944444444,2020-02-27
1755.01,273.7817083333333,56.87810277777778,2020-02-27
1756.01,306.32879166666663,77.63641111111112,2020-02-27
1757.01,255.4007083333333,79.06712499999999,2020-02-27
1757.02,255.4007083333333,79.06712499999999,2023-03-23
1758.01,354.74158333333327,75.68523055555556,2020-02-27
1759.01,326.85166666666663,62.753816666666665,2020-02-27
1759.02,326.85166666666663,62.753816666666665,2026-08-27
176.01,115.00345833333333,-72.20567777777778,2019-05-07
1760.01,290.17395833333325,73.19599444444445,2020-02-27
1761.01,281.57762499999995,75.30336666666666,2020-02-27
1762.01,17.914999999999996,79.16549166666667,2020-02-27
1763.01,259.5641666666666,74.30272222222222,2020-02-27
1764.01,277.29299999999995,55.31310833333333,2020-02-27
1765.01,234.24179166666661,67.45257777777778,2020-03-12
1766.01,148.643125,40.38794444444444,2020-03-12
1767.01,140.10295833333333,33.882327777777775,2020-03-12
1768.01,152.10279166666666,55.53996111111111,2020-03-12
1769.01,144.00033333333332,51.60778333333334,2020-03-12
177.01,20.438416666666665,-46.71472222222223,2018-12-20
1770.01,141.3679583333333,50.908875,2020-03-12
1771.01,155.68145833333332,50.12871111111111,2020-03-12
1772.01,156.8377083333333,34.39095,2020-03-12
1772.02,156.8377083333333,34.39095,2022-03-24
1773.01,133.14683333333332,28.329816666666666,2020-03-12
1774.01,148.16191666666666,35.11100833333334,2020-03-12
1775.01,150.1150833333333,39.457750000000004,2020-03-12
1776.01,164.77729166666666,40.983719444444446,2020-03-12
1777.01,151.80704166666666,46.11488055555556,2020-03-12
1778.01,136.777625,46.672425,2020-03-12
1779.01,147.76854166666666,35.96855555555556,2020-03-12
178.01,7.302,-30.454116666666668,2018-11-03
178.02,7.302,-30.454116666666668,2018-11-03
178.03,7.302,-30.454116666666668,2018-11-03
178.04,7.302,-30.454116666666668,2021-11-18
178.05,7.302,-30.454116666666668,2025-06-05
1780.01,165.16720833333332,64.96384444444445,2020-03-12
1781.01,150.572625,53.950825,2020-03-12
1782.01,213.07879166666663,74.41179166666667,2020-03-12
1782.02,213.07879166666663,74.41179166666667,2020-07-16
1782.03,213.07879166666663,74.41179166666667,2022-02-28
1783.01,287.681,64.15366111111112,2020-03-12
1784.01,153.54966666666664,29.085525,2020-03-12
1785.01,285.7285416666667,63.94885,2020-03-12
1786.01,141.72108333333333,61.69899722222222,2020-03-12
1787.01,152.33045833333333,39.16241111111111,2020-03-12
1788.01,160.2292083333333,35.913352777777774,2020-03-12
1789.01,142.74341666666663,26.539994444444446,2020-03-12
179.01,44.26199999999999,-56.19186944444444,2018-12-20
1790.01,161.42779166666665,69.20078055555555,2020-03-12
1791.01,260.76287499999995,63.11074166666667,2020-03-12
1792.01,151.72004166666665,45.88332777777778,2020-03-12
1793.01,164.8563333333333,-56.623555555555555,2020-03-16
1794.01,203.39749999999998,49.06084444444444,2020-04-15
1795.01,184.36691666666664,19.839988888888886,2020-04-15
1796.01,175.55054166666665,26.703066666666665,2020-04-15
1797.01,162.77670833333332,25.641063888888887,2020-04-15
1797.02,162.77670833333332,25.641063888888887,2022-03-24
1798.01,211.09391666666664,46.519283333333334,2020-04-15
1798.02,211.09391666666664,46.519283333333334,2020-07-16
1799.01,167.23291666666663,34.303013888888884,2020-04-15
180.01,14.298624999999998,-67.4961888888889,2018-11-03
1800.01,171.27491666666666,41.028019444444446,2020-04-15
1801.01,175.5755833333333,23.027033333333332,2020-04-15
1802.01,164.2553333333333,24.88233888888889,2020-04-15
1803.01,178.046125,35.1718,2020-04-15
1803.02,178.046125,35.1718,2020-04-15
1804.01,172.171125,46.48046388888889,2020-04-15
1805.01,232.14049999999997,55.18531944444444,2020-04-15
1806.01,166.11816666666664,30.458575,2020-04-15
1806.02,166.11816666666664,30.458575,2022-11-16
1806.03,166.11816666666664,30.458575,2023-03-23
1807.01,201.28262499999997,38.92236666666666,2020-04-15
1808.01,171.59704166666666,28.05653611111111,2020-04-15
1809.01,183.36604166666663,23.05568611111111,2020-04-15
181.01,352.17254166666663,-34.49141111111111,2018-11-03
1810.01,188.2662083333333,44.915366666666664,2020-04-15
1811.01,188.922375,27.214377777777777,2020-04-15
1812.01,242.74787500000002,58.294552777777774,2020-04-17
1812.02,242.74787500000002,58.294552777777774,2020-07-16
1812.03,242.74787500000002,58.294552777777774,2020-04-17
1813.01,286.59299999999996,56.629311111111114,2020-04-17
1814.01,236.81687499999998,77.23264166666667,2020-04-17
1815.01,276.3792916666667,63.488102777777776,2020-04-17
1816.01,257.1394583333333,78.58705555555555,2020-04-17
1817.01,186.58187499999997,46.470825000000005,2020-04-17
1818.01,193.13116666666664,34.90102777777778,2020-04-17
1819.01,267.5202083333333,54.63612777777778,2020-04-17
182.01,353.294,-35.46399166666667,2018-11-03
1820.01,187.6867083333333,27.45200277777778,2020-04-17
1821.01,168.63766666666663,25.710597222222223,2020-04-17
1822.01,167.77783333333332,39.526672222222224,2020-04-17
1823.01,196.21970833333333,63.75326111111111,2020-04-17
1824.01,197.73120833333329,61.74485,2020-04-17
1825.01,280.6791666666666,66.30311111111111,2020-05-07
1826.01,292.45883333333336,62.52918888888889,2020-05-07
1827.01,191.98154166666663,9.749419444444444,2020-05-07
1828.01,241.56224999999998,69.62180277777777,2020-05-07
1829.01,290.87741666666665,78.75421666666666,2020-05-07
183.01,21.650291666666664,-72.748875,2018-11-03
1830.01,226.18124999999998,38.605375,2020-05-07
1831.01,200.45274999999995,17.76543611111111,2020-05-07
1832.01,256.66225,63.77863611111111,2020-05-07
1833.01,205.45425,-0.12817222222222222,2020-05-07
1834.01,202.29424999999998,31.401916666666665,2020-05-07
1835.01,189.83920833333332,20.027338888888888,2020-05-07
1835.02,189.83920833333332,20.027338888888888,2020-05-07
1836.01,245.90791666666664,54.69007777777777,2020-05-07
1836.02,245.90791666666664,54.69007777777777,2022-07-28
1837.01,207.90591666666663,33.49238888888889,2020-05-07
1838.01,246.69204166666665,51.041133333333335,2020-05-07
1839.01,196.83312499999997,5.852044444444444,2020-05-07
184.01,117.65741666666665,-70.53346111111111,2018-10-19
1840.01,195.9818333333333,30.640144444444445,2020-05-07
1841.01,213.14387499999998,47.014783333333334,2020-05-07
1842.01,201.96266666666665,9.030644444444444,2020-05-07
1843.01,287.8947916666666,66.32806388888889,2020-05-07
1844.01,209.38862499999996,43.49331111111111,2020-05-07
1845.01,237.3170833333333,71.44294444444445,2020-05-07
1846.01,257.9549583333333,54.52784722222222,2020-05-07
1847.01,23.52145833333333,-14.41915,2020-05-08
1847.02,23.52145833333333,-14.41915,2020-11-25
1848.01,204.43999999999997,48.250122222222224,2020-05-08
1849.01,208.09966666666665,37.74861111111111,2020-05-08
185.01,24.354458333333334,-45.677794444444444,2018-12-20
1850.01,195.76187499999997,21.923072222222224,2020-05-08
1851.01,197.74862499999995,6.686563888888889,2020-05-08
1852.01,197.07204166666665,23.12093611111111,2020-05-08
1853.01,211.45933333333332,16.992369444444446,2020-05-08
1854.01,206.84541666666664,19.758452777777777,2020-05-08
1855.01,205.3539583333333,17.686872222222224,2020-05-08
1856.01,234.099125,57.89073888888889,2020-05-08
1857.01,199.60733333333334,35.95398333333333,2020-05-08
1858.01,199.41258333333332,22.8501,2020-05-08
1859.01,279.83174999999994,69.52287222222222,2020-05-08
186.01,51.750208333333326,-63.500166666666665,2018-12-04
186.02,51.750208333333326,-63.500166666666665,2020-07-09
1860.01,226.45674999999997,64.04768333333332,2020-05-18
1861.01,130.800125,-83.06125833333333,2020-05-18
1862.01,264.263,53.021274999999996,2020-05-29
1863.01,273.5807083333333,57.99297777777778,2020-05-29
1864.01,284.44391666666667,69.5708361111111,2020-05-29
1865.01,242.91937499999995,58.477000000000004,2020-05-29
1866.01,295.38220833333327,57.32566388888889,2020-05-29
1867.01,295.55887499999994,59.58912777777778,2020-05-29
1868.01,247.12562499999996,69.030975,2020-05-29
1869.01,37.530333333333324,-79.75656111111111,2020-05-29
187.01,94.61554166666664,-57.0135,2018-10-19
1870.01,285.0206666666666,63.429830555555554,2020-05-29
1871.01,251.23570833333332,77.34403888888889,2020-05-29
1872.01,296.2572916666666,64.79190277777778,2020-05-29
1873.01,212.5684583333333,84.37185833333332,2020-05-29
1873.02,212.5684583333333,84.37185833333332,2020-07-15
1873.03,212.5684583333333,84.37185833333332,2020-10-11
1874.01,281.44920833333333,56.3817,2020-05-29
1875.01,268.6609166666666,60.356411111111115,2020-05-29
1876.01,271.611875,62.17675,2020-05-29
1877.01,249.51999999999998,77.7564,2020-05-29
1878.01,262.60524999999996,63.12301388888889,2020-05-29
1879.01,289.8615833333333,59.67011111111111,2020-05-29
188.01,44.55558333333333,-70.76078611111112,2018-11-03
1880.01,182.72616666666664,-75.13193055555556,2020-05-29
1881.01,110.36966666666665,-45.56773611111112,2020-05-29
1882.01,212.83920833333332,-75.83320277777777,2020-05-29
1883.01,134.08925,-12.930644444444443,2020-05-29
1884.01,261.1294583333333,67.98911944444444,2020-05-29
1885.01,304.66520833333334,66.15595555555556,2020-05-29
1886.01,333.5597083333333,-55.37333888888889,2020-05-29
1887.01,271.3685416666666,75.14562777777779,2020-05-29
1888.01,156.25004166666665,-60.57514166666667,2020-05-29
1889.01,324.12825,-52.5131,2020-05-29
189.01,100.80779166666665,-55.24437777777778,2018-10-19
1890.01,279.74449999999996,79.23835,2020-05-29
1891.01,345.631,-46.08519444444445,2020-05-29
1892.01,5.165333333333332,-33.984475,2020-05-29
1893.01,326.438375,79.61393888888888,2020-05-29
1894.01,100.79858333333333,-78.28109444444445,2020-05-29
1895.01,243.71345833333334,-81.68059722222223,2020-05-29
1896.01,352.17862499999995,47.34952222222223,2020-05-29
1897.01,48.370416666666664,75.26837777777777,2020-05-29
1897.02,48.370416666666664,75.26837777777777,2020-10-07
1898.01,144.55529166666665,23.546747222222223,2020-05-29
1899.01,299.4268333333333,40.143347222222225,2020-05-29
190.01,36.77579166666666,-50.284425,2018-12-20
1900.01,67.41858333333333,-28.19721388888889,2020-05-29
1901.01,140.08758333333333,-31.26921111111111,2020-05-29
1902.01,180.20879166666666,-46.13641944444444,2020-05-29
1903.01,68.1365,-38.968297222222226,2020-05-29
1904.01,180.1650833333333,-45.799455555555554,2020-05-29
1905.01,188.38641666666666,-10.146213888888889,2020-05-29
1906.01,168.29291666666666,-17.657780555555554,2020-05-29
1907.01,199.43374999999997,-47.237575,2020-05-29
1908.01,4.146333333333333,-10.976422222222222,2020-05-29
1909.01,96.74462499999998,-46.82136388888889,2020-05-29
191.01,359.900875,-35.03133611111111,2018-11-03
1910.01,170.32433333333333,-22.388177777777777,2020-05-29
1911.01,61.657791666666654,-25.349666666666664,2020-05-29
1912.01,126.33783333333331,-11.50098888888889,2020-05-29
1913.01,102.84741666666666,-29.058655555555557,2020-05-29
1914.01,103.517375,-27.050416666666667,2020-05-29
1915.01,108.45241666666665,-33.43734722222222,2020-05-29
1916.01,109.10454166666665,-31.244394444444445,2020-05-29
1917.01,296.68845833333324,-63.56565,2020-05-29
1918.01,167.5828333333333,-58.98298611111111,2020-05-29
1919.01,195.79399999999998,-41.384861111111114,2020-05-29
192.01,357.8792083333333,-39.90712222222222,2018-11-03
1920.01,200.634875,-44.68883888888889,2020-05-29
1921.01,209.517,-30.348152777777777,2020-05-29
1922.01,112.41920833333332,-29.937916666666666,2020-05-29
1923.01,114.28337499999999,-32.75541944444444,2020-05-29
1924.01,147.58008333333333,-66.113925,2020-05-29
1925.01,135.41629166666664,-20.720369444444444,2020-05-29
1926.01,89.59887499999999,-30.8118,2020-05-29
1927.01,163.78883333333332,-0.7370666666666666,2020-05-29
1928.01,320.76287499999995,-40.04843888888889,2020-05-29
1929.01,176.6283333333333,-33.860075,2020-05-29
193.01,358.66887499999996,-37.628225,2018-11-03
1930.01,223.65870833333332,-38.744547222222224,2020-05-29
1931.01,171.84504166666662,-44.08870277777778,2020-05-29
1932.01,127.38724999999997,-12.944769444444445,2020-05-29
1933.01,100.57124999999998,-29.776780555555554,2020-05-29
1934.01,215.12274999999997,-31.202069444444444,2020-05-29
1935.01,141.92062499999997,-19.34764722222222,2020-05-29
1936.01,60.948291666666655,-19.056819444444447,2020-05-29
1937.01,116.37070833333333,-52.38325833333333,2020-06-02
1938.01,219.38937499999997,-42.0294,2020-06-17
1939.01,177.4948333333333,-63.94906944444444,2020-06-17
194.01,5.160541666666666,-23.93578888888889,2018-11-03
1940.01,212.6478333333333,-27.993072222222224,2020-06-17
1941.01,95.10204166666665,-66.40046666666667,2020-06-17
1942.01,122.61812499999998,-65.85237777777778,2020-06-17
1943.01,183.70412499999998,-63.08671666666667,2020-06-17
1944.01,159.58004166666663,-61.28978611111111,2020-06-17
1945.01,137.66287499999999,-64.47152777777778,2020-06-17
1946.01,217.27962499999995,-43.36197777777778,2020-06-17
1947.01,156.7384583333333,-60.665225,2020-06-17
1948.01,88.07133333333333,-70.92030833333334,2020-06-17
1949.01,182.77212499999996,-52.672197222222216,2020-06-17
195.01,24.605124999999997,-55.772,2018-11-03
1950.01,189.8100833333333,-69.54201388888889,2020-06-17
1951.01,172.15620833333332,-78.8015861111111,2020-06-17
1952.01,154.99620833333333,-79.80260277777778,2020-06-17
1953.01,215.14558333333332,-41.98331944444445,2020-06-17
1954.01,165.03329166666663,-59.978408333333334,2020-06-17
1955.01,206.10508333333328,-40.33640277777778,2020-06-17
1956.01,213.97841666666665,-62.906641666666665,2020-06-17
1957.01,134.96637499999997,-67.95559722222222,2020-06-17
1958.01,175.33562499999996,-78.16300833333334,2020-06-17
1959.01,166.08599999999998,-67.99183333333333,2020-06-17
196.01,14.551708333333332,-64.76154166666667,2018-11-03
1960.01,173.31416666666667,-60.07599444444445,2020-06-17
1961.01,211.59341666666663,-40.52390833333333,2020-06-17
1962.01,228.62912499999996,-43.38708611111111,2020-06-17
1963.01,221.34349999999998,-54.76114722222222,2020-06-17
1964.01,201.64220833333331,-39.62988611111111,2020-06-17
1965.01,223.1519583333333,-61.56867777777778,2020-06-17
1966.01,209.98254166666663,-43.32731666666667,2020-06-17
1967.01,174.84504166666665,-65.1763,2020-06-17
1968.01,212.19324999999995,-56.32234166666667,2020-06-17
1969.01,222.3335833333333,-60.08025555555556,2020-06-17
197.01,353.03316666666666,-21.8012,2018-10-22
1970.01,190.72037499999996,-53.68830277777777,2020-06-17
1971.01,194.76979166666663,-57.25371388888889,2020-06-17
1972.01,176.07024999999996,-59.911852777777774,2020-06-17
1973.01,220.42679166666665,-33.82613333333334,2020-06-17
1974.01,171.37837499999998,-67.778575,2020-06-17
1975.01,168.07608333333332,-60.93258055555555,2020-06-17
1976.01,212.846625,-50.06997777777778,2020-06-17
1977.01,216.1477083333333,-60.3836,2020-06-17
1978.01,161.14049999999997,-59.737608333333334,2020-06-17
1979.01,161.0467083333333,-59.92516944444444,2020-06-17
198.01,2.2714999999999996,-27.121744444444445,2018-11-03
1980.01,218.2700833333333,-43.29851111111111,2020-06-17
1981.01,155.590625,-63.65461944444444,2020-06-17
1982.01,207.58483333333334,-23.383377777777778,2020-06-17
1983.01,127.28104166666664,-57.19420833333333,2020-06-17
1984.01,168.87154166666664,-44.42898611111111,2020-06-17
1985.01,148.39054166666665,-58.37607777777778,2020-06-17
1986.01,144.02374999999998,-51.74464722222222,2020-06-17
1987.01,185.33187499999997,-14.062377777777778,2020-06-17
1988.01,190.13249999999996,-48.74090277777778,2020-06-17
1989.01,176.8663333333333,-64.88297499999999,2020-06-17
199.01,80.10587499999998,-59.89543333333333,2018-12-04
1990.01,158.67062499999997,-59.74848333333333,2020-06-17
1991.01,169.95862499999998,-51.86607222222222,2020-06-17
1992.01,162.91687499999998,-44.984741666666665,2020-06-17
1993.01,152.28016666666664,-72.79811666666666,2020-06-17
1994.01,147.17458333333335,-51.75656388888889,2020-06-17
1995.01,143.46637499999997,-53.56164444444444,2020-06-17
1996.01,178.54716666666664,-46.89688611111111,2020-06-17
1997.01,181.63249999999996,-31.64571388888889,2020-06-17
1998.01,184.2592083333333,-51.07515277777778,2020-06-17
1999.01,156.99512499999997,-48.42854722222222,2020-06-17
200.01,354.9154583333333,-69.19604166666667,2018-11-09
2000.01,146.3970833333333,-66.68663055555555,2020-06-17
2000.02,146.3970833333333,-66.68663055555555,2022-03-24
2001.01,128.18137499999997,-58.57551111111111,2020-06-17
2002.01,134.19020833333332,-61.37146111111111,2020-06-17
2003.01,201.52712499999998,-27.412558333333333,2020-06-17
2004.01,143.46695833333334,-55.17576388888889,2020-06-17
2005.01,164.03166666666664,-43.37669722222222,2020-06-17
2006.01,91.22466666666666,-69.36032222222222,2020-06-17
2007.01,209.85841666666664,74.15122777777778,2020-06-17
2008.01,63.85762499999999,-16.902144444444442,2020-06-17
2009.01,16.908291666666667,22.952869444444445,2020-06-17
201.01,87.40179166666665,-54.91042222222222,2019-05-07
201.02,87.40179166666665,-54.91042222222222,2020-03-11
2010.01,292.1669583333333,53.48736944444445,2020-06-17
2011.01,230.44012499999997,-48.31881666666667,2020-06-17
2011.02,230.44012499999997,-48.31881666666667,2022-04-20
2011.03,230.44012499999997,-48.31881666666667,2024-02-01
2012.01,229.9912083333333,36.22954444444445,2020-06-19
2013.01,239.5775833333333,35.408113888888884,2020-06-19
2014.01,256.6107083333333,44.77688611111111,2020-06-19
2015.01,232.13266666666664,27.361072222222223,2020-06-19
2016.01,246.79725,42.68776666666666,2020-09-11
2016.02,246.79725,42.68776666666666,2020-06-19
2016.03,246.79725,42.68776666666666,2022-07-28
2017.01,228.9498333333333,27.361811111111113,2020-06-19
2018.01,229.8374583333333,29.207877777777778,2020-06-19
2019.01,234.43175,48.95520555555556,2020-06-19
202.01,15.525041666666667,-59.087725,2018-11-14
2020.01,245.15141666666662,41.04796111111111,2020-06-19
2021.01,240.54929166666668,28.169625,2020-06-19
2022.01,31.17054166666667,65.28933055555555,2020-06-19
2023.01,232.86333333333332,33.90251666666666,2020-06-19
2024.01,247.62299999999996,38.34753611111111,2020-06-19
2025.01,282.79525,82.24541388888889,2020-06-19
2026.01,5.469541666666666,66.16811944444444,2020-06-19
2027.01,333.3319166666666,62.85738611111111,2020-06-19
2028.01,334.4344166666666,62.46500833333334,2020-06-19
2029.01,12.216166666666666,59.386716666666665,2020-06-19
203.01,43.01808333333333,-67.68701666666666,2018-10-22
2030.01,349.67208333333326,68.29921666666667,2020-06-19
2031.01,331.1177916666666,81.56595,2020-06-19
2032.01,333.31174999999996,81.73972777777777,2020-06-19
2033.01,17.680083333333332,65.24964722222222,2020-06-19
2034.01,351.38075,54.60118055555556,2020-06-19
2035.01,17.736708333333333,61.092108333333336,2020-06-19
2036.01,233.01491666666664,24.085016666666665,2020-06-19
2037.01,234.86129166666663,55.15349722222222,2020-06-19
2037.02,234.86129166666663,55.15349722222222,2025-07-17
2038.01,293.91458333333327,81.55479166666666,2020-06-19
2039.01,307.02275,61.871411111111115,2020-06-19
204.01,12.975999999999999,-59.34364722222222,2018-11-14
2040.01,352.27475,71.506475,2020-06-19
2041.01,19.23483333333333,62.35169166666667,2020-06-19
2042.01,350.36941666666667,60.80117222222222,2020-06-19
2043.01,0.9775416666666665,59.33468055555556,2020-06-19
2044.01,351.8802916666666,61.392513888888885,2020-06-19
2045.01,1.1192499999999999,54.93449722222222,2020-06-19
2046.01,16.18495833333333,74.33130555555555,2020-06-19
2047.01,5.867125,71.15880555555556,2020-06-19
2048.01,237.92412499999998,52.306308333333334,2020-06-19
2049.01,346.90983333333327,56.694513888888885,2020-06-19
205.01,7.975458333333333,-56.96508055555556,2018-11-14
2050.01,323.9082916666666,65.43753611111111,2020-06-19
2051.01,336.29504166666663,67.97116944444444,2020-06-19
2052.01,238.50099999999998,19.59688611111111,2020-06-19
2053.01,310.3313749999999,82.43530277777778,2020-06-19
2054.01,358.24837499999995,60.48166666666667,2020-06-19
2055.01,324.23887499999995,69.28394444444444,2020-06-19
2056.01,2.599583333333333,58.48943888888889,2020-06-19
2057.01,226.11649999999997,28.21571388888889,2020-06-19
2058.01,359.6782916666666,62.625905555555555,2020-06-19
2059.01,5.198874999999999,55.54281388888889,2020-06-19
206.01,73.73820833333333,-62.521875,2019-05-17
2060.01,13.270041666666664,60.61811111111111,2020-06-19
2061.01,4.747708333333333,56.367066666666666,2020-06-19
2062.01,27.778624999999998,63.08142222222222,2020-06-19
2063.01,331.70174999999995,63.599044444444445,2020-06-19
2064.01,254.13049999999998,44.30253611111111,2020-06-19
2065.01,192.57725,26.15953611111111,2020-07-02
2066.01,228.6319583333333,-43.38506388888889,2020-07-09
2067.01,167.86529166666665,71.54075277777778,2020-07-15
2068.01,186.27354166666663,60.41834444444444,2020-07-15
2069.01,245.7289583333333,61.69483611111111,2020-07-15
207.01,94.21808333333331,-58.229797222222224,2019-01-31
2070.01,219.04337499999997,68.94069444444445,2020-07-15
2071.01,256.60116666666664,57.66103333333333,2020-07-15
2072.01,173.98654166666665,75.54662777777777,2020-07-15
2073.01,209.8823333333333,58.93291111111111,2020-07-15
2074.01,218.18437499999996,43.75642777777778,2020-07-15
2075.01,210.04462499999997,38.70564166666667,2020-07-15
2076.01,217.39199999999997,39.7904,2020-07-15
2076.02,217.39199999999997,39.7904,2020-07-15
2076.03,217.39199999999997,39.7904,2023-02-23
2077.01,244.37695833333336,68.8946638888889,2020-07-15
2078.01,227.1799583333333,82.44692500000001,2020-07-15
2079.01,185.33820833333328,57.75236388888889,2020-07-15
2079.02,185.33820833333328,57.75236388888889,2022-02-28
208.01,53.28158333333332,-72.74405,2019-05-17
2080.01,250.38299999999995,80.04588055555556,2020-07-15
2081.01,264.30224999999996,53.02556666666666,2020-07-15
2081.02,264.30224999999996,53.02556666666666,2023-05-18
2082.01,241.5812083333333,53.51464166666667,2020-07-15
2083.01,284.76775,60.15445555555556,2020-07-15
2084.01,259.2545416666667,72.74702222222223,2020-07-15
2084.02,259.2545416666667,72.74702222222223,2020-07-15
2085.01,152.2234583333333,70.39455833333334,2020-07-15
2086.01,285.9216666666666,65.78567222222222,2020-07-15
2086.02,285.9216666666666,65.78567222222222,2020-09-23
2087.01,208.0529583333333,75.16526111111112,2020-07-15
2088.01,261.374875,75.88228055555555,2020-07-15
2089.01,267.30716666666666,54.415930555555555,2020-07-15
209.01,19.39416666666666,-66.90306666666667,2018-11-14
2090.01,276.3940416666667,64.63688055555556,2020-07-15
2091.01,263.85208333333327,64.38013055555555,2020-07-15
2092.01,212.54749999999996,45.56386944444444,2020-07-15
2093.01,302.73754166666663,70.86965277777777,2020-07-15
2094.01,254.14254166666666,70.02731666666666,2020-07-15
2095.01,285.63654166666663,75.4185138888889,2020-07-15
2095.02,285.63654166666663,75.4185138888889,2020-07-15
2095.03,285.63654166666663,75.4185138888889,2026-08-27
2096.01,151.6187083333333,74.82721111111111,2020-07-15
2096.02,151.6187083333333,74.82721111111111,2020-07-15
2097.01,297.39374999999995,66.29395833333334,2020-07-15
2098.01,254.45566666666662,68.69958055555556,2020-07-15
2099.01,285.786,64.23025555555556,2020-07-15
210.01,88.96183333333333,-73.98528888888889,2019-05-07
2100.01,205.5934583333333,76.64798055555556,2020-07-15
2101.01,266.1337083333333,54.09097222222223,2020-07-15
2102.01,253.4427916666666,65.29396111111112,2020-07-15
2102.02,253.4427916666666,65.29396111111112,2023-08-15
2103.01,239.01691666666665,73.07391944444444,2020-07-15
2103.02,239.01691666666665,73.07391944444444,2023-03-02
2104.01,151.6122083333333,83.08783888888888,2020-07-15
2104.02,151.6122083333333,83.08783888888888,2020-09-23
2104.03,151.6122083333333,83.08783888888888,2022-02-28
2104.04,151.6122083333333,83.08783888888888,2022-02-28
2104.05,151.6122083333333,83.08783888888888,2022-11-16
2105.01,181.0644583333333,83.43803333333334,2020-07-15
2106.01,207.1784583333333,44.91175277777778,2020-07-15
2107.01,286.7965416666666,-58.69683611111111,2020-07-17
2108.01,247.4815833333333,21.495161111111113,2020-07-28
2109.01,253.18629166666662,16.579916666666666,2020-07-28
211.01,110.27970833333332,-68.57836666666667,2018-12-04
2110.01,282.229625,78.56894722222222,2020-07-28
2111.01,260.09637499999997,20.281855555555556,2020-07-28
2112.01,343.85433333333333,70.29728888888889,2020-07-28
2112.02,343.85433333333333,70.29728888888889,2022-07-28
2113.01,267.3545833333333,40.45710555555556,2020-07-28
2114.01,261.09637499999997,33.20507222222223,2020-07-28
2115.01,19.595374999999997,63.54508611111111,2020-07-28
2116.01,23.829458333333335,72.93684444444445,2020-07-28
2117.01,25.69045833333333,65.89576944444445,2020-07-28
2118.01,242.20099999999996,35.691136111111106,2020-07-28
2119.01,244.429875,26.304211111111112,2020-07-29
212.01,22.550041666666665,-59.58324722222223,2018-10-22
2120.01,23.50733333333333,65.51398888888889,2020-07-29
2121.01,263.944375,36.19649166666667,2020-07-29
2122.01,264.27349999999996,25.73114722222222,2020-07-29
2123.01,243.94087499999998,17.023902777777778,2020-07-29
2124.01,268.3043333333333,37.21173888888889,2020-07-29
2125.01,267.6404999999999,36.570175000000006,2020-07-29
2126.01,268.02912499999996,37.546327777777776,2020-07-29
2127.01,256.34637499999997,33.012325,2020-07-29
2128.01,256.98179166666665,32.10530277777778,2020-07-29
2129.01,260.11616666666663,38.24216944444444,2020-07-29
213.01,38.88729166666666,-71.62424722222221,2018-11-14
213.02,38.88729166666666,-71.62424722222221,2021-07-01
2130.01,271.53766666666667,26.426605555555557,2020-08-07
2131.01,278.63174999999995,35.661430555555555,2020-08-07
2132.01,283.30545833333326,24.127247222222223,2020-08-07
2133.01,261.24383333333327,32.79839722222222,2020-08-07
2134.01,271.93549999999993,39.07292777777778,2020-08-07
2134.02,271.93549999999993,39.07292777777778,2022-07-28
2135.01,274.40554166666664,36.62146111111111,2020-08-07
2136.01,281.17633333333333,36.56313055555555,2020-08-07
2137.01,274.1439583333333,34.17301111111111,2020-08-07
2138.01,281.66191666666657,41.56001944444444,2020-08-07
2139.01,267.28487499999994,29.879041666666666,2020-08-07
214.01,99.45875,-70.93132777777778,2019-05-07
214.02,99.45875,-70.93132777777778,2020-03-11
2140.01,286.80854166666666,49.31642222222222,2020-08-07
2141.01,258.7623333333333,18.340344444444444,2020-08-07
2142.01,267.046625,15.980108333333334,2020-08-07
2143.01,62.57299999999999,75.17093055555556,2020-08-07
2144.01,350.25312499999995,79.44178333333333,2020-08-07
2145.01,263.75808333333333,40.69504166666666,2020-08-07
2146.01,269.98999999999995,29.655175,2020-08-10
2147.01,155.64158333333333,83.083725,2020-08-10
2148.01,281.81416666666667,64.80651944444445,2020-08-10
2149.01,285.5965,42.50741388888889,2020-08-10
215.01,7.318,-63.79062222222222,2018-11-14
2150.01,264.591125,18.473875,2020-08-10
2151.01,275.11795833333326,30.855880555555558,2020-08-10
2152.01,26.33895833333333,77.79012222222222,2020-08-10
2153.01,274.8705,71.248625,2020-08-10
2154.01,71.02816666666666,84.36426388888889,2020-08-10
2155.01,5.80025,84.45283888888889,2020-08-10
2156.01,274.4166666666667,23.91767777777778,2020-08-10
2157.01,261.7177083333333,25.84926944444444,2020-08-10
2158.01,276.8100416666666,20.52688611111111,2020-08-10
2159.01,264.4540416666666,47.23028888888889,2020-08-10
216.01,73.98,-63.260330555555555,2019-05-07
216.02,73.98,-63.260330555555555,2019-05-07
2160.01,291.12595833333324,56.88129722222222,2020-08-10
2161.01,304.4447083333333,77.16667777777778,2020-08-10
2162.01,291.5240416666666,58.51018055555556,2020-08-10
2163.01,261.44095833333336,23.057030555555556,2020-08-10
2164.01,277.90774999999996,13.897883333333333,2020-08-10
2165.01,281.40574999999995,16.415366666666664,2020-08-10
2166.01,260.3030416666666,63.23928333333333,2020-08-10
2167.01,242.3640833333333,84.49111944444445,2020-08-10
2168.01,306.2230416666666,74.83734444444444,2020-08-10
2169.01,279.170125,23.258619444444445,2020-08-10
217.01,91.60870833333333,-58.95370277777778,2018-10-22
2170.01,164.31387499999997,89.08692222222221,2020-08-10
2171.01,270.89870833333333,38.07351111111112,2020-08-10
2172.01,273.70266666666663,37.62999444444444,2020-08-10
2173.01,145.799125,87.86853055555555,2020-08-10
2174.01,268.82395833333334,40.167474999999996,2020-08-10
2175.01,286.2434583333333,50.040366666666664,2020-08-10
2176.01,282.6296249999999,46.323280555555556,2020-08-10
2177.01,281.288125,42.451097222222224,2020-08-10
2178.01,285.24083333333334,46.66824166666667,2020-08-10
2179.01,22.445791666666665,-60.73990833333333,2020-08-10
218.01,58.422,-68.73862777777778,2019-06-06
218.02,58.422,-68.73862777777778,2024-05-30
2180.01,277.94362499999994,56.65067777777778,2020-08-10
2181.01,270.5580833333333,63.54963055555555,2020-08-10
2182.01,299.40704166666666,44.035038888888884,2020-08-10
2183.01,283.4897083333333,37.380825,2020-08-12
2184.01,100.833125,-66.94765555555556,2020-09-18
2185.01,314.57666666666665,-40.268633333333334,2020-09-18
2186.01,357.0023333333333,-68.48769722222222,2020-09-18
2187.01,96.94079166666666,-79.40977777777778,2020-09-18
2188.01,347.9439583333333,-69.85416944444444,2020-09-18
2189.01,34.08541666666666,-78.70070833333334,2020-09-18
219.01,97.45391666666666,-57.25481666666666,2018-10-22
2190.01,311.7511666666667,-38.670655555555555,2020-09-18
2191.01,313.4029166666666,-36.82154722222223,2020-09-18
2192.01,353.2817083333333,-76.81915555555555,2020-09-18
2193.01,313.69124999999997,-72.80464166666667,2020-09-18
2194.01,299.1563333333333,-31.335180555555553,2020-09-18
2195.01,34.840083333333325,-72.70889444444445,2020-09-18
2196.01,312.3400833333333,-70.48507222222223,2020-09-18
2197.01,311.04274999999996,-39.22548611111111,2020-09-18
2198.01,309.51124999999996,-48.46208333333334,2020-09-18
2199.01,311.6733333333333,-41.82098333333334,2020-09-18
220.01,91.79970833333331,-61.99721111111111,2019-05-07
2200.01,98.78349999999999,-72.45677777777779,2020-09-18
2201.01,316.66970833333335,-57.57797777777778,2020-09-18
2202.01,51.228416666666654,-73.95754444444445,2020-09-18
2203.01,325.1045833333333,-54.03422777777777,2020-09-18
2204.01,289.29741666666666,-60.89176111111111,2020-09-18
2205.01,94.31566666666666,-56.509858333333334,2020-09-18
2206.01,322.25374999999997,-58.83614722222222,2020-09-18
2207.01,307.59670833333325,-44.88761944444445,2020-09-18
2208.01,65.52879166666666,-61.36859166666667,2020-09-18
2209.01,111.442375,-77.77665833333333,2020-09-18
221.01,356.49245833333333,-56.34404722222222,2018-11-14
2210.01,347.4629583333333,-79.69999722222222,2020-09-18
2211.01,308.5390833333333,-29.67261388888889,2020-09-18
2212.01,44.52925,-66.94928611111112,2020-09-18
2213.01,326.5827083333333,-61.10783611111111,2020-09-18
2214.01,117.86758333333331,-72.28504722222222,2020-09-18
2215.01,286.07312499999995,-32.35427777777778,2020-09-18
2216.01,12.075,-68.43929722222222,2020-09-18
2217.01,35.750416666666666,-71.45794444444445,2020-09-18
2218.01,107.15570833333334,-64.2328,2020-09-18
2219.01,107.81958333333333,-78.23846388888889,2020-09-18
222.01,359.16249999999997,-44.71940277777778,2018-11-16
2220.01,97.32049999999998,-65.33778055555555,2020-09-18
2221.01,311.29112499999997,-31.34245,2020-09-18
2222.01,119.18520833333332,-67.07193055555555,2020-09-18
2223.01,18.689875,-81.98216388888889,2020-09-18
2224.01,61.24295833333332,-78.37468055555554,2020-09-18
2225.01,112.76745833333332,-72.66744722222222,2020-09-18
2226.01,333.5595833333333,-59.568325,2020-09-18
2227.01,337.51775,-67.85014722222222,2020-09-18
2227.02,337.51775,-67.85014722222222,2024-03-14
2228.01,289.01808333333327,-46.48075555555556,2020-09-18
2229.01,294.5721666666666,-46.39807777777778,2020-09-18
223.01,339.6775833333333,-25.63185,2018-11-29
2230.01,304.45283333333333,-44.96845277777778,2020-09-18
2231.01,308.5637083333333,-48.274725,2020-09-18
2232.01,301.540125,-33.66748333333333,2020-09-18
2233.01,296.91966666666667,-32.57596666666667,2020-09-18
2234.01,299.22983333333326,-35.39717777777778,2020-09-18
2235.01,41.09154166666666,-74.78981666666667,2020-09-18
2236.01,20.165999999999993,-86.97996388888889,2020-09-18
2237.01,302.9994583333333,-37.56166388888889,2020-09-18
2238.01,67.65779166666665,-70.35491111111111,2020-09-18
2239.01,65.41020833333332,-67.4670388888889,2020-09-18
224.01,1.977958333333333,-29.979602777777774,2018-11-16
2240.01,290.98679166666665,-36.91041944444444,2020-09-18
2241.01,295.25649999999996,-27.859275,2020-09-18
2242.01,315.1717916666666,-35.8711,2020-09-18
2243.01,310.48362499999996,-38.878008333333334,2020-08-25
2244.01,308.5634999999999,-48.27484166666667,2020-09-18
2245.01,117.28099999999999,-80.89388611111112,2020-09-18
2246.01,113.0435,-65.81139444444445,2020-09-18
2247.01,310.48362499999996,-38.87800277777778,2020-09-18
2248.01,80.62399999999998,-70.25432777777777,2020-09-18
2249.01,304.628875,-30.648847222222223,2020-08-25
225.01,343.880375,-24.40973333333333,2018-11-16
2250.01,296.35499999999996,67.31096944444444,2020-09-23
2251.01,278.9895416666666,70.16075555555557,2020-09-23
2252.01,270.27762499999994,61.34715277777778,2020-09-23
2253.01,276.8681249999999,73.264575,2020-09-23
2254.01,275.3935833333333,62.36900277777778,2020-09-23
2255.01,316.8927083333333,74.38325277777777,2020-09-23
2256.01,225.31566666666666,40.94682777777778,2020-09-23
2257.01,194.73962499999996,77.66171666666668,2020-09-23
2258.01,268.02954166666666,62.79093888888889,2020-09-23
2259.01,244.56420833333334,42.62705833333333,2020-09-23
226.01,342.9672083333333,-24.787780555555557,2018-11-16
2260.01,247.66699999999997,49.046788888888884,2020-09-23
2261.01,284.0226666666666,70.25411944444444,2020-09-28
2262.01,266.4064583333333,59.5142,2020-09-30
2263.01,237.96112499999998,83.11088888888888,2020-09-30
2264.01,295.92774999999995,78.72591944444444,2020-09-30
2265.01,239.78774999999996,32.39597222222222,2020-09-30
2266.01,245.28004166666668,31.577041666666666,2020-09-30
2267.01,65.0615,84.90082500000001,2020-09-30
2267.02,65.0615,84.90082500000001,2023-08-15
2267.03,65.0615,84.90082500000001,2022-02-28
2268.01,226.46962499999998,39.63655277777778,2020-09-30
2269.01,264.147875,77.12621666666666,2020-09-30
2269.02,264.147875,77.12621666666666,2020-09-30
2269.03,264.147875,77.12621666666666,2020-09-30
227.01,356.52737499999995,-16.69146388888889,2018-11-16
2270.01,244.38225000000003,61.36824722222222,2020-09-30
2271.01,296.7102916666666,70.07194444444444,2020-09-30
2272.01,359.8530833333333,68.38411944444445,2020-09-30
2273.01,81.24020833333333,79.74934166666667,2020-09-30
2274.01,277.4592916666667,40.54141111111111,2020-09-30
2274.02,277.4592916666667,40.54141111111111,2022-02-28
2275.01,234.5122916666666,69.01753055555555,2020-09-30
2276.01,261.83674999999994,58.21435277777778,2020-09-30
2277.01,273.49729166666657,80.65846111111112,2020-09-30
2278.01,289.51333333333326,56.236780555555555,2020-09-30
2279.01,255.24579166666663,45.38628333333333,2020-09-30
228.01,358.55883333333327,-30.01303888888889,2018-11-29
2280.01,254.58849999999995,45.93644444444444,2020-09-30
2281.01,294.39016666666663,66.97143333333334,2020-09-30
2282.01,294.37604166666665,74.78231111111111,2020-09-30
2283.01,248.3332916666666,63.52449444444444,2020-09-30
2284.01,252.47187499999998,47.31698333333334,2020-09-30
2285.01,332.56325,58.706094444444446,2020-09-30
2285.02,332.56325,58.706094444444446,2026-08-27
2286.01,292.82333333333327,72.53831666666666,2020-09-30
2287.01,222.75079166666666,85.89539166666667,2020-09-30
2288.01,251.11916666666664,60.08604166666667,2020-09-30
2289.01,255.09754166666667,39.730250000000005,2020-09-30
229.01,5.237749999999998,-35.99846388888889,2018-11-29
2290.01,321.5995833333333,68.64053055555556,2020-09-30
2291.01,304.29904166666665,65.87155833333333,2020-09-30
2292.01,304.26662500000003,65.15384444444445,2020-09-30
2293.01,115.59337499999998,70.40407777777779,2020-09-30
2294.01,288.1085833333333,54.64042777777778,2020-09-30
2295.01,281.5762083333333,50.492466666666665,2020-09-30
2296.01,266.9315833333334,55.87281388888889,2020-09-30
2297.01,250.73987499999998,76.44958611111112,2020-09-30
2298.01,274.5120416666667,74.46653611111111,2020-09-30
2299.01,286.22795833333333,79.75594722222222,2020-09-30
230.01,346.3191666666666,-36.94563888888889,2018-11-29
2300.01,297.41616666666664,68.88335277777779,2020-09-30
2300.02,297.41616666666664,68.88335277777779,2020-09-30
2300.03,297.41616666666664,68.88335277777779,2023-03-02
2301.01,228.56862499999997,51.46884722222222,2020-09-30
2302.01,336.27916666666664,-52.53667222222222,2020-10-01
2303.01,348.2967083333333,-53.83281388888889,2020-10-01
2304.01,339.43625,-30.608280555555556,2020-10-01
2305.01,29.608041666666665,-66.33915555555555,2020-10-01
2306.01,324.8007916666666,-44.37527222222222,2020-10-01
2307.01,330.1359583333333,-29.148588888888888,2020-10-01
2308.01,8.9805,-64.72244166666667,2020-10-01
2309.01,2.9448333333333325,-68.57011944444444,2020-10-01
231.01,348.15712499999995,-22.674125,2018-11-29
2310.01,61.52399999999999,-60.46725277777778,2020-10-01
2311.01,326.27275,-20.03251388888889,2020-10-01
2312.01,327.6176666666666,-46.295255555555556,2020-10-01
2313.01,354.8168749999999,-78.74652777777779,2020-10-01
2314.01,350.86974999999995,-52.17594166666667,2020-10-01
2315.01,320.5240833333333,-27.554408333333335,2020-10-01
2316.01,335.5369166666666,-30.763927777777777,2020-10-01
2317.01,255.3283333333333,51.52939722222222,2020-10-05
2318.01,262.5893333333333,40.36946388888889,2020-10-05
2319.01,253.78487499999997,20.491525,2020-10-05
2319.02,253.78487499999997,20.491525,2023-08-15
232.01,353.56291666666664,-42.06178055555555,2018-11-29
2320.01,247.65712499999995,56.39986944444444,2020-10-05
2321.01,196.73641666666663,16.54933888888889,2020-10-05
2322.01,116.97308333333332,-71.00196666666666,2020-10-07
2322.02,116.97308333333332,-71.00196666666666,2021-08-12
2323.01,352.1928333333333,-76.63689722222223,2020-10-07
2324.01,337.88708333333324,-23.165049999999997,2020-10-07
2325.01,343.54462499999994,-36.28777777777778,2020-10-07
2326.01,350.4913333333333,-40.17435277777778,2020-10-07
2327.01,103.42216666666664,-73.07571388888888,2020-10-07
2328.01,31.690749999999994,-81.247375,2020-10-07
2329.01,94.27870833333331,-52.338502777777784,2020-10-23
233.01,343.7086249999999,-18.912444444444443,2018-11-29
233.02,343.7086249999999,-18.912444444444443,2022-04-20
2330.01,172.858625,-41.68951666666666,2020-10-23
2331.01,62.67154166666666,-32.99243888888889,2020-10-23
2332.01,139.74154166666668,-15.308080555555556,2020-10-23
2333.01,54.221374999999995,-60.061474999999994,2020-10-23
2334.01,49.15420833333333,-48.10791666666667,2020-10-23
2335.01,50.82662499999999,-40.45351666666667,2020-10-23
2336.01,230.23041666666666,-33.69246111111111,2020-10-23
2337.01,290.619875,60.853902777777776,2020-10-23
2338.01,81.34458333333333,-34.66825,2020-10-23
2339.01,105.76204166666665,-55.36828333333333,2020-10-23
234.01,2.568833333333333,-26.282408333333333,2018-11-29
2340.01,42.26145833333332,-16.557655555555556,2020-10-23
2341.01,306.84349999999995,-53.22065277777778,2020-10-23
2342.01,86.45887499999999,-32.94764166666666,2020-10-23
2343.01,58.61616666666666,-31.344894444444442,2020-10-23
2344.01,257.71504166666665,-75.72999166666666,2020-10-23
2345.01,43.88479166666666,-34.977975,2020-10-23
2345.02,43.88479166666666,-34.977975,2021-07-28
2346.01,88.09291666666667,-13.372469444444445,2020-10-23
2347.01,52.487624999999994,-0.9042166666666667,2020-10-23
2348.01,86.25466666666667,-13.326616666666666,2020-10-23
2349.01,143.25933333333333,-13.830633333333333,2020-10-23
235.01,46.197916666666664,-73.396375,2019-05-17
2350.01,97.40812499999998,-21.994386111111112,2020-10-23
2350.02,97.40812499999998,-21.994386111111112,2021-03-18
2351.01,192.661625,-14.565100000000001,2020-10-23
2352.01,87.37329166666665,-25.37561388888889,2020-10-23
2353.01,103.245375,-67.5392611111111,2020-10-23
2354.01,192.3217083333333,-21.333033333333333,2020-10-23
2355.01,199.02104166666663,-33.76396111111111,2020-10-23
2356.01,79.61787499999998,-28.005930555555555,2020-10-23
2357.01,197.20054166666665,-31.49946388888889,2020-10-23
2358.01,196.28583333333333,-31.985377777777778,2020-10-23
2359.01,83.81866666666664,6.587708333333333,2020-10-23
236.01,358.44474999999994,-10.884958333333334,2018-11-29
2360.01,46.65966666666666,-66.00793333333333,2020-10-23
2361.01,184.98254166666663,-27.28483611111111,2020-10-23
2362.01,34.954249999999995,-62.503816666666665,2020-10-23
2363.01,112.87537499999999,-52.985886111111114,2020-10-23
2364.01,89.13004166666666,-5.0120305555555555,2020-10-23
2365.01,108.01745833333332,-50.24777777777778,2020-10-23
2366.01,88.50504166666667,-3.6399083333333335,2020-10-23
2367.01,333.1113333333333,-26.926369444444447,2020-10-23
2368.01,134.95762499999995,-48.48849166666667,2020-10-23
2369.01,83.91379166666665,4.827969444444444,2020-10-23
237.01,353.24354166666666,-29.41648611111111,2018-11-29
2370.01,132.89883333333333,-16.386277777777778,2020-10-23
2371.01,137.3117083333333,-19.778022222222223,2020-10-23
2372.01,144.04062499999998,-24.751119444444445,2020-10-23
2373.01,61.686208333333326,-16.755755555555556,2020-10-23
2374.01,319.49825,-22.049822222222225,2020-10-28
2375.01,335.74212499999993,30.573269444444445,2020-10-28
2376.01,344.7439999999999,-23.148027777777777,2020-11-06
2377.01,341.87179166666664,-15.572947222222222,2020-11-06
2378.01,31.617541666666664,-56.198880555555554,2020-11-06
2379.01,358.09204166666666,-53.04315555555555,2020-11-06
238.01,349.2310833333333,-18.606647222222225,2018-11-29
2380.01,0.32574999999999993,-8.92625,2020-11-06
2381.01,13.643583333333332,-67.91515833333334,2020-11-06
2382.01,356.3751666666666,-16.114125,2020-11-06
2383.01,1.484833333333333,-20.653955555555555,2020-11-06
2384.01,36.15616666666666,-65.00019444444445,2020-11-06
2385.01,26.96508333333333,-61.68675833333333,2020-11-06
2386.01,4.603041666666666,-15.267405555555557,2020-11-06
2387.01,20.410375000000002,-64.87570833333332,2020-11-06
2388.01,118.38837499999998,-63.76981111111111,2020-11-06
2389.01,357.96229166666666,-19.178480555555556,2020-11-09
239.01,358.4084583333333,-10.118116666666667,2018-11-29
2390.01,5.128583333333332,-61.386175,2020-11-09
2391.01,10.162041666666665,-60.880425,2020-11-09
2392.01,83.78370833333332,-64.11661944444444,2020-11-09
2392.02,83.78370833333332,-64.11661944444444,2021-07-28
2392.03,83.78370833333332,-64.11661944444444,2024-03-14
2393.01,32.94333333333333,-56.756225,2020-11-24
2394.01,178.89074999999997,-10.029102777777778,2020-11-24
2395.01,175.87937499999998,-7.296091666666666,2020-11-24
2396.01,170.1500833333333,-26.15313611111111,2020-11-24
2397.01,18.496750000000002,-6.826841666666667,2020-11-24
2398.01,173.70329166666664,-25.60471666666667,2020-11-24
2399.01,175.4728333333333,-21.79676388888889,2020-11-24
240.01,14.754916666666665,-44.160869444444444,2018-11-29
2400.01,118.93720833333332,-54.26626944444445,2020-11-24
2401.01,146.44724999999997,-25.45773611111111,2020-11-24
2402.01,156.52770833333332,-17.26281388888889,2020-11-24
2403.01,26.632916666666663,2.700388888888889,2020-11-24
2404.01,98.44216666666667,-74.19009722222222,2020-11-24
2404.02,98.44216666666667,-74.19009722222222,2021-07-19
2404.03,98.44216666666667,-74.19009722222222,2021-07-19
2405.01,45.14408333333333,-51.7936,2020-11-24
2406.01,8.806041666666667,-3.3720833333333333,2020-11-24
2407.01,49.74654166666666,-46.458025000000006,2020-11-24
2408.01,18.242416666666664,-32.96601666666667,2020-11-24
2409.01,44.33841666666667,-41.19177222222222,2020-11-24
241.01,354.1687083333333,-34.61130555555556,2018-11-29
2410.01,19.626875,-0.056397222222222224,2020-11-24
2411.01,20.92245833333333,-8.701794444444443,2020-11-24
2411.02,20.92245833333333,-8.701794444444443,2026-03-05
2411.03,20.92245833333333,-8.701794444444443,2026-03-05
2412.01,62.379583333333336,-62.850655555555555,2020-11-25
2413.01,332.18837499999995,-18.992719444444447,2020-11-25
2414.01,344.87358333333333,-60.44781944444444,2020-11-25
2415.01,340.977,-53.42836666666666,2020-11-25
2416.01,57.33895833333332,-60.78718611111111,2020-11-25
2417.01,37.88520833333333,-40.01620277777778,2020-11-25
2418.01,39.72524999999999,-27.32422777777778,2020-11-25
2419.01,53.27037499999999,-56.588436111111115,2020-11-25
242.01,4.451416666666666,-38.11085555555556,2018-11-29
2420.01,14.826833333333331,-19.77116388888889,2020-11-25
2421.01,33.154,-35.39091944444444,2020-11-25
2422.01,24.884499999999996,-7.394727777777778,2020-11-25
2423.01,53.467249999999986,-57.621294444444445,2020-11-25
2424.01,0.31508333333333327,-28.493222222222222,2020-12-04
2425.01,19.13070833333333,-0.29010277777777776,2020-12-04
2426.01,43.81170833333333,-20.781288888888888,2020-12-22
2427.01,52.29174999999999,-31.36286666666667,2020-12-22
2428.01,53.83145833333332,3.0286388888888887,2020-12-22
2429.01,36.36391666666666,1.0575277777777778,2020-12-22
243.01,3.394125,-31.334402777777775,2018-11-29
2430.01,46.558791666666664,-9.810052777777779,2020-12-22
2431.01,37.765291666666656,8.381625,2020-12-22
2432.01,45.112791666666666,0.38084166666666663,2020-12-22
2433.01,299.44024999999993,56.971091666666666,2020-12-22
2434.01,345.15541666666667,46.03253611111111,2020-12-22
2435.01,219.33841666666666,56.66618333333333,2020-12-22
2436.01,191.29791666666665,72.12308333333333,2020-12-22
2437.01,37.938583333333334,-5.514986111111111,2021-01-06
2438.01,68.22687499999999,-32.887119444444444,2021-01-06
2439.01,54.028375,1.933813888888889,2021-01-06
244.01,10.569749999999999,-36.717975,2018-11-29
2440.01,55.270041666666664,-36.943730555555554,2021-01-06
2441.01,91.41016666666665,-51.67961388888889,2021-01-06
2441.02,91.41016666666665,-51.67961388888889,2021-07-19
2442.01,65.10066666666665,-31.081605555555555,2021-01-06
2443.01,40.179874999999996,1.199675,2021-01-06
2444.01,42.263791666666656,-16.559280555555556,2021-01-06
2445.01,43.31616666666666,0.05233611111111111,2021-01-06
2446.01,50.94274999999999,-31.26518611111111,2021-01-06
2447.01,70.99758333333332,-31.90663611111111,2021-01-06
2448.01,80.74020833333331,-53.76459166666667,2021-01-06
2448.02,80.74020833333331,-53.76459166666667,2021-10-25
2449.01,67.98437499999999,-34.455533333333335,2021-01-06
245.01,345.77916666666664,-33.50047222222222,2018-11-29
2450.01,77.95254166666666,6.795744444444444,2021-02-03
2451.01,81.31266666666666,-0.7707472222222223,2021-02-03
2452.01,93.09820833333333,-50.93094722222222,2021-02-03
2453.01,74.83749999999999,12.936352777777778,2021-02-03
2454.01,64.32266666666665,-7.766008333333334,2021-02-03
2455.01,64.24383333333333,14.771561111111112,2021-02-03
2456.01,80.57987499999999,10.57505,2021-02-03
2457.01,70.16733333333333,-12.890725,2021-02-03
2458.01,79.62154166666664,1.253438888888889,2021-02-03
2459.01,82.14333333333333,-39.373044444444446,2021-02-03
246.01,24.167875,-50.659308333333335,2018-12-20
2460.01,79.52816666666665,2.563675,2021-02-03
2461.01,78.91983333333332,16.2787,2021-02-03
2462.01,77.31445833333333,-5.557408333333333,2021-02-03
2463.01,88.09025,-48.09085833333334,2021-02-03
2464.01,87.67954166666665,-27.62332222222222,2021-02-03
2465.01,76.73704166666666,-18.90462222222222,2021-02-03
2466.01,76.86733333333332,16.867694444444446,2021-02-03
2467.01,65.71762499999998,-12.67703611111111,2021-02-03
2468.01,80.89608333333334,-24.121294444444445,2021-02-03
2469.01,70.3085,-15.672122222222221,2021-02-03
247.01,1.0465833333333332,-47.36063611111111,2018-11-29
2470.01,70.42854166666666,-0.6000027777777778,2021-02-03
2470.02,70.42854166666666,-0.6000027777777778,2026-07-24
2471.01,66.51479166666665,-12.511680555555555,2021-02-03
2472.01,67.04274999999998,-3.145652777777778,2021-02-03
2473.01,74.37495833333332,10.41673611111111,2021-02-03
2474.01,79.84420833333333,3.122675,2021-02-03
2475.01,76.52425,10.594175,2021-02-03
2476.01,78.108875,-7.257925,2021-02-03
2477.01,79.74245833333333,15.20306111111111,2021-02-03
2478.01,73.55433333333333,1.2336222222222222,2021-02-03
2479.01,79.70933333333332,-36.03769444444444,2021-02-03
248.01,34.68429166666666,-54.859725000000005,2018-12-20
2480.01,75.17491666666665,-34.81598888888889,2021-02-03
2481.01,77.80441666666667,2.427361111111111,2021-02-03
2482.01,71.51825,-15.343430555555557,2021-02-03
2483.01,89.83516666666665,-49.469569444444446,2021-02-03
2484.01,219.7342083333333,37.026738888888886,2021-02-11
2485.01,205.2043333333333,22.983969444444444,2021-02-11
2486.01,59.85216666666666,-36.476025,2021-02-11
2487.01,42.88833333333333,-81.00699166666666,2021-02-19
2488.01,347.13616666666667,-45.026494444444445,2021-02-19
2489.01,332.55308333333335,-45.049613888888885,2021-02-19
249.01,14.080041666666665,-38.94923333333333,2018-11-29
2490.01,73.1245,-36.25709722222222,2021-02-19
2491.01,87.28337499999999,9.62751388888889,2021-02-19
2492.01,90.09974999999999,5.1144694444444445,2021-02-19
2493.01,89.74624999999999,-21.575094444444446,2021-02-19
2494.01,90.15954166666666,0.13148055555555554,2021-02-19
2494.02,90.15954166666666,0.13148055555555554,2021-04-07
2495.01,104.82699999999998,-4.828272222222222,2021-02-19
2496.01,91.19616666666666,-32.580197222222225,2021-02-19
2497.01,90.06258333333332,11.884058333333332,2021-02-19
2498.01,95.41620833333333,11.251647222222223,2021-02-19
2499.01,89.45666666666665,-11.418202777777777,2021-02-19
250.01,359.3490416666666,-41.27721944444444,2018-11-29
2500.01,96.69895833333332,8.200977777777776,2021-02-19
2501.01,108.06658333333333,-44.027544444444445,2021-02-19
2502.01,101.39479166666666,-33.88169166666667,2021-02-19
2503.01,94.44474999999998,-35.706363888888895,2021-02-19
2504.01,97.21487499999999,11.53188888888889,2021-02-19
2505.01,95.48654166666665,-11.541394444444444,2021-03-02
2506.01,92.01095833333332,-39.01080833333334,2021-03-02
2507.01,82.55983333333333,-43.79845833333333,2021-03-02
2508.01,104.81795833333332,-14.444511111111112,2021-03-02
2509.01,94.40974999999999,-9.631072222222222,2021-03-02
251.01,353.0620833333333,-37.25586388888889,2018-11-29
2510.01,101.397375,-46.56547222222222,2021-03-02
2511.01,104.7525,-7.897455555555555,2021-03-02
2512.01,93.50970833333332,-20.99771388888889,2021-03-02
2513.01,94.02770833333332,-21.279477777777778,2021-03-02
2514.01,86.71954166666666,-17.02908888888889,2021-03-02
2515.01,89.29391666666666,-18.672244444444445,2021-03-02
2516.01,109.04441666666666,-17.453063888888888,2021-03-02
2517.01,99.17258333333332,-23.30976111111111,2021-03-02
2518.01,105.44483333333332,-34.91968611111111,2021-03-02
2519.01,97.89170833333333,-23.951597222222222,2021-03-02
252.01,57.55366666666666,-63.05391944444444,2018-12-04
2520.01,106.84145833333332,-11.436772222222222,2021-03-02
2521.01,93.52912499999998,-8.062308333333334,2021-03-02
2522.01,107.1185,-12.147866666666665,2021-03-02
2523.01,95.80987499999999,-11.348616666666667,2021-03-02
2524.01,160.88683333333333,-1.912697222222222,2021-03-02
2525.01,86.85095833333332,-60.52130833333333,2021-03-02
2525.02,86.85095833333332,-60.52130833333333,2021-03-02
2526.01,270.1348333333333,-65.61380833333332,2021-03-02
2527.01,136.65329166666666,-50.480450000000005,2021-03-02
2528.01,188.8345833333333,-18.029477777777778,2021-03-02
2529.01,118.99454166666666,-52.35483333333333,2021-03-02
253.01,14.318499999999998,-51.58525,2018-11-29
2530.01,16.772666666666662,-68.36810277777776,2021-03-02
2531.01,52.531208333333325,-60.87562222222222,2021-03-02
2532.01,201.16766666666666,-19.896158333333332,2021-03-02
2533.01,212.63879166666663,26.423430555555555,2021-03-02
2534.01,338.64462499999996,-57.570425,2021-03-02
2535.01,185.52945833333334,-24.94318611111111,2021-03-02
2536.01,90.96391666666665,-39.54644722222222,2021-03-11
2537.01,54.38824999999999,10.057747222222224,2021-03-11
2538.01,95.22633333333332,-7.298941666666667,2021-03-11
2539.01,93.03845833333332,-30.78793055555556,2021-03-11
254.01,351.70537499999995,-11.725572222222223,2018-11-29
2540.01,82.55854166666666,-42.69794722222222,2021-03-11
2540.02,82.55854166666666,-42.69794722222222,2021-03-29
2541.01,80.50883333333333,-25.722355555555556,2021-03-11
2542.01,120.55691666666665,-23.523374999999998,2021-03-11
2543.01,136.59691666666666,3.5676694444444443,2021-03-11
2544.01,120.15337499999998,-54.50900277777778,2021-03-11
2545.01,135.54579166666664,-3.420819444444444,2021-03-11
2546.01,120.96920833333333,11.13546111111111,2021-03-11
2547.01,133.32429166666665,8.523016666666667,2021-03-11
2548.01,131.10699999999997,1.8598944444444445,2021-03-11
2548.02,131.10699999999997,1.8598944444444445,2023-03-23
2549.01,121.98270833333332,-44.66691111111111,2021-03-11
255.01,346.0750833333333,-21.272016666666666,2018-11-29
2550.01,122.22812499999998,12.207622222222222,2021-03-11
2551.01,112.51562499999999,-11.790480555555556,2021-03-11
2552.01,115.91870833333331,-10.257080555555556,2021-03-11
2553.01,121.85233333333333,-49.60293888888889,2021-03-11
2554.01,126.7550833333333,-20.680147222222224,2021-03-11
2555.01,123.48845833333331,-24.717299999999998,2021-03-18
2556.01,128.70287499999998,8.569483333333332,2021-03-18
2557.01,119.24595833333332,-49.47356388888889,2021-03-18
2558.01,128.24579166666663,-25.256244444444444,2021-03-18
2559.01,312.0117083333333,-35.84260555555556,2021-03-18
256.01,11.248624999999999,-15.274108333333334,2018-11-30
256.02,11.248624999999999,-15.274108333333334,2018-11-30
2560.01,332.7592083333333,-27.295719444444448,2021-03-18
2561.01,318.6004583333333,66.40480277777779,2021-03-18
2562.01,292.0189583333333,77.37860833333333,2021-03-18
2563.01,310.7432916666666,70.27579166666666,2021-03-18
2564.01,123.27291666666665,9.447683333333334,2021-03-18
2565.01,117.04749999999999,2.123686111111111,2021-03-18
2566.01,195.31266666666667,58.419066666666666,2021-03-18
2567.01,288.4656666666666,66.34793888888889,2021-03-18
2568.01,115.68041666666666,1.3613000000000002,2021-03-18
2569.01,67.27883333333332,-1.9095305555555555,2021-03-18
257.01,47.51724999999999,-50.83226388888889,2019-01-16
2570.01,87.18804166666666,32.084044444444444,2021-03-18
2571.01,333.5929166666666,32.490119444444446,2021-03-18
2572.01,114.26370833333333,6.716772222222223,2021-03-18
2573.01,336.70945833333326,-39.78935833333333,2021-03-18
2574.01,232.80954166666663,79.26722777777778,2021-03-18
2575.01,153.79962499999996,72.01023611111111,2021-03-18
2576.01,83.65395833333332,30.406374999999997,2021-03-18
2577.01,112.02295833333332,-34.343111111111114,2021-03-18
2578.01,68.05208333333333,52.252655555555556,2021-03-18
2579.01,157.4123333333333,70.52708333333334,2021-03-18
258.01,85.46741666666667,-56.740455555555556,2018-12-04
2580.01,62.19920833333333,67.11652777777778,2021-03-18
2581.01,65.854875,-10.471777777777778,2021-03-18
2582.01,277.29179166666665,48.05993888888889,2021-03-18
2583.01,272.2670416666666,45.3369,2021-03-18
2584.01,125.10879166666666,7.5889138888888885,2021-03-18
2585.01,132.5417083333333,-2.9796444444444448,2021-03-24
2586.01,125.42145833333332,6.334944444444444,2021-03-24
2587.01,115.93170833333332,-1.0733333333333333,2021-03-24
2588.01,109.05004166666666,-45.21485277777778,2021-03-29
2589.01,107.48816666666666,-37.23094722222223,2021-03-29
259.01,3.903291666666666,-11.938263888888889,2018-11-30
2590.01,97.80041666666666,3.470486111111111,2021-04-07
2591.01,98.02420833333332,11.852283333333332,2021-04-07
2592.01,108.49458333333332,1.9642805555555556,2021-04-07
2593.01,105.22354166666665,8.095672222222223,2021-04-07
2594.01,91.21637499999999,8.365172222222222,2021-04-07
2595.01,91.39995833333332,14.356913888888888,2021-04-07
2596.01,98.01195833333333,-5.479794444444445,2021-04-07
2597.01,99.02104166666665,8.430202777777778,2021-04-07
2598.01,91.23374999999999,-1.1342472222222222,2021-04-07
2599.01,103.35716666666664,7.266611111111111,2021-04-07
260.01,4.772999999999999,-9.966149999999999,2018-11-30
2600.01,101.40833333333332,0.6685527777777778,2021-04-07
2601.01,113.40762499999998,-21.468152777777775,2021-04-07
2602.01,136.50754166666664,-39.548224999999995,2021-04-12
2603.01,142.56666666666666,-18.843066666666665,2021-04-12
2604.01,144.287625,-29.800444444444445,2021-04-12
2605.01,124.35658333333333,-34.46685277777778,2021-04-12
2606.01,132.30137499999998,-60.334983333333334,2021-04-12
2607.01,86.01858333333332,-59.94609166666666,2021-04-12
2608.01,69.427375,-80.50784722222222,2021-04-12
2609.01,152.49224999999998,-12.178677777777777,2021-04-12
261.01,15.218124999999999,-24.423994444444446,2018-11-30
261.02,15.218124999999999,-24.423994444444446,2018-11-30
2610.01,118.04991666666666,-48.49859722222222,2021-04-12
2611.01,335.26829166666664,-64.71226944444444,2021-04-12
2612.01,86.44170833333332,-61.660022222222224,2021-04-12
2613.01,22.910583333333328,-67.60990833333332,2021-04-12
2614.01,17.195291666666666,-78.17311944444445,2021-04-12
2615.01,11.477749999999999,-66.83349722222222,2021-04-12
2616.01,34.562208333333324,-64.80683611111111,2021-04-12
2617.01,96.95358333333331,-58.051575,2021-04-12
2618.01,67.77433333333332,-68.03351666666667,2021-04-12
2619.01,54.40837499999999,-70.33065833333333,2021-04-12
262.01,32.53466666666666,-31.070627777777776,2018-11-30
2620.01,42.919916666666666,-80.67546666666667,2021-04-12
2621.01,62.22233333333334,-83.9519138888889,2021-04-12
2622.01,82.55166666666666,-57.411680555555556,2021-04-12
2623.01,332.926875,-63.16743611111111,2021-04-12
2624.01,110.35874999999999,-61.31805833333333,2021-04-12
2625.01,120.19408333333332,-64.18219722222223,2021-04-12
2626.01,113.55958333333331,-67.74836944444445,2021-04-12
2627.01,349.38112499999994,-54.270063888888885,2021-04-12
2628.01,97.08024999999999,-56.96514166666667,2021-04-12
2629.01,41.51866666666666,-68.95762500000001,2021-04-12
263.01,37.108291666666666,-25.097327777777778,2018-11-30
2630.01,115.68866666666665,-68.86451388888888,2021-04-12
2631.01,330.103125,-48.710638888888894,2021-04-12
2632.01,335.46754166666665,-57.75844722222222,2021-04-12
2633.01,111.59041666666666,-13.92563611111111,2021-04-22
2634.01,41.036541666666665,3.9102305555555557,2021-04-22
2635.01,151.14874999999998,-42.90505833333333,2021-04-29
2636.01,162.41274999999996,-50.59928333333333,2021-04-29
2637.01,110.42616666666665,-64.01414444444444,2021-04-29
2638.01,159.84254166666665,-55.49180555555556,2021-04-29
2639.01,187.3577083333333,-10.985069444444443,2021-04-29
264.01,41.040083333333335,-30.16907777777778,2019-06-06
2640.01,150.27320833333332,-52.43579722222222,2021-04-29
2641.01,171.130375,-42.73213888888889,2021-04-29
2642.01,166.31879166666667,-34.12274444444444,2021-04-29
2643.01,182.16624999999996,-8.747216666666667,2021-04-29
2644.01,181.69299999999998,-16.510294444444444,2021-04-29
2645.01,67.13683333333333,-56.51564444444445,2021-05-04
2646.01,114.43704166666666,-63.55148333333333,2021-05-04
2647.01,16.31795833333333,-65.04893055555556,2021-05-04
2648.01,24.1745,-64.8760861111111,2021-05-04
2649.01,24.009333333333334,-55.79378611111111,2021-05-04
265.01,49.562166666666656,-41.30202222222222,2019-06-06
2650.01,115.95416666666667,-68.58256666666666,2021-05-04
2651.01,66.30233333333332,-66.71711944444445,2021-05-04
2652.01,98.03587499999999,-64.39576111111111,2021-05-04
2653.01,84.275375,-64.464325,2021-05-04
2654.01,52.98154166666666,-47.99469166666667,2021-05-04
2655.01,40.35791666666667,-52.36284166666667,2021-05-04
2656.01,31.900041666666663,-56.14061111111111,2021-05-04
2657.01,50.902874999999995,-40.21120833333334,2021-05-04
2658.01,45.37474999999999,-68.94524722222222,2021-05-04
2659.01,41.06079166666667,-40.196949999999994,2021-05-04
266.01,26.209249999999997,-18.40138333333333,2018-11-30
266.02,26.209249999999997,-18.40138333333333,2018-11-30
2660.01,66.88558333333333,-54.18499722222222,2021-05-04
2661.01,59.91,-46.98841388888889,2021-05-04
2662.01,21.49825,-14.818658333333333,2021-05-04
2663.01,9.28975,-13.941227777777778,2021-05-04
2664.01,156.92237499999996,0.5010277777777777,2021-05-06
2665.01,134.15895833333332,-34.628475,2021-05-06
2666.01,139.48087499999997,-3.387525,2021-05-06
2667.01,133.99349999999998,-14.355288888888888,2021-05-06
2668.01,137.02862499999998,-39.350902777777776,2021-05-06
2669.01,134.722625,-13.312580555555556,2021-05-06
267.01,39.89766666666666,-50.00819444444444,2018-11-30
2670.01,133.755,-37.34124444444445,2021-05-06
2671.01,132.26999999999998,-36.57825833333334,2021-05-06
2672.01,118.89749999999998,-25.865461111111113,2021-05-20
2673.01,130.93216666666666,-26.980825,2021-05-20
2674.01,173.0249583333333,-20.632633333333334,2021-05-27
2675.01,64.26258333333332,-29.524908333333332,2021-06-03
2676.01,35.41974999999999,0.5136194444444444,2021-06-03
2677.01,35.242374999999996,-10.385469444444444,2021-06-03
2678.01,79.6715,-44.46649444444445,2021-06-03
2679.01,52.733999999999995,-39.613572222222224,2021-06-03
268.01,65.91554166666667,-53.85110277777778,2019-05-17
2680.01,75.43941666666665,-49.28446388888889,2021-06-03
2681.01,45.01962499999999,-32.744619444444446,2021-06-03
2682.01,52.70562499999999,-49.715497222222226,2021-06-03
2683.01,76.31416666666665,-42.12866666666667,2021-06-03
2684.01,74.43175,-47.021433333333334,2021-06-03
2685.01,73.36904166666666,-45.03473888888889,2021-06-03
2686.01,50.65441666666666,-36.75188611111111,2021-06-03
2687.01,56.11008333333333,-13.108708333333333,2021-06-03
2688.01,44.173874999999995,-15.055586111111111,2021-06-03
2689.01,52.68049999999999,-22.003847222222223,2021-06-03
269.01,75.84629166666664,-54.17772222222222,2019-05-17
2690.01,52.23104166666666,-19.974666666666664,2021-06-03
2691.01,45.115583333333326,-21.26916111111111,2021-06-03
2692.01,54.09529166666666,-9.374472222222222,2021-06-03
2693.01,42.96120833333333,-15.632722222222222,2021-06-03
2694.01,76.083125,-20.725761111111108,2021-06-03
2695.01,85.31433333333332,-34.83219722222223,2021-06-03
2696.01,80.67441666666666,-20.42778888888889,2021-06-03
2697.01,80.65812499999998,-20.654113888888887,2021-06-03
2698.01,87.62479166666665,-32.77780555555555,2021-06-03
2699.01,79.48975,-33.39941666666667,2021-06-03
270.01,68.41608333333332,-51.957394444444446,2019-05-17
270.02,68.41608333333332,-51.957394444444446,2019-05-17
270.03,68.41608333333332,-51.957394444444446,2019-05-17
2700.01,70.12770833333332,-9.890483333333332,2021-06-03
2701.01,61.83695833333332,-27.269738888888888,2021-06-03
2702.01,75.47579166666667,-7.660236111111112,2021-06-03
2703.01,74.82574999999999,-7.383683333333334,2021-06-03
2704.01,85.70458333333333,-25.996544444444446,2021-06-03
2705.01,77.48108333333333,-12.629683333333334,2021-06-03
2706.01,72.21079166666665,2.47595,2021-06-03
2707.01,68.974375,2.4312722222222223,2021-06-03
2708.01,72.66908333333332,5.387255555555556,2021-06-03
2709.01,72.66816666666665,5.386163888888889,2021-06-03
271.01,70.7755,-50.21947777777778,2019-05-17
2710.01,82.34925,-23.76185,2021-06-03
2711.01,62.59470833333334,3.7628222222222223,2021-06-03
2712.01,66.14729166666666,2.575275,2021-06-03
2713.01,63.150124999999996,-12.317658333333332,2021-06-03
2714.01,61.40124999999998,-14.926744444444443,2021-06-03
2715.01,75.94595833333332,14.305611111111112,2021-06-03
2716.01,76.98916666666665,5.969122222222222,2021-06-03
2717.01,75.41083333333333,1.8406500000000001,2021-06-03
2718.01,67.28820833333332,-3.1896694444444442,2021-06-03
2719.01,71.55495833333333,-0.8048722222222222,2021-06-03
272.01,31.90916666666666,-20.661841666666664,2018-11-30
2720.01,77.27716666666667,-12.635305555555554,2021-06-03
2721.01,80.42124999999999,-38.65682777777778,2021-06-03
2722.01,66.41308333333333,-43.72026944444445,2021-06-03
2723.01,62.72424999999999,-43.24726388888889,2021-06-03
2724.01,96.61079166666666,-41.416669444444445,2021-06-03
2725.01,88.65116666666667,-31.859619444444444,2021-06-03
2726.01,86.45395833333332,-32.94751944444444,2021-06-03
2727.01,97.89570833333333,-34.882869444444445,2021-06-03
2728.01,96.814375,-3.235402777777778,2021-06-03
2729.01,90.09583333333332,-3.757325,2021-06-03
273.01,51.50445833333333,-64.54810833333333,2018-11-30
2730.01,98.26779166666665,-3.1671416666666663,2021-06-03
2731.01,96.06974999999998,-17.053230555555555,2021-06-03
2732.01,82.46987499999999,-9.158547222222223,2021-06-03
2733.01,94.84770833333332,-12.762330555555556,2021-06-03
2734.01,85.82662499999999,-40.38353333333333,2021-06-03
2735.01,88.78508333333332,-38.38898888888889,2021-06-03
2736.01,88.84166666666667,15.37845,2021-06-03
2737.01,102.19366666666666,12.282469444444445,2021-06-03
2738.01,100.78112499999999,-17.9585,2021-06-03
2739.01,100.56945833333333,-50.14416388888889,2021-06-03
274.01,130.50537499999996,-75.80186944444443,2018-11-30
2740.01,100.26054166666665,2.349277777777778,2021-06-03
2741.01,104.00595833333333,-0.4425888888888889,2021-06-03
2742.01,103.01829166666667,-2.032863888888889,2021-06-03
2743.01,100.87379166666666,-1.8712777777777778,2021-06-03
2744.01,100.56474999999999,-4.949888888888889,2021-06-03
2745.01,104.37774999999999,3.9940361111111113,2021-06-03
2746.01,104.07508333333332,3.8362083333333334,2021-06-03
2747.01,103.50358333333332,4.293583333333333,2021-06-03
2748.01,103.05441666666667,3.3578305555555557,2021-06-03
2749.01,104.05566666666667,6.731794444444445,2021-06-03
275.01,81.51666666666667,-67.23277222222222,2018-12-04
2750.01,103.28504166666664,10.655911111111111,2021-06-03
2751.01,100.61337499999999,6.816713888888889,2021-06-03
2752.01,103.20408333333333,-44.550824999999996,2021-06-03
2753.01,101.57845833333332,-3.721588888888889,2021-06-03
2754.01,101.34658333333333,-41.24921666666667,2021-06-03
2755.01,100.136,-37.056241666666665,2021-06-03
2756.01,104.90620833333331,-17.404791666666664,2021-06-03
2757.01,104.3355,-14.109961111111112,2021-06-03
2758.01,104.2405,-16.746469444444447,2021-06-03
2759.01,107.35608333333332,-44.68348333333333,2021-06-03
276.01,81.35308333333333,-55.019925,2018-11-30
2760.01,105.75212499999999,-43.49306666666667,2021-06-03
2761.01,104.82383333333333,-31.387469444444445,2021-06-03
2762.01,104.24437499999999,-19.683669444444444,2021-06-03
2763.01,102.49799999999999,-20.906780555555553,2021-06-03
2764.01,102.75166666666665,-34.738847222222226,2021-06-03
2765.01,102.33962499999998,-32.28248055555555,2021-06-03
2766.01,106.63116666666666,-53.53468055555555,2021-06-03
2767.01,100.64258333333332,-20.241519444444446,2021-06-03
2768.01,99.364125,-15.481202777777778,2021-06-03
2769.01,99.11304166666666,-15.72461388888889,2021-06-03
277.01,19.07670833333333,-20.953277777777778,2018-11-30
2770.01,95.18266666666665,14.783574999999999,2021-06-03
2771.01,94.01799999999999,15.270666666666667,2021-06-03
2772.01,83.47983333333332,10.276405555555556,2021-06-03
2773.01,82.08320833333332,-19.621497222222224,2021-06-03
2774.01,83.99283333333332,-7.688372222222222,2021-06-03
2775.01,102.41266666666665,-0.4959777777777778,2021-06-03
2776.01,102.21920833333331,-16.780502777777777,2021-06-03
2777.01,101.96891666666666,-17.724863888888887,2021-06-03
2778.01,84.62608333333333,-9.837530555555556,2021-06-03
2779.01,99.67845833333331,2.431061111111111,2021-06-03
278.01,4.883541666666666,-5.911561111111111,2018-12-11
2780.01,88.24416666666666,-16.28621388888889,2021-06-03
2781.01,87.82041666666666,-13.381044444444445,2021-06-03
2782.01,98.00454166666665,16.585416666666667,2021-06-03
2783.01,83.45058333333333,16.810666666666666,2021-06-03
2784.01,82.87845833333333,15.771333333333335,2021-06-03
2785.01,92.81508333333332,-41.721944444444446,2021-06-03
2786.01,88.908625,1.1679666666666668,2021-06-03
2787.01,87.55474999999998,-53.33074166666667,2021-06-03
2788.01,99.63112499999998,-49.44494722222222,2021-06-03
2789.01,95.47533333333331,-4.321544444444444,2021-06-03
279.01,41.18845833333333,-32.21104166666667,2019-05-17
2790.01,85.96720833333332,16.36006388888889,2021-06-03
2791.01,96.17291666666665,-36.929227777777776,2021-06-03
2792.01,95.11070833333332,-38.17295,2021-06-03
2793.01,86.47379166666666,-46.94361111111111,2021-06-03
2794.01,90.62712499999998,4.150327777777778,2021-06-03
2795.01,97.36795833333332,-46.17718611111111,2021-06-03
2796.01,84.15270833333332,0.8962777777777777,2021-06-03
2797.01,97.18783333333333,7.6992111111111114,2021-06-03
2798.01,91.43741666666665,-33.18751666666666,2021-06-03
2799.01,99.01133333333331,-45.28058333333333,2021-06-03
280.01,24.168374999999997,-36.41401111111111,2018-12-11
2800.01,98.61787499999998,-41.147730555555555,2021-06-03
2801.01,85.50008333333332,-31.87318611111111,2021-06-03
2802.01,80.73116666666665,-21.95568611111111,2021-06-03
2803.01,93.11474999999999,-23.492494444444446,2021-06-03
2804.01,146.41887499999999,-38.88736111111111,2021-06-03
2805.01,142.10720833333332,-38.947380555555554,2021-06-03
2806.01,157.92145833333333,-24.224833333333333,2021-06-03
2807.01,146.11454166666664,-35.10458888888889,2021-06-03
2808.01,155.31599999999997,-25.109333333333336,2021-06-03
2809.01,149.03470833333333,-38.08883333333333,2021-06-03
281.01,66.13625,-60.12993055555555,2018-11-30
2810.01,165.95512499999998,-50.88715277777778,2021-06-03
2811.01,143.46654166666667,-42.714875000000006,2021-06-03
2812.01,156.68520833333332,-38.04219166666667,2021-06-03
2813.01,120.85079166666667,-38.71528055555556,2021-06-04
2814.01,116.24933333333331,-48.750525,2021-06-04
2815.01,107.70866666666666,-12.833055555555555,2021-06-04
2816.01,118.34774999999998,-36.80041666666666,2021-06-04
2817.01,120.03187499999997,-42.172066666666666,2021-06-04
2818.01,119.05983333333333,-35.11671111111111,2021-06-04
2819.01,109.783875,12.776861111111112,2021-06-04
282.01,65.23829166666665,-68.10268888888888,2019-05-07
282.02,65.23829166666665,-68.10268888888888,2018-12-20
282.03,65.23829166666665,-68.10268888888888,2019-06-06
282.04,65.23829166666665,-68.10268888888888,2021-10-21
2820.01,117.11291666666665,-41.851644444444446,2021-06-04
2821.01,110.86299999999999,-50.243411111111115,2021-06-04
2822.01,120.00370833333332,-28.633447222222223,2021-06-04
2823.01,125.17983333333332,-25.691466666666667,2021-06-04
2824.01,117.68016666666664,-28.321661111111112,2021-06-04
2825.01,117.01524999999998,-48.18297777777777,2021-06-04
2826.01,102.83266666666664,-11.586241666666668,2021-06-04
2827.01,108.72195833333333,11.989394444444443,2021-06-04
2828.01,115.62895833333332,-53.037166666666664,2021-06-04
2829.01,113.98141666666665,-30.748672222222222,2021-06-04
283.01,118.56929166666666,-65.44148333333334,2019-05-07
2830.01,124.34679166666665,-17.493755555555556,2021-06-04
2831.01,113.51937499999998,-15.933991666666667,2021-06-04
2832.01,110.91066666666666,-26.71131111111111,2021-06-04
2833.01,120.662375,-49.59323888888889,2021-06-04
2833.02,120.662375,-49.59323888888889,2023-06-15
2834.01,124.386,-28.046133333333334,2021-06-04
2835.01,108.497,-34.93953055555555,2021-06-04
2836.01,121.48233333333333,-30.938488888888887,2021-06-04
2837.01,103.001375,-49.56168333333333,2021-06-04
2838.01,106.61649999999999,-18.80808888888889,2021-06-04
2839.01,123.75345833333331,-36.24807777777778,2021-06-04
284.01,84.254375,-66.79085277777777,2019-01-16
2840.01,108.64924999999998,-6.835297222222222,2021-06-04
2841.01,120.82062499999999,-42.411052777777776,2021-06-04
2842.01,108.04420833333333,-10.639338888888888,2021-06-04
2843.01,103.63958333333333,-20.28885277777778,2021-06-04
2844.01,110.20320833333331,13.01868888888889,2021-06-04
2845.01,106.17933333333332,-0.029511111111111113,2021-06-04
2846.01,108.90524999999998,-28.059291666666667,2021-06-04
2847.01,116.68941666666665,-39.13153611111111,2021-06-04
2848.01,119.99937499999999,-42.928955555555554,2021-06-04
2849.01,109.41216666666665,-6.372974999999999,2021-06-04
285.01,74.69716666666666,-56.393813888888886,2018-12-20
2850.01,91.41104166666665,-41.288263888888885,2021-06-04
2851.01,113.85424999999998,-40.87750833333333,2021-06-04
2852.01,102.11399999999999,-32.45769722222222,2021-06-04
2853.01,112.91904166666664,-38.310525,2021-06-04
2854.01,109.10083333333331,-4.7306638888888894,2021-06-04
2855.01,123.43691666666666,-18.87765277777778,2021-06-04
2856.01,101.01024999999998,-26.03061111111111,2021-06-04
2857.01,120.61454166666665,-35.485708333333335,2021-06-04
2858.01,100.66583333333332,-26.08403611111111,2021-06-04
2859.01,107.27445833333333,-39.16437777777777,2021-06-04
286.01,90.98429166666666,-60.66633611111111,2019-05-07
286.02,90.98429166666666,-60.66633611111111,2020-03-11
2860.01,120.50483333333331,-30.622233333333334,2021-06-04
2861.01,106.93979166666664,-38.43371944444444,2021-06-04
2862.01,93.57774999999998,-42.883675,2021-06-04
2863.01,110.44599999999998,-22.597941666666664,2021-06-04
2864.01,100.14925,-44.661655555555555,2021-06-04
2865.01,97.01562499999999,-35.39853611111111,2021-06-04
2866.01,126.89837499999997,-14.125433333333334,2021-06-04
2867.01,104.34533333333333,-40.57899722222223,2021-06-04
2868.01,98.96562499999999,-41.56033055555555,2021-06-04
2869.01,109.65712499999998,-13.064780555555556,2021-06-04
287.01,356.28304166666663,-17.44926388888889,2018-12-20
2870.01,111.79754166666666,14.957869444444444,2021-06-04
2871.01,123.82566666666663,-29.23165,2021-06-04
2872.01,119.61916666666664,-35.664563888888885,2021-06-04
2873.01,97.79016666666665,-39.210425,2021-06-04
2874.01,113.75520833333331,-43.87652777777778,2021-06-04
2875.01,110.77870833333333,-11.990525,2021-06-04
2876.01,110.24733333333332,-21.11463888888889,2021-06-04
2877.01,121.31133333333332,-16.59530833333333,2021-06-04
2878.01,107.35833333333333,-1.7322444444444445,2021-06-04
2879.01,124.31933333333332,-30.632886111111112,2021-06-04
288.01,340.3077083333333,-28.032658333333334,2018-09-28
2880.01,108.41241666666666,-48.696216666666665,2021-06-04
2881.01,109.29758333333332,1.1146361111111112,2021-06-04
2882.01,103.03999999999999,-12.689708333333334,2021-06-04
2883.01,109.55916666666666,-32.95761111111111,2021-06-04
2884.01,109.64033333333332,-9.701938888888888,2021-06-04
2885.01,115.51779166666665,-18.889988888888887,2021-06-04
2886.01,110.00766666666665,-10.569841666666667,2021-06-04
2887.01,121.9855,-39.01452222222222,2021-06-04
2888.01,121.95741666666665,-45.377044444444444,2021-06-04
2889.01,132.22558333333333,-61.90499722222222,2021-06-04
289.01,2.9007083333333328,-56.59967777777778,2018-10-03
2890.01,137.69958333333332,-50.922,2021-06-04
2891.01,122.89058333333331,-57.315236111111105,2021-06-04
2892.01,116.213625,-59.55115277777777,2021-06-04
2893.01,113.57774999999998,-56.58179444444445,2021-06-04
2894.01,145.4289583333333,-24.78535,2021-06-04
2895.01,145.32945833333332,-28.354658333333333,2021-06-04
2896.01,128.91604166666667,-62.114975,2021-06-04
2897.01,122.96024999999999,-61.73327777777778,2021-06-04
2898.01,121.48704166666666,-61.6672,2021-06-04
2899.01,125.68695833333331,-67.72352222222223,2021-06-04
290.01,359.51658333333324,-49.30083888888888,2018-10-03
2900.01,142.73104166666664,-51.14104444444445,2021-06-04
2901.01,140.6095,-52.04362222222222,2021-06-04
2902.01,136.33591666666666,-62.96678055555556,2021-06-04
2903.01,116.06537499999999,-51.87484444444444,2021-06-04
2904.01,114.18483333333332,-53.20458333333334,2021-06-04
2905.01,130.96162499999997,-45.97202222222222,2021-06-04
2906.01,137.39070833333332,-37.796841666666666,2021-06-04
2907.01,136.755375,-36.560063888888884,2021-06-04
2908.01,135.94383333333334,-39.217080555555555,2021-06-04
2909.01,135.66858333333332,-37.016822222222224,2021-06-04
291.01,352.1645,-10.859619444444444,2018-12-20
2910.01,129.62983333333332,-42.14188055555555,2021-06-04
2911.01,129.08054166666665,-46.36553333333333,2021-06-04
2912.01,128.827,-56.64028611111111,2021-06-04
2913.01,150.48079166666665,-31.738572222222224,2021-06-04
2914.01,127.62379166666663,-48.82061111111111,2021-06-04
2915.01,127.41408333333331,-55.56070833333333,2021-06-04
2916.01,140.683125,-45.092394444444444,2021-06-04
2917.01,139.3365833333333,-46.11472222222223,2021-06-04
2918.01,138.1382083333333,-46.400702777777774,2021-06-04
2919.01,137.26154166666666,-44.69446111111111,2021-06-04
292.01,14.714208333333332,-36.688475,2018-12-20
2920.01,148.04354166666664,-34.63778055555556,2021-06-04
2921.01,131.4982083333333,-57.97063333333333,2021-06-04
2922.01,148.530375,-36.53333055555555,2021-06-04
2923.01,130.312875,-59.00331111111111,2021-06-04
2924.01,129.56599999999997,-54.087094444444446,2021-06-04
2925.01,145.47058333333334,-41.4836,2021-06-04
2926.01,146.89433333333332,-44.93892222222222,2021-06-04
2927.01,145.55604166666663,-43.00420833333333,2021-06-04
2928.01,144.68487499999998,-43.02728333333333,2021-06-04
2929.01,137.05779166666665,-43.58446111111111,2021-06-04
293.01,358.1545416666666,-54.46893888888889,2018-12-20
2930.01,133.91687499999998,-43.39920277777778,2021-06-04
2931.01,133.203,-43.35378888888889,2021-06-04
2932.01,133.0354583333333,-46.012169444444446,2021-06-04
2933.01,132.87170833333332,-47.73920555555556,2021-06-04
2934.01,132.46454166666663,-43.28581666666666,2021-06-04
2935.01,142.27124999999998,-34.764775,2021-06-04
2936.01,147.853625,-25.59391388888889,2021-06-04
2937.01,138.05520833333333,-33.83199722222223,2021-06-04
2938.01,145.93583333333333,-25.544411111111113,2021-06-04
2939.01,149.75949999999997,-22.946761111111112,2021-06-04
294.01,339.0258333333333,-17.000305555555556,2018-12-20
2940.01,142.32999999999996,-37.47156666666667,2021-06-04
2941.01,141.42474999999996,-41.762816666666666,2021-06-04
2942.01,139.8198333333333,-39.68823888888888,2021-06-04
2943.01,138.82970833333331,-37.410488888888885,2021-06-04
2944.01,116.95783333333333,-56.764275,2021-06-04
2945.01,123.95862499999998,-51.130941666666665,2021-06-04
2946.01,135.59691666666666,-70.94758611111112,2021-06-04
2947.01,151.06483333333333,-63.37702222222222,2021-06-04
2948.01,138.35774999999998,-62.44643333333333,2021-06-04
2949.01,136.925625,-65.6419,2021-06-04
295.01,359.09187499999996,-13.271638888888889,2018-12-20
2950.01,133.78904166666663,-65.57266666666666,2021-06-04
2951.01,140.73833333333332,-68.83153055555555,2021-06-04
2952.01,134.19266666666667,-68.51045277777777,2021-06-04
2953.01,148.53437499999998,-57.048538888888885,2021-06-04
2954.01,155.84129166666665,-55.67898611111111,2021-06-04
2955.01,155.86212499999996,-55.93575555555555,2021-06-04
2956.01,154.066875,-55.71261666666667,2021-06-04
2957.01,153.7795833333333,-54.93728333333333,2021-06-04
2958.01,153.25033333333332,-58.763394444444444,2021-06-04
2959.01,150.36829166666666,-59.851711111111115,2021-06-04
296.01,353.105125,-45.90956944444444,2018-12-20
2960.01,150.43954166666668,-54.11365,2021-06-04
2961.01,156.129625,-49.765875,2021-06-04
2962.01,147.51024999999998,-55.45160277777778,2021-06-04
2963.01,145.15091666666666,-55.81554722222222,2021-06-04
2964.01,143.626375,-56.59273888888889,2021-06-04
2965.01,160.90804166666666,-47.79046666666667,2021-06-04
2966.01,150.73137499999999,-48.628391666666666,2021-06-04
2967.01,156.59616666666665,-44.177388888888885,2021-06-04
2968.01,156.53316666666663,-46.62198055555556,2021-06-04
2969.01,150.06262499999997,-47.44524444444444,2021-06-04
297.01,6.176958333333333,-36.11445833333333,2018-12-20
2970.01,165.50066666666666,-25.6906,2021-06-04
2971.01,169.64816666666667,-11.977097222222222,2021-06-04
2972.01,166.00087499999998,-30.171944444444446,2021-06-04
2973.01,170.18762499999997,-20.785861111111114,2021-06-04
2974.01,169.92166666666665,-21.24976388888889,2021-06-04
2975.01,157.27029166666662,-20.929269444444447,2021-06-04
2976.01,160.93683333333334,-21.540780555555557,2021-06-04
2977.01,143.92649999999998,-60.357475,2021-06-04
2978.01,145.16095833333333,-26.642033333333334,2021-06-04
2979.01,151.88566666666665,-43.62940833333333,2021-06-04
298.01,344.0607083333333,-34.361105555555554,2018-12-20
2980.01,176.25845833333332,-12.411672222222222,2021-06-04
2981.01,163.48737499999996,-25.5246,2021-06-04
2982.01,165.80225,-9.963469444444444,2021-06-04
2983.01,166.841,-27.218363888888888,2021-06-04
2984.01,166.534875,-25.01482777777778,2021-06-04
2985.01,166.479875,-27.768338888888888,2021-06-04
2986.01,163.77154166666665,-6.478452777777778,2021-06-04
2987.01,129.80266666666665,-44.37005277777778,2021-06-04
2988.01,156.38787499999998,-37.40765555555556,2021-06-04
2989.01,171.23166666666665,-27.062361111111112,2021-06-04
299.01,10.594624999999999,-48.29362222222222,2018-12-20
2990.01,154.71133333333333,-41.19400555555555,2021-06-04
2991.01,164.35929166666665,-34.69033611111111,2021-06-04
2992.01,164.31658333333328,-32.32243888888889,2021-06-04
2993.01,162.22683333333333,-32.41995277777777,2021-06-04
2994.01,150.75691666666665,-43.799905555555554,2021-06-04
2995.01,150.06145833333332,-44.016325,2021-06-04
2996.01,149.079875,-46.62453055555556,2021-06-04
2997.01,148.72504166666664,-43.68847222222222,2021-06-04
2998.01,147.17458333333335,-46.080575,2021-06-04
2999.01,146.92149999999998,-46.86526111111111,2021-06-04
300.01,35.73741666666667,-53.070194444444446,2018-12-20
3000.01,168.19620833333332,-32.852694444444445,2021-06-04
3001.01,143.94541666666666,-52.371380555555554,2021-06-04
3002.01,136.39174999999997,-50.66610277777777,2021-06-04
3003.01,134.57891666666666,-50.23832222222222,2021-06-04
3004.01,134.00220833333333,-50.32835,2021-06-04
3005.01,139.1903333333333,-59.528013888888886,2021-06-04
3006.01,139.20433333333332,-54.04708055555555,2021-06-04
3007.01,135.639875,-56.0128,2021-06-04
3008.01,135.03508333333332,-56.06924444444445,2021-06-04
3009.01,137.94870833333331,-60.62470555555556,2021-06-04
301.01,354.29741666666666,-42.01032222222222,2018-12-20
3010.01,136.943875,-61.01153055555555,2021-06-04
3011.01,134.44641666666664,-61.61431944444445,2021-06-04
3012.01,141.41662499999995,-54.841236111111115,2021-06-04
3013.01,135.57608333333332,-57.52708888888889,2021-06-04
3014.01,135.23854166666663,-56.55693055555555,2021-06-04
3015.01,138.00687499999995,-61.463613888888894,2021-06-04
3016.01,133.3947083333333,-62.783449999999995,2021-06-04
3017.01,133.70220833333332,-55.479525,2021-06-04
3018.01,131.14416666666665,-59.197288888888885,2021-06-04
3019.01,130.09762499999997,-58.97767777777778,2021-06-04
302.01,17.481291666666664,-52.23948611111111,2018-12-20
3020.01,130.15520833333332,-57.22383888888889,2021-06-04
3021.01,129.77804166666667,-56.26165,2021-06-04
3022.01,126.36879166666665,-73.25897222222223,2021-06-04
3023.01,165.31583333333333,-72.35670555555555,2021-06-04
3024.01,142.5312083333333,-76.2206,2021-06-04
3025.01,139.04491666666667,-76.5058138888889,2021-06-04
3026.01,160.71116666666666,-71.89055833333335,2021-06-04
3027.01,135.30041666666668,-75.08811666666666,2021-06-04
3028.01,169.88116666666664,-64.9016388888889,2021-06-04
3029.01,163.67545833333332,-60.34778611111111,2021-06-04
303.01,341.3640416666666,-14.991774999999999,2018-12-20
3030.01,163.1115833333333,-64.52344166666667,2021-06-04
3031.01,158.38925,-61.71669166666667,2021-06-04
3032.01,188.12012499999997,-50.314166666666665,2021-06-04
3033.01,161.9530833333333,-68.15093611111112,2021-06-04
3034.01,161.80712499999998,-60.75028611111111,2021-06-04
3035.01,160.76912499999997,-63.878461111111115,2021-06-04
3036.01,183.56158333333332,-56.77325277777778,2021-06-04
3037.01,179.18466666666666,-56.75662222222222,2021-06-04
3038.01,152.74537499999997,-64.11725555555554,2021-06-04
3039.01,153.12075,-67.25554166666667,2021-06-04
304.01,20.494041666666664,-44.41674722222222,2018-12-20
3040.01,151.501625,-66.89800277777779,2021-06-04
3041.01,149.32474999999997,-68.77910555555556,2021-06-04
3042.01,143.92083333333332,-64.8761111111111,2021-06-04
3043.01,142.58487499999998,-65.21773333333334,2021-06-04
3044.01,137.5490833333333,-63.40660833333333,2021-06-04
3045.01,156.21704166666666,-69.29013055555555,2021-06-04
3046.01,176.92816666666664,-60.068872222222225,2021-06-04
3047.01,171.9564583333333,-61.53122222222222,2021-06-04
3048.01,177.796125,-65.31683055555555,2021-06-04
3049.01,140.21991666666668,-69.79168055555556,2021-06-04
305.01,15.844708333333333,-44.70582777777778,2018-12-20
3050.01,131.47566666666665,-67.41170833333334,2021-06-04
3051.01,187.31512499999997,-51.00391944444444,2021-06-04
3052.01,184.61275,-56.00212777777778,2021-06-04
3053.01,148.57320833333333,-64.29690277777777,2021-06-04
3054.01,176.29158333333334,-55.49878611111111,2021-06-04
3055.01,189.47370833333332,-49.115186111111115,2021-06-04
3056.01,185.66449999999998,-58.42910833333333,2021-06-04
3057.01,182.2638333333333,-55.39453888888889,2021-06-04
3058.01,156.94349999999997,-56.76043333333333,2021-06-04
3059.01,155.30754166666665,-58.537011111111106,2021-06-04
306.01,359.19149999999996,-22.153230555555552,2018-12-20
3060.01,154.51379166666663,-56.78787777777777,2021-06-04
3061.01,154.32825,-58.27711388888889,2021-06-04
3062.01,153.673625,-55.379355555555556,2021-06-04
3063.01,153.11470833333328,-58.08119166666667,2021-06-04
3064.01,152.992125,-59.753708333333336,2021-06-04
3065.01,150.38774999999998,-59.33947777777778,2021-06-04
3066.01,149.94141666666664,-56.077872222222226,2021-06-04
3067.01,161.9493333333333,-59.03318055555555,2021-06-04
3068.01,161.4128333333333,-58.133377777777774,2021-06-04
3069.01,158.94179166666666,-50.49863611111111,2021-06-04
307.01,350.57849999999996,-22.677408333333336,2018-12-20
3070.01,173.399125,-56.70240555555556,2021-06-04
3071.01,173.27904166666664,-56.50338611111111,2021-06-04
3072.01,170.55529166666665,-55.528908333333334,2021-06-04
3073.01,182.33933333333331,-32.88668055555556,2021-06-04
3074.01,157.91358333333335,-48.994077777777775,2021-06-04
3075.01,157.99029166666665,-52.179141666666666,2021-06-04
3076.01,157.39924999999997,-53.65886666666667,2021-06-04
3077.01,146.92424999999997,-56.989761111111115,2021-06-04
3078.01,146.55591666666666,-56.29938611111111,2021-06-04
3079.01,145.30629166666665,-54.34913055555556,2021-06-04
308.01,11.484708333333332,-55.92266111111111,2018-12-20
3080.01,143.84520833333335,-57.86485277777778,2021-06-04
3081.01,146.53974999999997,-49.57732222222223,2021-06-04
3082.01,195.9080833333333,-19.21898333333333,2021-06-04
3083.01,191.11162499999998,-14.258180555555555,2021-06-04
3084.01,178.05445833333332,-27.517677777777777,2021-06-04
3085.01,153.30154166666665,-62.87535555555556,2021-06-04
3086.01,159.910125,-48.53811111111111,2021-06-04
3087.01,161.2805833333333,-48.64927222222222,2021-06-04
3088.01,145.3864583333333,-50.939502777777776,2021-06-04
3089.01,182.8504583333333,-11.997569444444444,2021-06-04
309.01,358.0395833333333,-15.80105,2018-12-20
3090.01,152.0749583333333,-53.28704722222222,2021-06-04
3091.01,166.62424999999996,-56.05583055555555,2021-06-04
3092.01,149.57366666666667,-58.92656944444444,2021-06-04
3093.01,161.701625,-49.048227777777775,2021-06-04
3094.01,161.43349999999998,-52.53814722222222,2021-06-04
3095.01,149.06266666666667,-60.00346944444444,2021-06-04
3096.01,197.18766666666664,-28.234466666666666,2021-06-04
3097.01,173.0747083333333,-47.49639444444445,2021-06-04
3098.01,173.13779166666666,-46.315266666666666,2021-06-04
3099.01,172.108375,-45.01642777777778,2021-06-04
310.01,351.1058333333333,-36.975997222222226,2018-12-20
3100.01,170.33004166666663,-44.30801944444444,2021-06-04
3101.01,175.81629166666664,-30.07316388888889,2021-06-04
3102.01,161.9452083333333,-47.02494166666666,2021-06-04
3103.01,149.40974999999997,-51.33553333333334,2021-06-04
3104.01,149.26362499999996,-49.750477777777775,2021-06-04
3105.01,198.8038333333333,-31.368750000000002,2021-06-04
3106.01,198.64866666666663,-30.722724999999997,2021-06-04
3107.01,196.7263333333333,-31.716391666666667,2021-06-04
3108.01,196.4722083333333,-31.791555555555558,2021-06-04
3109.01,164.06054166666664,-52.48229722222222,2021-06-04
311.01,354.33579166666664,-13.455794444444443,2018-12-20
3110.01,195.98662499999998,-32.43644166666666,2021-06-04
3111.01,194.76087499999994,-35.97291666666667,2021-06-04
3112.01,185.72745833333332,-11.599586111111112,2021-06-04
3113.01,177.10466666666665,-52.48340555555556,2021-06-04
3114.01,176.368375,-50.888444444444445,2021-06-04
3115.01,174.69916666666666,-52.40033611111111,2021-06-04
3116.01,165.95125,-48.52630555555555,2021-06-04
3117.01,189.66779166666666,-45.416555555555554,2021-06-04
3118.01,201.37687499999996,-28.413641666666667,2021-06-04
3119.01,174.75933333333333,-32.19058333333333,2021-06-04
312.01,14.523333333333332,-37.94255833333333,2018-12-20
3120.01,184.037125,-45.426341666666666,2021-06-04
3121.01,174.75224999999998,-29.842069444444444,2021-06-04
3122.01,226.95404166666663,-28.15660833333333,2021-06-04
3123.01,211.21774999999997,-29.947758333333333,2021-06-04
3124.01,178.147125,-77.41725000000001,2021-06-04
3125.01,223.7184583333333,-29.152091666666664,2021-06-04
3126.01,177.84054166666664,-76.87836944444443,2021-06-04
3127.01,219.33625,-24.95852222222222,2021-06-04
3128.01,157.261375,-75.21499166666666,2021-06-04
3129.01,218.91879166666664,-26.179336111111112,2021-06-04
313.01,350.77979166666665,-19.41965,2018-12-20
3130.01,150.78470833333333,-72.26779166666667,2021-06-04
3131.01,218.82033333333334,-25.055977777777777,2021-06-04
3132.01,214.42662499999997,-70.36436111111111,2021-06-04
3133.01,213.3703333333333,-68.01093333333333,2021-06-04
3134.01,212.67554166666665,-66.45767222222223,2021-06-04
3135.01,207.8592083333333,-69.77256388888888,2021-06-04
3136.01,205.3325833333333,-79.40995000000001,2021-06-04
3137.01,207.68054166666667,-77.30253611111111,2021-06-04
3138.01,215.52283333333332,-30.512525,2021-06-04
3139.01,229.74075,-28.410491666666665,2021-06-04
314.01,354.6682916666666,-32.86074444444444,2018-12-20
3140.01,203.1708333333333,-72.92627222222222,2021-06-04
3141.01,200.21870833333332,-73.77485,2021-06-04
3142.01,217.30187499999994,-62.05383055555555,2021-06-04
3143.01,216.56870833333332,-63.05047222222222,2021-06-04
3144.01,192.62158333333332,-75.65184722222223,2021-06-04
3145.01,190.95024999999998,-76.69611111111111,2021-06-04
3146.01,190.94674999999998,-76.69666666666667,2021-06-04
3147.01,183.82016666666664,-75.56805277777778,2021-06-04
3148.01,146.0868333333333,-79.54516666666666,2021-06-04
3149.01,223.97787499999995,-61.06308333333333,2021-06-04
315.01,12.07625,-32.119461111111114,2018-12-20
3150.01,222.68308333333331,-57.76123055555556,2021-06-04
3151.01,225.52479166666663,-55.28820555555556,2021-06-04
3152.01,168.61354166666663,-61.55911111111111,2021-06-04
3153.01,165.7320833333333,-60.19686944444444,2021-06-04
3154.01,162.66308333333333,-60.84701944444445,2021-06-04
3155.01,203.53149999999997,-59.575608333333335,2021-06-04
3156.01,202.92279166666665,-58.99811666666667,2021-06-04
3157.01,201.47316666666666,-59.181261111111105,2021-06-04
3158.01,171.01537499999998,-57.543638888888886,2021-06-04
3159.01,200.46441666666664,-62.54212222222222,2021-06-04
316.01,354.7591666666666,-9.882022222222222,2018-12-20
3160.01,224.56587499999998,-27.682550000000003,2021-06-04
3161.01,201.7605833333333,-53.44813055555555,2021-06-04
3162.01,190.402875,-65.79730555555555,2021-06-04
3163.01,191.08879166666662,-55.01331388888889,2021-06-04
3164.01,202.81799999999998,-48.698949999999996,2021-06-04
3165.01,191.64366666666666,-59.56483055555555,2021-06-04
3166.01,190.7458333333333,-59.79568333333333,2021-06-04
3167.01,219.16879166666664,-57.009861111111114,2021-06-04
3168.01,214.2255833333333,-55.013244444444446,2021-06-04
3169.01,188.4587083333333,-50.597455555555555,2021-06-04
317.01,353.54024999999996,-14.860038888888889,2018-12-20
3170.01,167.09512499999997,-71.23423055555556,2021-06-04
3171.01,162.99649999999997,-69.59011388888888,2021-06-04
3172.01,161.32120833333332,-68.46058888888889,2021-06-04
3173.01,179.94441666666663,-59.17365833333333,2021-06-04
3174.01,174.28720833333333,-67.51933611111112,2021-06-04
3175.01,161.52466666666666,-61.86984722222222,2021-06-04
3176.01,160.10854166666664,-62.685963888888885,2021-06-04
3177.01,183.95116666666664,-64.56748333333333,2021-06-04
3178.01,208.700875,-62.68515277777777,2021-06-04
3179.01,155.14258333333333,-62.650952777777775,2021-06-04
318.01,355.01574999999997,-53.03901666666666,2018-12-20
3180.01,152.6388333333333,-67.577925,2021-06-04
3181.01,151.49954166666666,-66.89750000000001,2021-06-04
3182.01,151.31175,-65.94198333333334,2021-06-04
3183.01,225.99149999999997,-51.18239444444444,2021-06-04
3184.01,226.64887499999998,-47.225033333333336,2021-06-04
3185.01,200.00358333333332,-47.70756388888889,2021-06-04
3186.01,147.899625,-62.786002777777774,2021-06-04
3187.01,197.5799583333333,-48.90888611111111,2021-06-04
3188.01,147.14899999999997,-64.56464722222222,2021-06-04
3189.01,145.23358333333329,-63.48721388888889,2021-06-04
319.01,351.29075,-47.94559444444444,2018-12-20
3190.01,156.6807083333333,-66.50489444444445,2021-06-04
3191.01,204.3855833333333,-66.25105,2021-06-04
3192.01,196.374,-66.3851638888889,2021-06-04
3193.01,213.96429166666664,-60.836844444444445,2021-06-04
3194.01,213.32091666666665,-60.33095277777778,2021-06-04
3195.01,216.27141666666662,-53.50498611111111,2021-06-04
3196.01,212.59649999999996,-60.138325,2021-06-04
3197.01,212.28254166666665,-62.26869166666667,2021-06-04
3198.01,225.76070833333333,-37.30328055555555,2021-06-04
3199.01,213.9599583333333,-50.538725,2021-06-04
320.01,345.522625,-16.3607,2018-12-20
3200.01,213.08237499999996,-53.704863888888895,2021-06-04
3201.01,192.32845833333332,-68.75053055555556,2021-06-04
3202.01,212.54749999999996,-51.45303333333334,2021-06-04
3203.01,212.5694583333333,-50.104977777777776,2021-06-04
3204.01,188.6015833333333,-69.75809444444444,2021-06-04
3205.01,218.47641666666667,-24.65282222222222,2021-06-04
3206.01,206.10329166666662,-64.4966,2021-06-04
3207.01,175.20412499999998,-65.02690277777778,2021-06-04
3208.01,174.38933333333333,-65.3079361111111,2021-06-04
3209.01,174.49575,-61.47105833333333,2021-06-04
321.01,350.9779166666666,-38.22578888888889,2018-12-20
3210.01,173.34033333333332,-63.34189722222222,2021-06-04
3211.01,125.68475,-79.96789166666667,2021-06-04
3212.01,171.89412499999995,-65.14442222222223,2021-06-04
3213.01,184.04429166666665,-66.05508055555555,2021-06-04
3214.01,210.67854166666663,-52.86324444444445,2021-06-04
3215.01,180.0500833333333,-61.65615833333333,2021-06-04
3216.01,179.4578333333333,-62.32754722222222,2021-06-04
3217.01,138.805875,-79.77438333333333,2021-06-04
3218.01,206.02654166666665,-32.522975,2021-06-04
3219.01,178.57541666666665,-62.37515,2021-06-04
322.01,63.82520833333332,-56.253675,2018-09-28
3220.01,178.35708333333332,-61.09773333333334,2021-06-04
3221.01,177.68875,-62.75265,2021-06-04
3222.01,139.59979166666665,-66.64609444444446,2021-06-04
3223.01,180.60641666666663,-66.52916388888889,2021-06-04
3224.01,180.2420833333333,-69.94581666666667,2021-06-04
3225.01,220.32662499999998,-61.61179722222222,2021-06-04
3226.01,170.3103333333333,-66.17234166666667,2021-06-04
3227.01,168.9982083333333,-69.31829166666667,2021-06-04
3228.01,168.86487499999998,-66.83739444444444,2021-06-04
3229.01,173.70833333333331,-64.7316888888889,2021-06-04
323.01,8.202749999999998,-32.059416666666664,2018-12-20
3230.01,219.32108333333332,-48.05159722222222,2021-06-04
3231.01,173.32241666666664,-67.44928333333334,2021-06-04
3232.01,148.00041666666667,-63.07519166666667,2021-06-04
3233.01,174.56979166666665,-56.962611111111116,2021-06-04
3234.01,189.1823333333333,-52.05703055555555,2021-06-04
3235.01,207.4738333333333,-46.066513888888885,2021-06-04
3236.01,214.31812499999998,-44.339688888888894,2021-06-04
3237.01,213.49929166666664,-44.36653888888889,2021-06-04
3238.01,208.8893333333333,-52.52451111111111,2021-06-04
3239.01,206.98112499999996,-49.721916666666665,2021-06-04
324.01,8.482,-50.72943333333333,2018-12-20
3240.01,206.32712499999997,-50.48051944444445,2021-06-04
3241.01,204.13816666666665,-51.04434166666667,2021-06-04
3242.01,211.18104166666663,-55.44769722222222,2021-06-04
3243.01,210.88424999999998,-55.44311111111111,2021-06-04
3244.01,207.8925833333333,-59.76273611111111,2021-06-04
3245.01,217.80183333333332,-23.054805555555557,2021-06-04
3246.01,213.53866666666661,-37.55838333333333,2021-06-04
3247.01,216.21941666666663,-38.014361111111114,2021-06-04
3248.01,203.84675,-38.28398055555555,2021-06-04
3249.01,219.56837499999997,-40.75108055555555,2021-06-04
325.01,13.877083333333331,-33.51230555555556,2018-12-20
3250.01,210.09624999999997,-22.34233888888889,2021-06-04
3251.01,224.78787499999996,-40.870644444444444,2021-06-04
3252.01,209.1855,-35.28885277777778,2021-06-04
3253.01,209.18349999999998,-35.29244166666666,2021-06-04
3254.01,212.73129166666664,-31.240072222222224,2021-06-04
3255.01,214.96712499999995,-28.92109166666667,2021-06-04
3256.01,124.32129166666665,-78.01494444444444,2021-06-04
3257.01,228.68437499999996,-31.902205555555554,2021-06-04
3258.01,157.0144583333333,-85.52911944444445,2021-06-04
3259.01,202.79283333333333,-58.28906111111111,2021-06-04
326.01,356.1148333333333,-46.8666,2018-12-20
3260.01,48.785958333333326,-75.72206944444444,2021-06-04
3261.01,47.72854166666666,-73.53197222222222,2021-06-04
3262.01,46.36025,-74.47277777777778,2021-06-04
3263.01,300.62508333333335,-74.34450555555556,2021-06-04
3264.01,286.48187499999995,-35.815774999999995,2021-06-04
3265.01,299.08924999999994,-60.177163888888884,2021-06-04
3266.01,270.9504166666666,-86.3092361111111,2021-06-04
3267.01,290.91349999999994,-70.60952499999999,2021-06-04
3268.01,60.05754166666666,-87.91194166666668,2021-06-04
3269.01,37.613583333333324,-84.05338333333333,2021-06-04
327.01,343.6329999999999,-34.502725,2018-12-20
3270.01,290.6766666666666,-76.32233055555555,2021-06-04
3271.01,292.96887499999997,-52.64565277777778,2021-06-04
3272.01,126.25691666666664,-85.15780000000001,2021-06-04
3273.01,318.3608333333333,-66.48159444444444,2021-06-04
3274.01,304.23320833333327,-55.874694444444444,2021-06-04
3275.01,318.3562083333333,-73.06418611111111,2021-06-04
3276.01,295.5086666666666,-59.35635,2021-06-04
3277.01,290.8569583333333,-54.330650000000006,2021-06-04
3278.01,291.86687499999994,-62.09487777777778,2021-06-04
3279.01,11.091999999999997,-75.62980555555555,2021-06-04
328.01,349.48775,-43.92552777777777,2018-12-20
3280.01,328.277875,-77.19810277777778,2021-06-04
3281.01,286.52883333333335,-38.990525,2021-06-04
3282.01,298.52295833333324,-53.38121388888889,2021-06-04
3283.01,288.95129166666663,-56.35429722222222,2021-06-04
3284.01,295.19199999999995,-49.42037777777777,2021-06-04
3285.01,295.31524999999993,-35.24692777777778,2021-06-04
3286.01,293.85687499999995,-38.432288888888884,2021-06-04
3287.01,292.75762499999996,-31.63396111111111,2021-06-04
3288.01,297.1103333333333,-43.018,2021-06-04
3289.01,289.34333333333336,-33.05478333333333,2021-06-04
329.01,351.32108333333326,-15.634630555555555,2018-12-20
3290.01,289.1402916666666,-34.781752777777776,2021-06-04
3291.01,286.967125,-63.9916,2021-06-04
3292.01,284.211375,-61.71758888888889,2021-06-04
3293.01,282.51079166666665,-62.09415555555556,2021-06-04
3294.01,279.6404166666666,-62.30179722222222,2021-06-04
3295.01,282.0113333333333,-57.54538611111111,2021-06-04
3296.01,281.55887499999994,-57.69436388888889,2021-06-04
3297.01,264.8254583333333,-87.29944444444445,2021-06-04
3298.01,274.80499999999995,-71.79390277777777,2021-06-04
3299.01,281.3114166666666,-47.08638333333334,2021-06-04
330.01,358.7516666666666,-22.538908333333335,2018-12-20
3300.01,246.03474999999992,-82.55077222222222,2021-06-04
3301.01,240.4704166666666,-78.6025611111111,2021-06-04
3302.01,185.1307083333333,-84.91667222222223,2021-06-04
3303.01,284.0489166666666,-70.249425,2021-06-04
3304.01,270.13225,-52.68300833333333,2021-06-04
3305.01,269.5460416666666,-62.47743333333334,2021-06-04
3306.01,161.04204166666662,-86.31995277777777,2021-06-04
3307.01,161.03679166666663,-86.31642222222222,2021-06-04
3308.01,274.04637499999995,-65.60808333333333,2021-06-04
3309.01,271.9919583333333,-49.55509722222222,2021-06-04
331.01,20.419249999999998,-42.48178333333333,2018-12-20
3310.01,267.4457083333333,-53.407555555555554,2021-06-04
3311.01,269.0635833333333,-57.10059722222223,2021-06-04
3312.01,272.905625,-36.782022222222224,2021-06-04
3313.01,270.6569583333333,-37.4402,2021-06-04
3314.01,279.6106666666666,-40.802252777777774,2021-06-04
3315.01,264.93424999999996,-73.37763055555556,2021-06-04
3316.01,260.7069583333333,-73.43488611111111,2021-06-04
3317.01,258.4022499999999,-74.303175,2021-06-04
3318.01,255.2711666666666,-75.4302,2021-06-04
3319.01,251.382375,-76.93782777777778,2021-06-04
332.01,348.0589583333333,-44.87648611111111,2018-12-20
3320.01,267.89595833333334,-63.005947222222225,2021-06-04
3321.01,265.7603333333333,-65.00825277777778,2021-06-04
3322.01,265.0875833333333,-63.25188333333333,2021-06-04
3323.01,262.6406666666667,-64.72314166666666,2021-06-04
3324.01,278.47499999999997,-70.94626111111111,2021-06-04
3325.01,272.2054583333333,-59.89167777777778,2021-06-04
3326.01,256.4303333333333,-70.90963055555557,2021-06-04
3327.01,281.6021666666666,-68.12609444444443,2021-06-04
3328.01,266.1236666666666,-79.59461666666667,2021-06-04
3329.01,266.881,-79.46668055555556,2021-06-04
333.01,353.35749999999996,-41.17151944444444,2018-12-20
3330.01,268.69325,-53.392922222222225,2021-06-04
3331.01,271.3241666666666,-34.107172222222225,2021-06-04
3332.01,271.0397083333333,-34.12036944444444,2021-06-04
3333.01,270.88149999999996,-35.447286111111104,2021-06-04
3334.01,276.0417499999999,-51.03665,2021-06-04
3335.01,279.1093333333333,-57.452397222222224,2021-06-04
3336.01,278.74679166666664,-55.66342222222222,2021-06-04
3337.01,275.1479166666666,-58.25315555555556,2021-06-04
3338.01,271.92341666666664,-42.54317777777778,2021-06-04
3339.01,271.611125,-44.117222222222225,2021-06-04
334.01,36.498708333333326,-63.64760833333333,2018-09-29
3340.01,270.72666666666663,-55.84180555555556,2021-06-04
3341.01,268.39975,-59.65393888888889,2021-06-04
3342.01,266.3589583333333,-56.88295,2021-06-04
3343.01,275.1649583333333,-39.220958333333336,2021-06-04
3344.01,272.45095833333323,-31.891544444444445,2021-06-04
3345.01,268.0523333333333,-45.1783,2021-06-04
3346.01,283.6649583333333,-47.99424444444445,2021-06-04
3347.01,118.34824999999998,-36.80303055555555,2021-06-04
3348.01,117.92458333333332,-37.17133611111111,2021-06-04
3349.01,108.96779166666666,-4.246519444444444,2021-06-04
335.01,21.32225,-39.947872222222216,2018-12-20
3350.01,141.69970833333332,-38.62681944444444,2021-06-09
3351.01,162.91641666666663,-44.98555,2021-06-09
3352.01,64.84145833333332,-74.58597222222222,2021-06-09
3353.01,106.52983333333331,-75.81955833333333,2021-06-09
3353.02,106.52983333333331,-75.81955833333333,2021-06-09
3354.01,95.15187499999999,-59.754672222222226,2021-06-09
3355.01,79.32366666666665,-59.06839166666667,2021-06-09
3356.01,25.71966666666666,-48.78843055555556,2021-06-15
3357.01,110.39083333333332,-21.938388888888888,2021-06-15
3358.01,133.54204166666665,-48.07279166666667,2021-06-15
3359.01,142.91979166666667,-63.36739722222222,2021-06-15
336.01,70.67029166666666,-64.88520833333334,2018-10-01
3360.01,123.67666666666665,-55.64273611111111,2021-06-15
3361.01,144.45604166666666,-59.11508611111111,2021-06-15
3362.01,155.98412499999998,-56.84311666666667,2021-06-15
3363.01,138.759,-54.31426111111111,2021-06-15
3364.01,144.53779166666666,-49.33522222222223,2021-06-15
3365.01,146.49712499999998,-46.26764166666666,2021-06-15
3366.01,155.33208333333332,-50.08146111111112,2021-06-15
3367.01,147.79304166666665,-49.41056388888889,2021-06-15
3368.01,118.08649999999999,-37.720847222222226,2021-06-16
3369.01,134.39908333333332,-36.85075,2021-06-16
337.01,7.330083333333333,-50.140052777777775,2018-12-20
3370.01,117.78183333333331,-41.57840277777778,2021-06-16
3371.01,132.69916666666668,-35.0069,2021-06-16
3372.01,117.5314583333333,-38.714130555555556,2021-06-16
3373.01,132.62795833333334,-31.98217222222222,2021-06-16
3374.01,117.26558333333332,-36.67781111111111,2021-06-16
3375.01,130.05216666666666,-31.994286111111112,2021-06-16
3376.01,117.09170833333332,-38.01898611111111,2021-06-16
3377.01,127.67008333333331,-40.280005555555555,2021-06-16
3378.01,121.28987499999998,-41.18761666666666,2021-06-16
3379.01,119.75408333333331,-25.648552777777777,2021-06-16
338.01,7.7095416666666665,-40.573461111111115,2018-12-20
3380.01,121.58574999999998,-22.09407222222222,2021-06-16
3381.01,119.48945833333332,-28.122700000000002,2021-06-16
3382.01,133.75579166666662,-9.1652,2021-06-16
3383.01,152.04399999999998,-1.2179472222222223,2021-06-16
3384.01,130.2234583333333,-19.851233333333333,2021-06-16
3385.01,115.8745,-38.908830555555554,2021-06-16
3386.01,114.31762499999999,-36.27316111111111,2021-06-16
3387.01,128.78,-18.244505555555556,2021-06-16
3388.01,113.10324999999999,-38.57480555555556,2021-06-16
3389.01,121.09399999999998,-34.26222222222222,2021-06-16
339.01,337.92162499999995,-21.94570277777778,2018-12-20
3390.01,146.64133333333334,-8.604797222222222,2021-06-16
3391.01,113.1535,-41.72540277777778,2021-06-16
3392.01,121.42954166666667,-42.702358333333336,2021-06-16
3393.01,111.59866666666665,-40.765591666666666,2021-06-16
3394.01,109.13233333333332,-44.16820277777777,2021-06-16
3395.01,103.644875,-45.064274999999995,2021-06-16
3396.01,127.14016666666666,-34.630225,2021-06-16
3397.01,122.21708333333332,-28.937825,2021-06-16
3398.01,143.54087499999997,-7.4334444444444445,2021-06-16
3399.01,120.46479166666666,-24.782616666666666,2021-06-16
340.01,11.747333333333332,-44.36995,2018-12-20
3400.01,123.6247083333333,-19.590655555555553,2021-06-16
3401.01,150.92366666666666,-10.575236111111112,2021-06-16
3402.01,120.18566666666665,-33.729847222222226,2021-06-16
3403.01,120.53895833333333,-41.20543888888889,2021-06-16
3404.01,138.0983333333333,-33.256813888888885,2021-06-16
3405.01,119.87004166666665,-30.006130555555554,2021-06-16
3406.01,133.44720833333332,-18.003194444444443,2021-06-16
3407.01,119.509,-33.996094444444445,2021-06-16
3408.01,133.207375,-1.6065222222222224,2021-06-16
3409.01,143.73199999999997,-12.250438888888889,2021-06-16
341.01,355.84499999999997,-23.99802222222222,2018-12-20
3410.01,102.59595833333333,-48.53445555555555,2021-06-16
3411.01,117.40191666666665,-34.451102777777784,2021-06-16
3412.01,147.48291666666663,-14.733219444444444,2021-06-16
3413.01,116.53833333333331,-33.483088888888894,2021-06-16
3414.01,117.91712499999998,-36.81566944444444,2021-06-16
3415.01,128.20787499999997,-13.064341666666667,2021-06-16
3416.01,123.26187499999997,-31.320175,2021-06-16
3417.01,150.38908333333333,-16.126786111111112,2021-06-16
3418.01,123.27454166666665,-23.053372222222222,2021-06-16
3419.01,123.14962499999999,-32.77668333333333,2021-06-16
342.01,342.17041666666665,-18.520466666666664,2018-12-20
3420.01,122.43079166666665,-22.868691666666667,2021-06-16
3421.01,122.09262499999998,-30.09545,2021-06-16
3422.01,140.84562499999998,2.9324833333333333,2021-06-16
3423.01,122.01095833333332,-31.18936111111111,2021-06-16
3424.01,128.80045833333332,-27.40759444444444,2021-06-16
3425.01,121.66341666666665,-31.94446111111111,2021-06-16
3426.01,156.22899999999998,0.4358277777777778,2021-06-16
3427.01,121.31645833333334,-31.84904722222222,2021-06-16
3428.01,125.65491666666667,-29.18798888888889,2021-06-16
3429.01,108.85895833333332,-42.44808888888888,2021-06-16
343.01,356.045375,-18.889525,2018-12-20
3430.01,129.44591666666668,-19.634719444444443,2021-06-16
3431.01,136.85266666666666,4.289922222222222,2021-06-16
3432.01,121.47983333333333,-41.462588888888895,2021-06-16
3433.01,135.45595833333334,0.9696138888888889,2021-06-16
3434.01,135.313875,0.8418277777777778,2021-06-16
3435.01,106.43199999999999,-49.52059722222222,2021-06-16
3436.01,119.36541666666666,-38.970241666666666,2021-06-16
3437.01,119.41245833333332,-41.241508333333336,2021-06-16
3438.01,146.33174999999997,3.0944805555555557,2021-06-16
3439.01,151.5848333333333,-79.37678888888888,2021-06-16
344.01,347.05375,-28.007825,2018-12-20
3440.01,244.33020833333333,-54.13911111111111,2021-06-16
3441.01,162.62487499999997,-79.72785833333333,2021-06-16
3442.01,244.06654166666664,-55.099986111111114,2021-06-16
3443.01,218.27841666666666,-60.093361111111115,2021-06-16
3444.01,241.28749999999997,-46.56565,2021-06-16
3445.01,244.13833333333326,-41.07396666666667,2021-06-16
3446.01,231.18416666666664,-45.380002777777776,2021-06-16
3447.01,250.34491666666662,-68.553225,2021-06-16
3448.01,232.04004166666664,-52.029675,2021-06-16
3449.01,248.02170833333332,-68.24033055555556,2021-06-16
345.01,5.696958333333332,-34.39216111111111,2018-12-20
3450.01,228.03512499999997,-53.31336666666667,2021-06-16
3451.01,243.80287499999997,-68.87621666666666,2021-06-16
3452.01,188.77045833333332,-73.12966388888889,2021-06-16
3453.01,188.91212499999997,-72.68197222222223,2021-06-16
3454.01,183.60041666666663,-72.34731111111111,2021-06-16
3455.01,180.32220833333332,-76.39957777777778,2021-06-16
3456.01,188.6662083333333,-79.35896944444444,2021-06-16
3457.01,183.20825,-79.75720555555556,2021-06-16
3458.01,201.34062499999996,-71.01202777777777,2021-06-16
3459.01,214.50008333333332,-62.355219444444444,2021-06-16
346.01,10.344499999999998,-37.343019444444444,2018-12-20
3460.01,255.9208333333333,-30.770097222222223,2021-06-16
3461.01,192.99766666666665,-71.60120833333333,2021-06-16
3462.01,148.24929166666666,-78.45977222222223,2021-06-16
3463.01,221.84199999999996,-60.54482222222222,2021-06-16
3464.01,234.48304166666665,-44.78997777777778,2021-06-16
3465.01,168.15237499999998,-74.610575,2021-06-16
3466.01,233.28029166666664,-57.63528055555555,2021-06-16
3467.01,148.19370833333332,-76.16585833333333,2021-06-16
3468.01,135.29195833333333,-75.08819444444444,2021-06-16
3469.01,250.47891666666666,-62.143613888888886,2021-06-16
347.01,354.4898333333333,-36.57163333333334,2018-12-20
3470.01,163.85837499999997,-73.33755,2021-06-16
3471.01,236.55225,-78.32566666666666,2021-06-16
3472.01,240.53687499999998,-52.03481111111111,2021-06-16
3473.01,226.82504166666664,-79.3641111111111,2021-06-16
3474.01,233.5033333333333,-47.963658333333335,2021-06-16
3475.01,230.90908333333329,-76.89574444444445,2021-06-16
3476.01,237.00829166666665,-50.69248611111111,2021-06-16
3477.01,247.67374999999998,-65.22889444444445,2021-06-16
3478.01,258.660875,-67.30262222222223,2021-06-16
3479.01,220.12341666666663,-76.17090555555556,2021-06-16
348.01,1.5835833333333333,-30.336391666666664,2018-12-20
3480.01,237.66370833333332,-43.121383333333334,2021-06-16
3481.01,212.34608333333333,-73.5351,2021-06-16
3482.01,236.54266666666666,-43.36822222222222,2021-06-16
3483.01,210.02491666666666,-77.91156944444445,2021-06-16
3484.01,249.4883333333333,-58.78044166666667,2021-06-16
3485.01,201.74974999999998,-73.59424722222222,2021-06-16
3485.02,201.74974999999998,-73.59424722222222,2023-07-20
3486.01,249.4432083333333,-59.30510833333333,2021-06-16
3487.01,255.113,-67.78103055555556,2021-06-16
3488.01,201.17474999999996,-72.67645833333334,2021-06-16
3489.01,248.91474999999994,-54.85525833333333,2021-06-16
349.01,12.274291666666665,-52.046527777777776,2018-12-20
3490.01,155.19904166666666,-78.83202222222222,2021-06-16
3491.01,245.26741666666663,-59.510555555555555,2021-06-16
3492.01,166.63666666666663,-53.73198055555556,2021-06-21
3493.01,205.79904166666665,-22.585444444444445,2021-06-21
3494.01,204.3919583333333,-37.18345833333333,2021-06-21
3495.01,187.4293333333333,-58.24013055555556,2021-06-21
3496.01,158.74354166666663,-52.77760555555555,2021-06-21
3497.01,186.78729166666662,-48.978411111111114,2021-06-21
3498.01,185.13829166666665,-62.40160833333333,2021-06-21
3499.01,155.79733333333328,-52.75021111111111,2021-06-21
350.01,21.292041666666663,-47.26283055555555,2018-12-20
3500.01,186.81687499999998,-29.83299722222222,2021-06-21
3500.02,186.81687499999998,-29.83299722222222,2024-09-24
3501.01,181.00079166666666,-28.325347222222224,2021-06-21
3502.01,174.04312499999997,-56.624175,2021-06-21
3503.01,163.7144583333333,-58.56928333333334,2021-06-21
3504.01,300.735,24.43513611111111,2021-06-23
3505.01,297.0434583333333,18.69891388888889,2021-06-23
3506.01,299.2242083333333,31.422711111111113,2021-06-23
3507.01,298.5612916666666,32.425716666666666,2021-06-23
3508.01,290.0790416666666,21.371475,2021-06-23
3509.01,302.19674999999995,25.453675,2021-06-23
351.01,357.5806666666666,-17.077594444444443,2018-12-20
3510.01,296.3539999999999,30.779966666666667,2021-06-23
3511.01,287.27512499999995,28.362633333333335,2021-06-23
3512.01,293.48016666666666,34.57374166666667,2021-06-23
3513.01,301.2247083333333,25.00963611111111,2021-06-23
3514.01,295.55679166666664,32.6141,2021-06-23
3515.01,284.51345833333323,28.937869444444445,2021-06-23
3516.01,288.97375,30.609158333333333,2021-06-23
3517.01,278.7051666666666,44.758805555555554,2021-06-23
3518.01,288.77399999999994,30.785472222222225,2021-06-23
3519.01,308.078,21.345069444444444,2021-06-23
352.01,342.0675416666666,-24.838683333333332,2018-12-20
3520.01,284.08395833333327,38.58486944444444,2021-06-23
3521.01,316.93975,31.78095,2021-06-23
3522.01,301.0795833333333,34.3988,2021-06-23
3523.01,304.28345833333333,42.90653333333333,2021-06-23
3524.01,301.07879166666663,34.39800833333333,2021-06-23
3525.01,320.4279583333333,37.822833333333335,2021-06-23
3526.01,301.5208333333333,34.315352777777775,2021-06-23
3527.01,300.26354166666664,40.577175000000004,2021-06-23
3528.01,311.86224999999996,37.11783333333334,2021-06-23
3529.01,328.05975,27.607269444444444,2021-06-23
353.01,24.272374999999997,-46.945341666666664,2018-12-20
3530.01,309.083625,38.91645555555555,2021-06-23
3531.01,321.3775,55.72293611111111,2021-06-23
3532.01,302.32491666666664,39.12054166666667,2021-06-23
3533.01,308.5627083333333,35.39505555555556,2021-06-23
3534.01,296.83725,48.23996944444445,2021-06-23
3535.01,315.63804166666665,41.92319444444444,2021-06-23
3536.01,296.4143333333333,51.16197222222222,2021-06-23
3537.01,302.2843333333333,49.154875,2021-06-23
3538.01,295.3281666666667,48.16265555555555,2021-06-23
3539.01,302.0787083333333,48.19860555555555,2021-06-23
354.01,24.047874999999998,-42.30370555555555,2018-12-20
3540.01,328.91137499999996,28.1795,2021-06-23
3541.01,310.1213333333333,25.336894444444443,2021-06-23
3542.01,307.37695833333333,36.97069444444445,2021-06-23
3543.01,305.1410416666666,42.89366944444444,2021-06-23
3544.01,323.205625,26.84613611111111,2021-06-23
3545.01,301.3144166666666,37.349805555555555,2021-06-23
3546.01,305.5173333333333,41.25505555555556,2021-06-23
3547.01,304.7650833333333,39.595575000000004,2021-06-23
3548.01,294.558,47.78312777777778,2021-06-23
3549.01,299.872375,45.49959166666667,2021-06-23
355.01,17.88820833333333,-36.70911944444445,2018-12-20
3550.01,325.3831666666666,29.91355833333333,2021-06-23
3551.01,314.5109166666666,25.54040277777778,2021-06-23
3552.01,314.54533333333325,25.898469444444444,2021-06-23
3553.01,325.6037916666666,29.869375,2021-06-23
3554.01,321.48295833333333,34.42458333333333,2021-06-23
3555.01,302.2471666666666,56.50816944444444,2021-06-23
3556.01,312.53691666666657,29.983516666666667,2021-06-23
3557.01,294.48791666666665,46.00215,2021-06-23
3558.01,314.5771666666666,36.44069444444444,2021-06-23
3559.01,296.38137499999993,39.959925000000005,2021-06-23
356.01,6.070041666666667,-37.222033333333336,2018-12-20
3560.01,296.0635,40.308569444444444,2021-06-23
3561.01,299.81,38.393652777777774,2021-06-23
3562.01,306.25624999999997,46.92309722222222,2021-06-23
3563.01,297.45374999999996,41.01101944444444,2021-06-23
3564.01,305.94037499999996,46.103141666666666,2021-06-23
3565.01,308.56187499999993,35.395202777777776,2021-06-23
3566.01,297.29591666666664,38.85722777777778,2021-06-23
3567.01,318.1045,29.84478888888889,2021-06-23
3568.01,322.60237499999994,34.739580555555555,2021-06-23
3569.01,307.0132916666666,26.401652777777777,2021-06-23
357.01,32.321875,-48.484741666666665,2018-12-20
3570.01,305.46162499999997,34.12602777777778,2021-06-23
3571.01,328.4554583333333,47.39225833333333,2021-06-23
3572.01,314.8953333333333,52.39640555555555,2021-06-23
3573.01,336.99862499999995,38.28595,2021-06-23
3574.01,326.5992083333333,41.681577777777775,2021-06-23
3575.01,326.47324999999995,36.24763055555556,2021-06-23
3576.01,300.91704166666665,52.08067777777778,2021-06-23
3577.01,327.09591666666665,48.3344,2021-06-23
3578.01,317.1247916666666,49.11284166666667,2021-06-23
3579.01,322.02920833333326,56.82313888888889,2021-06-23
358.01,3.061208333333333,-47.355422222222224,2018-12-20
3580.01,330.2712916666666,38.53028333333333,2021-06-23
3581.01,303.36899999999997,53.276849999999996,2021-06-23
3582.01,307.2925833333333,50.076925,2021-06-23
3583.01,315.88220833333327,48.68789444444444,2021-06-23
3584.01,314.8954166666667,52.39610833333333,2021-06-23
3585.01,326.807125,34.64662777777778,2021-06-23
3586.01,310.2190833333333,50.92272222222222,2021-06-23
3587.01,316.83466666666664,49.43181388888889,2021-06-23
3588.01,308.3083333333333,50.92683611111111,2021-06-23
3589.01,326.3920833333333,39.49505555555556,2021-06-23
359.01,11.673166666666667,-42.36179166666667,2018-12-20
3590.01,329.2792916666666,31.452972222222222,2021-06-23
3591.01,325.19095833333336,43.529775,2021-06-23
3592.01,332.12295833333326,33.349297222222226,2021-06-23
3593.01,331.506375,34.21165833333334,2021-06-23
3594.01,331.16237499999994,32.537013888888886,2021-06-23
3595.01,4.859291666666666,44.02759722222222,2021-06-23
3596.01,356.1282916666666,36.361716666666666,2021-06-23
3597.01,9.516583333333331,34.71140277777778,2021-06-23
3598.01,306.0494999999999,59.27843055555555,2021-06-23
3599.01,4.095,38.29853055555555,2021-06-23
360.01,347.08487499999995,-29.59044722222222,2018-12-20
3600.01,316.3839166666666,56.50436666666667,2021-06-23
3601.01,8.701208333333332,45.38741388888889,2021-06-23
3602.01,325.97212499999995,54.57426944444445,2021-06-23
3603.01,13.719833333333332,24.724075,2021-06-23
3604.01,333.50104166666665,56.91898055555556,2021-06-23
3605.01,332.7155833333333,54.481230555555555,2021-06-23
3606.01,321.2450416666666,57.66663333333333,2021-06-23
3607.01,310.7049583333333,58.514944444444446,2021-06-23
3608.01,312.45625,56.896566666666665,2021-06-23
3609.01,312.38249999999994,59.710013888888895,2021-06-23
361.01,353.90366666666665,-44.80880833333333,2018-12-20
3610.01,298.7059166666666,58.30164166666666,2021-06-23
3611.01,344.9645833333333,50.68190277777777,2021-06-23
3612.01,305.22195833333325,59.448902777777775,2021-06-23
3613.01,303.3610833333332,58.79913888888888,2021-06-23
3614.01,303.7776666666666,59.67657222222222,2021-06-23
3615.01,349.4173333333333,44.64830833333333,2021-06-23
3616.01,346.75241666666665,47.044574999999995,2021-06-23
3617.01,346.1255833333333,45.32475277777778,2021-06-23
3618.01,340.51487499999996,52.34368055555556,2021-06-23
3619.01,338.75541666666663,54.07911111111112,2021-06-23
362.01,353.238375,-28.319813888888888,2018-12-20
3620.01,20.79920833333333,33.243411111111115,2021-06-23
3621.01,11.887875,21.93855277777778,2021-06-23
3622.01,14.164416666666664,39.89161111111111,2021-06-23
3623.01,16.179374999999997,40.614961111111114,2021-06-23
3624.01,15.193791666666666,15.166163888888889,2021-06-23
3625.01,303.77725,59.67691111111111,2021-06-23
3626.01,18.554,19.470441666666666,2021-06-23
3627.01,314.04049999999995,57.70836666666667,2021-06-23
3628.01,12.866041666666666,47.66280555555556,2021-06-23
3629.01,359.79337499999997,39.314255555555555,2021-06-23
363.01,20.54725,-44.86214722222223,2018-12-20
3630.01,21.87108333333333,38.968113888888894,2021-06-23
3631.01,314.04049999999995,57.708377777777784,2021-06-23
3632.01,17.09345833333333,37.70065277777778,2021-06-23
3633.01,313.3172083333333,58.094591666666666,2021-06-23
3634.01,12.569583333333332,27.568805555555556,2021-06-23
3635.01,349.30179166666665,44.61233611111111,2021-06-23
3636.01,21.065124999999995,32.8107,2021-06-23
3637.01,329.231625,53.82653055555556,2021-06-23
3638.01,23.442749999999997,17.826630555555557,2021-06-23
3639.01,327.74024999999995,58.84039166666667,2021-06-23
364.01,342.2561666666666,-24.959294444444442,2018-12-20
3640.01,54.53824999999999,40.47555277777778,2021-06-23
3641.01,49.85895833333332,44.746405555555555,2021-06-23
3642.01,45.14824999999999,39.935111111111105,2021-06-23
3643.01,23.992583333333332,54.71644166666667,2021-06-23
3644.01,29.74233333333333,56.85776111111111,2021-06-23
3645.01,33.088208333333334,36.33227222222222,2021-06-23
3646.01,14.672624999999998,57.59006388888889,2021-06-23
3647.01,44.79483333333333,37.635422222222225,2021-06-23
3648.01,40.71525,39.57893333333334,2021-06-23
3649.01,40.21637499999999,36.10778888888889,2021-06-23
365.01,10.922374999999999,-38.043213888888886,2018-12-20
3650.01,39.548874999999995,39.27865,2021-06-23
3651.01,34.56254166666666,44.087988888888894,2021-06-23
3652.01,46.77079166666666,49.01030277777778,2021-06-23
3653.01,27.528541666666666,49.104841666666665,2021-06-23
3654.01,39.35704166666666,42.971222222222224,2021-06-23
3655.01,59.64358333333333,30.86636388888889,2021-06-23
3656.01,40.856541666666665,32.557986111111106,2021-06-23
3657.01,30.003249999999998,38.52996388888889,2021-06-23
3658.01,26.297416666666663,54.55965277777778,2021-06-23
3659.01,31.750291666666662,55.17878611111111,2021-06-23
366.01,9.692083333333331,-34.214908333333334,2018-12-20
3660.01,29.513916666666667,41.22024722222223,2021-06-23
3661.01,21.79220833333333,58.960638888888894,2021-06-23
3662.01,54.40562499999999,46.842869444444446,2021-06-23
3663.01,21.17733333333333,51.67185555555555,2021-06-23
3664.01,35.308499999999995,59.71185555555556,2021-06-23
3665.01,54.214999999999996,44.769844444444445,2021-06-23
3666.01,44.471,30.625597222222222,2021-06-23
3667.01,33.81191666666666,33.22927777777778,2021-06-23
3668.01,48.21845833333333,35.09345555555556,2021-06-23
3669.01,31.602375,33.856294444444444,2021-06-23
367.01,349.60625,-19.823841666666667,2018-12-20
3670.01,18.669666666666664,57.07769444444445,2021-06-23
3671.01,12.407583333333331,56.00155,2021-06-23
3672.01,41.90424999999999,61.30634166666666,2021-06-23
3673.01,8.722583333333331,54.74351388888889,2021-06-23
3674.01,23.877125,50.9878,2021-06-23
3675.01,45.20462499999999,27.31965,2021-06-23
3676.01,41.946124999999995,49.41043611111111,2021-06-23
3677.01,35.837875,60.889963888888886,2021-06-23
3678.01,44.233291666666666,28.771475,2021-06-23
3679.01,36.126708333333326,35.52832222222222,2021-06-23
368.01,354.170625,-34.611891666666665,2018-12-20
3680.01,9.644833333333331,54.567547222222224,2021-06-23
3681.01,35.3835,32.24604444444444,2021-06-23
3682.01,50.27520833333333,25.29726666666667,2021-06-23
3683.01,40.95829166666667,54.78039722222222,2021-06-23
3684.01,49.792333333333325,27.263330555555555,2021-06-23
3685.01,15.75433333333333,57.87901111111111,2021-06-23
3686.01,36.90058333333333,59.95272222222223,2021-06-23
3687.01,34.01829166666666,53.108336111111115,2021-06-23
3688.01,39.28233333333333,54.85121388888889,2021-06-23
3689.01,30.367916666666662,48.63652222222222,2021-06-23
369.01,351.22941666666657,-38.16079166666667,2018-12-20
3690.01,19.67020833333333,52.699436111111105,2021-06-23
3691.01,18.773083333333332,53.11768611111111,2021-06-23
3692.01,16.81375,53.67178055555555,2021-06-23
3693.01,15.654374999999998,51.303891666666665,2021-06-23
3694.01,23.432166666666667,59.425602777777776,2021-06-23
3695.01,38.259916666666655,45.285805555555555,2021-06-23
3696.01,36.71908333333334,45.03796388888889,2021-06-23
3697.01,23.04283333333333,54.276291666666665,2021-06-23
3698.01,87.88399999999999,36.787299999999995,2021-06-23
3699.01,60.93741666666665,50.23620555555556,2021-06-23
370.01,8.659666666666666,-32.166577777777775,2018-12-20
3700.01,82.250875,68.48140555555555,2021-06-23
3701.01,60.362916666666656,49.26525,2021-06-23
3702.01,49.102416666666656,58.28774444444444,2021-06-23
3703.01,76.09241666666665,44.33410833333333,2021-06-23
3704.01,72.24720833333333,44.41943055555555,2021-06-23
3705.01,75.48016666666666,50.13117777777778,2021-06-23
3706.01,76.82520833333331,59.72955,2021-06-23
3707.01,75.95237499999999,31.657874999999997,2021-06-23
3708.01,46.155458333333335,59.356925000000004,2021-06-23
3709.01,67.79533333333333,59.15956388888889,2021-06-23
371.01,8.923916666666667,-50.31696666666667,2018-12-20
3710.01,90.80862499999999,41.64946111111111,2021-06-23
3711.01,77.16375,66.5261111111111,2021-06-23
3712.01,89.24370833333332,36.35811388888889,2021-06-23
3713.01,67.99874999999999,32.86938333333333,2021-06-23
3714.01,69.55233333333331,39.45800277777778,2021-06-23
3715.01,88.89083333333333,39.12651944444445,2021-06-23
3716.01,68.00579166666665,36.012475,2021-06-23
3717.01,69.96595833333333,46.669444444444444,2021-06-23
3718.01,65.71366666666665,41.12531388888889,2021-06-23
3719.01,63.28666666666666,54.572094444444446,2021-06-23
372.01,359.7590833333333,-15.612022222222222,2018-12-20
3720.01,60.69662499999999,39.04132222222222,2021-06-23
3721.01,80.61158333333333,40.42599166666666,2021-06-23
3722.01,50.32483333333332,63.73252222222222,2021-06-23
3723.01,82.21508333333333,30.22747222222222,2021-06-23
3724.01,80.42587499999999,36.274633333333334,2021-06-23
3725.01,84.78991666666667,60.42435833333333,2021-06-23
3726.01,77.29829166666666,38.228572222222226,2021-06-23
3727.01,84.47970833333332,64.54545555555555,2021-06-23
3728.01,85.15108333333332,34.79666388888889,2021-06-23
3729.01,86.59424999999999,59.52166666666667,2021-06-23
373.01,355.90191666666664,-11.269569444444445,2018-12-20
3730.01,64.23091666666666,36.92411111111111,2021-06-23
3731.01,83.89112499999997,31.16454722222222,2021-06-23
3732.01,84.61383333333332,57.031425,2021-06-23
3733.01,83.14066666666666,57.62309166666667,2021-06-23
3734.01,79.28562499999998,53.72345833333333,2021-06-23
3735.01,55.590125,58.29533333333333,2021-06-23
3736.01,79.70349999999999,43.81593611111111,2021-06-23
3737.01,72.42716666666665,35.30165833333333,2021-06-23
3738.01,88.98558333333334,34.26580833333333,2021-06-23
3739.01,86.63591666666666,51.2426,2021-06-23
374.01,358.2274583333333,-41.70046666666667,2018-12-20
3740.01,81.57825,47.07378055555556,2021-06-23
3741.01,81.57825,47.07378055555556,2021-06-23
3742.01,72.79966666666665,50.096897222222225,2021-06-23
3743.01,58.49095833333333,58.748105555555554,2021-06-23
3744.01,60.27383333333332,67.50763611111111,2021-06-23
3745.01,65.61541666666666,46.53601111111111,2021-06-23
3746.01,78.04016666666665,34.750033333333334,2021-06-23
3747.01,58.98366666666666,57.83412222222223,2021-06-23
3748.01,51.761041666666664,61.18933055555555,2021-06-23
3749.01,68.53949999999999,32.80695,2021-06-23
375.01,47.14991666666666,-77.38332777777777,2018-12-20
3750.01,76.42379166666665,67.82031666666666,2021-06-23
3751.01,68.62904166666665,32.47663611111111,2021-06-23
3752.01,46.811833333333325,64.39536111111111,2021-06-23
3753.01,62.618624999999994,32.30676666666666,2021-06-23
3754.01,46.93420833333332,62.399680555555555,2021-06-23
3755.01,69.74724999999998,66.67120833333334,2021-06-23
3756.01,83.65299999999999,36.93962777777777,2021-06-23
3757.01,91.00362499999999,55.019980555555556,2021-06-23
3758.01,41.32362499999999,69.10625833333333,2021-06-23
3759.01,65.61541666666666,46.53601388888889,2021-06-23
376.01,354.44575,-42.96638611111111,2018-12-20
3760.01,87.64591666666665,44.687213888888884,2021-06-23
3761.01,48.66995833333333,66.920775,2021-06-23
3762.01,70.325625,55.933255555555554,2021-06-23
3763.01,57.94766666666666,47.14989444444444,2021-06-23
3764.01,48.79120833333333,66.59765833333333,2021-06-23
3765.01,57.51179166666666,46.681041666666665,2021-06-23
3766.01,70.24204166666667,57.507725,2021-06-23
3767.01,69.488125,52.71623055555556,2021-06-23
3768.01,83.37945833333332,45.08171666666667,2021-06-23
3769.01,54.82404166666666,52.824647222222225,2021-06-23
377.01,348.03979166666664,-45.017094444444446,2018-12-20
3770.01,66.38149999999999,57.80611666666666,2021-06-23
3771.01,82.56025,31.181744444444444,2021-06-23
3772.01,86.0435,36.08065277777778,2021-06-23
3773.01,61.49695833333332,51.72432222222223,2021-06-23
3774.01,95.16058333333332,43.165305555555555,2021-06-23
3775.01,107.082375,34.67444444444444,2021-06-23
3776.01,102.82762499999998,33.54557777777777,2021-06-23
3777.01,126.81870833333332,50.75781944444444,2021-06-23
3778.01,116.767,56.78343611111111,2021-06-23
3779.01,104.73320833333332,49.96873333333333,2021-06-23
378.01,1.3989999999999998,-19.489511111111113,2018-12-20
3780.01,92.60970833333332,71.41213333333334,2021-06-23
3781.01,110.87870833333332,50.34952222222223,2021-06-23
3782.01,98.53866666666666,66.6346638888889,2021-06-23
3783.01,133.70566666666664,55.13412777777778,2021-06-23
3784.01,92.84633333333333,65.762375,2021-06-23
3785.01,130.90020833333332,63.07807777777778,2021-06-23
3786.01,95.12112499999998,58.09419444444445,2021-06-23
3787.01,133.07258333333334,61.972125,2021-06-23
3788.01,94.43258333333333,54.38130555555556,2021-06-23
3789.01,115.084375,49.078608333333335,2021-06-23
379.01,68.89154166666665,-56.13885,2018-10-01
3790.01,118.42670833333331,46.47193055555556,2021-06-23
3791.01,295.3877083333333,56.21780555555556,2021-06-23
3792.01,102.59945833333332,48.94498055555555,2021-06-23
3793.01,118.16491666666666,42.78649722222222,2021-06-23
3794.01,126.84974999999999,64.76525277777777,2021-06-23
3795.01,98.73245833333331,49.676575,2021-06-23
3796.01,115.50887499999999,61.57465833333334,2021-06-23
3797.01,104.84091666666666,48.302880555555554,2021-06-23
3798.01,124.11491666666664,47.021988888888885,2021-06-23
3799.01,114.18854166666665,44.051536111111105,2021-06-23
380.01,23.280583333333333,-47.882083333333334,2018-12-20
3800.01,103.27608333333332,39.13227777777778,2021-06-23
3801.01,114.01079166666665,47.25813055555555,2021-06-23
3802.01,98.78158333333332,45.027680555555555,2021-06-23
3803.01,107.17383333333333,38.181061111111106,2021-06-23
3804.01,134.65533333333332,74.45918333333334,2021-06-23
3805.01,94.89966666666665,42.31359444444444,2021-06-23
3806.01,113.67495833333332,38.986525,2021-06-23
3807.01,139.11258333333333,69.07412777777778,2021-06-23
3808.01,96.25033333333333,33.032133333333334,2021-06-23
3809.01,100.28874999999998,48.86137777777778,2021-06-23
381.01,22.75754166666666,-51.21573333333333,2018-12-20
3810.01,112.32554166666665,33.59136111111111,2021-06-23
3811.01,95.54924999999997,83.86119444444444,2021-06-23
3812.01,112.194375,34.18535555555555,2021-06-23
3813.01,118.06004166666666,31.64693888888889,2021-06-23
3814.01,139.8384583333333,66.80327222222222,2021-06-23
3815.01,109.35854166666665,49.84008333333333,2021-06-23
3816.01,128.861625,67.12836944444443,2021-06-23
3817.01,107.50470833333333,70.97637777777778,2021-06-23
3818.01,121.59187499999999,42.19246944444444,2021-06-23
3819.01,121.86325,29.388644444444445,2021-06-23
382.01,3.797833333333333,-46.27242777777778,2018-12-20
3820.01,115.64162499999999,28.807130555555556,2021-06-23
3821.01,105.86841666666665,60.85255,2021-06-23
3822.01,104.60333333333332,59.97298055555556,2021-06-23
3823.01,127.03370833333331,56.43107777777777,2021-06-23
3824.01,126.81870833333332,50.75781944444444,2021-06-23
3825.01,151.25562499999998,40.34106388888889,2021-06-23
3826.01,149.87691666666666,36.99245,2021-06-23
3827.01,137.42133333333334,31.292480555555557,2021-06-23
3828.01,150.89249999999998,67.99003611111111,2021-06-23
3829.01,137.42125,31.292422222222225,2021-06-23
383.01,99.60958333333332,-67.65639444444444,2019-01-16
3830.01,167.2949583333333,49.955758333333335,2021-06-23
3831.01,146.82041666666666,44.638930555555554,2021-06-23
3832.01,177.70220833333332,75.20336944444445,2021-06-23
3833.01,153.1554583333333,62.329461111111115,2021-06-23
3834.01,179.90691666666663,72.30151944444444,2021-06-23
3835.01,144.39591666666666,28.245361111111112,2021-06-23
3836.01,166.23895833333333,43.46438055555556,2021-06-23
3837.01,152.66629166666664,24.27312222222222,2021-06-23
3838.01,141.48054166666662,33.41273888888889,2021-06-23
3839.01,201.51075,74.75885833333334,2021-06-23
384.01,7.6585416666666655,-52.04933055555556,2018-12-20
3840.01,151.2935,60.35209444444445,2021-06-23
3841.01,154.88337499999997,48.35355555555556,2021-06-23
3842.01,133.97762499999996,30.990347222222223,2021-06-23
3843.01,150.89191666666667,67.99037777777778,2021-06-23
3844.01,131.36624999999998,35.61716666666667,2021-06-23
3845.01,140.46216666666663,38.61896111111111,2021-06-23
3846.01,160.74808333333328,60.96411944444445,2021-06-23
3847.01,160.40454166666666,63.88859166666666,2021-06-23
3848.01,170.68966666666665,70.83227777777778,2021-06-23
3849.01,142.0869583333333,66.95015555555555,2021-06-23
385.01,116.81345833333333,-69.03038611111111,2018-10-01
3850.01,182.7094583333333,66.95215833333333,2021-06-23
3851.01,150.38041666666666,75.21189722222222,2021-06-23
3852.01,171.7897083333333,74.46535,2021-06-23
3853.01,170.67375,73.50792222222222,2021-06-23
3854.01,165.27341666666663,73.06823333333332,2021-06-23
3855.01,135.49645833333332,27.474952777777776,2021-06-23
3856.01,145.22291666666663,27.950158333333334,2021-06-23
3857.01,141.92104166666664,46.21434166666667,2021-06-23
3858.01,141.0489583333333,64.31834722222222,2021-06-23
3859.01,168.92616666666663,28.781025,2021-06-23
386.01,104.13837499999998,-53.545449999999995,2018-10-01
3860.01,188.7367083333333,49.99485833333333,2021-06-23
3861.01,179.95720833333328,11.864677777777777,2021-06-23
3862.01,185.90058333333332,50.544624999999996,2021-06-23
3863.01,187.2732083333333,31.654805555555555,2021-06-23
3864.01,213.80624999999998,67.76053888888889,2021-06-23
3865.01,187.4343333333333,39.7608,2021-06-23
3866.01,192.73641666666666,30.68593611111111,2021-06-23
3867.01,193.65529166666664,47.06624166666666,2021-06-23
3868.01,203.56720833333333,65.12838888888888,2021-06-23
3869.01,176.61195833333332,43.863572222222224,2021-06-23
387.01,52.225625,-19.97980833333333,2019-01-16
3870.01,210.95108333333332,64.27088888888889,2021-06-23
3871.01,175.1450833333333,28.549580555555558,2021-06-23
3872.01,162.38824999999997,27.190538888888888,2021-06-23
3873.01,212.49354166666663,70.06551944444445,2021-06-23
3874.01,210.51345833333332,71.32676111111111,2021-06-23
3875.01,204.08029166666665,68.51736111111111,2021-06-23
3876.01,193.89866666666663,57.141013888888885,2021-06-23
3877.01,170.45445833333332,33.99138333333333,2021-06-23
3878.01,184.351375,29.633533333333332,2021-06-23
3879.01,184.6245833333333,34.897975,2021-06-23
388.01,29.263458333333332,0.758825,2019-02-08
3880.01,188.18075,34.49481111111111,2021-06-23
3881.01,196.84429166666663,44.37737222222222,2021-06-23
3882.01,183.9619583333333,47.427994444444444,2021-06-23
3883.01,189.8289583333333,59.70348611111111,2021-06-23
3884.01,181.5718333333333,12.507025,2021-06-23
3885.01,180.2589583333333,55.84620555555556,2021-06-23
3886.01,283.00345833333336,52.4328,2021-06-23
3887.01,181.51874999999998,41.47143333333334,2021-06-23
3888.01,184.759875,36.60964166666667,2021-06-23
3889.01,180.25891666666666,55.8462,2021-06-23
389.01,112.94191666666666,-75.52755277777777,2019-01-24
3890.01,171.71133333333333,37.70523611111111,2021-06-23
3891.01,197.1452083333333,55.051338888888885,2021-06-23
3892.01,171.43262499999994,18.118830555555554,2021-06-23
3893.01,177.58124999999998,37.91607222222222,2021-06-23
3894.01,201.3748333333333,52.76810277777778,2021-06-23
3895.01,169.68987499999997,21.617202777777777,2021-06-23
3896.01,187.93024999999997,63.90854722222222,2021-06-23
3897.01,213.80654166666665,67.76091666666666,2021-06-23
3898.01,199.81674999999998,18.914216666666665,2021-06-23
3899.01,213.90212499999996,57.821472222222226,2021-06-23
390.01,30.114499999999992,-4.985686111111111,2019-02-08
3900.01,188.52804166666664,4.187825,2021-06-23
3901.01,218.33654166666665,52.38597222222222,2021-06-23
3902.01,216.75729166666665,28.49576111111111,2021-06-23
3903.01,202.90679166666663,45.62249722222222,2021-06-23
3904.01,211.70062499999997,51.99200833333333,2021-06-23
3905.01,200.48462499999997,40.26846111111111,2021-06-23
3906.01,198.24441666666664,39.866991666666664,2021-06-23
3907.01,231.24987499999997,57.81510833333333,2021-06-23
3908.01,206.78291666666664,42.73603333333333,2021-06-23
3909.01,222.16337499999997,53.83482777777778,2021-06-23
391.01,43.688083333333324,-10.898024999999999,2019-02-08
3910.01,223.6095,59.10198888888889,2021-06-23
3911.01,220.03779166666664,54.137280555555556,2021-06-23
3912.01,215.80149999999998,24.076563888888888,2021-06-23
3913.01,218.87404166666664,48.08392777777778,2021-06-23
3914.01,193.59529166666664,30.214363888888887,2021-06-23
3915.01,205.4887083333333,17.300066666666666,2021-06-23
3916.01,220.72666666666663,41.36847222222222,2021-06-23
3917.01,219.73437499999997,37.027877777777775,2021-06-23
3918.01,210.20570833333332,39.30005,2021-06-23
3919.01,208.94474999999997,40.39180555555556,2021-06-23
392.01,46.93170833333333,0.8609222222222221,2019-01-24
3920.01,336.6907916666666,57.43416111111111,2021-06-23
3921.01,231.12741666666665,46.695077777777776,2021-06-23
3922.01,228.83329166666664,40.26719722222222,2021-06-23
3923.01,308.84999999999997,61.140930555555556,2021-06-23
3924.01,340.6284583333333,64.754725,2021-06-23
3925.01,346.403125,63.45341666666667,2021-06-23
3926.01,342.63037499999996,61.15958611111111,2021-06-23
3927.01,342.66145833333326,60.77011111111111,2021-06-23
3928.01,321.38658333333336,61.812491666666666,2021-06-23
3929.01,346.4749583333333,67.18846944444445,2021-06-23
393.01,42.25008333333332,-14.537647222222223,2019-01-16
3930.01,319.54716666666667,66.16119722222223,2021-06-23
3931.01,296.83391666666665,59.64071388888889,2021-06-23
3932.01,326.2672083333333,64.06734722222222,2021-06-23
3933.01,347.9679583333333,56.862094444444445,2021-06-23
3934.01,336.8589166666666,67.76935277777778,2021-06-23
3935.01,330.75508333333335,67.62339722222221,2021-06-23
3936.01,344.32204166666656,59.201372222222226,2021-06-23
3937.01,334.1329999999999,66.86056944444444,2021-06-23
3938.01,333.663375,68.6853138888889,2021-06-23
3939.01,356.70837499999993,66.86080555555554,2021-06-23
394.01,48.49945833333333,-8.57385,2019-01-24
3940.01,356.8863333333333,54.178308333333334,2021-06-23
3941.01,356.4070833333333,55.225972222222225,2021-06-23
3942.01,355.7257916666666,58.452425000000005,2021-06-23
3943.01,309.7684166666666,61.45906111111111,2021-06-23
3944.01,337.78549999999996,61.643,2021-06-23
3945.01,334.9903333333333,62.656666666666666,2021-06-23
3946.01,334.01379166666663,61.057561111111106,2021-06-23
3947.01,333.725875,62.858736111111114,2021-06-23
3948.01,332.63349999999997,61.82940833333333,2021-06-23
3949.01,331.2275833333333,64.46375,2021-06-23
395.01,56.304666666666655,-10.973452777777778,2019-01-16
3950.01,331.07879166666663,61.62793333333333,2021-06-23
3951.01,330.7153333333333,60.21183888888889,2021-06-23
3952.01,323.152875,67.91194722222222,2021-06-23
3953.01,264.5030416666666,59.64347222222222,2021-06-23
3954.01,323.985125,61.20910833333333,2021-06-23
3955.01,346.15637499999997,56.73164722222222,2021-06-23
3956.01,229.22008333333332,51.39785555555555,2021-06-23
3957.01,315.26391666666666,63.424274999999994,2021-06-23
3958.01,349.6859583333333,63.25049722222222,2021-06-23
3959.01,319.7272083333333,65.32926388888889,2021-06-23
396.01,42.984958333333324,-30.814061111111112,2019-02-08
396.02,42.984958333333324,-30.814061111111112,2019-02-08
396.03,42.984958333333324,-30.814061111111112,2020-06-24
3960.01,238.85791666666663,67.0429861111111,2021-06-23
3961.01,355.7444583333333,62.290124999999996,2021-06-23
3962.01,355.0810833333333,62.13674722222222,2021-06-23
3963.01,354.13833333333326,60.52620833333333,2021-06-23
3964.01,351.79695833333324,60.231830555555554,2021-06-23
3965.01,349.0958333333333,64.72186944444445,2021-06-23
3966.01,225.38087499999997,38.533274999999996,2021-06-23
3967.01,301.67316666666665,61.169349999999994,2021-06-23
3968.01,354.14666666666665,58.133655555555556,2021-06-23
3969.01,353.64354166666664,54.54165277777778,2021-06-23
397.01,76.83362499999998,-48.11588888888889,2019-01-16
3970.01,296.06624999999997,77.23545,2021-06-23
3971.01,307.0944999999999,61.93366944444444,2021-06-23
3972.01,9.305083333333332,61.20509722222223,2021-06-23
3973.01,229.67991666666666,44.456205555555556,2021-06-23
3974.01,236.23637499999998,45.627744444444446,2021-06-23
3975.01,227.30587499999996,44.700875,2021-06-23
3976.01,224.35599999999997,44.274322222222224,2021-06-23
3977.01,231.12654166666664,46.694516666666665,2021-06-23
3978.01,11.370166666666664,78.44772222222223,2021-06-23
3979.01,14.558708333333332,61.09951944444445,2021-06-23
398.01,37.155541666666664,-7.060666666666666,2019-02-08
3980.01,12.841916666666664,59.57586111111112,2021-06-23
3981.01,12.855333333333332,59.409908333333334,2021-06-23
3982.01,352.55645833333324,53.156349999999996,2021-06-23
3983.01,228.8329583333333,40.266955555555555,2021-06-23
3984.01,226.33716666666663,36.786975,2021-06-23
3985.01,8.762541666666667,58.13641944444444,2021-06-23
3986.01,1.129375,66.40304444444445,2021-06-23
3987.01,8.762374999999999,58.13644722222222,2021-06-23
3988.01,8.508416666666665,58.84429166666667,2021-06-23
3989.01,6.3865,63.04063611111111,2021-06-23
399.01,77.04758333333334,-50.85890555555556,2019-01-31
3990.01,5.117333333333333,63.031397222222225,2021-06-23
3991.01,0.20241666666666663,62.80304444444444,2021-06-23
3992.01,5.625416666666665,57.873275,2021-06-23
3993.01,5.437999999999999,59.105755555555554,2021-06-23
3994.01,6.140208333333333,62.23563055555556,2021-06-23
3995.01,1.5954583333333332,56.19244444444444,2021-06-23
3996.01,1.1867083333333333,54.19668055555555,2021-06-23
3997.01,3.392833333333333,59.89653333333333,2021-06-23
3998.01,7.636999999999999,56.33146666666667,2021-06-23
3999.01,9.9455,62.39335833333333,2021-06-23
400.01,41.63916666666666,-0.464125,2019-02-08
4000.01,0.974625,64.77631944444444,2021-06-23
4001.01,2.5289583333333328,64.57256666666666,2021-06-23
4002.01,2.3355416666666664,60.159077777777775,2021-06-23
4003.01,26.462249999999997,63.92471666666666,2021-06-23
4004.01,22.973499999999994,66.81933333333333,2021-06-23
4005.01,34.11991666666666,76.25318055555556,2021-06-23
4006.01,23.943583333333333,65.63878611111112,2021-06-23
4007.01,23.655666666666665,62.32551666666667,2021-06-23
4008.01,34.29387499999999,70.39598055555557,2021-06-23
4009.01,12.779916666666665,70.94581111111111,2021-06-23
401.01,74.46645833333332,-53.81794722222222,2019-01-24
4010.01,20.214833333333328,66.0722,2021-06-23
4010.02,20.214833333333328,66.0722,2021-06-23
4010.03,20.214833333333328,66.0722,2021-07-08
4011.01,24.600999999999996,72.99316944444445,2021-06-23
4012.01,41.39883333333333,66.35923055555556,2021-06-23
4013.01,25.791124999999997,70.91442500000001,2021-06-23
4014.01,58.20466666666666,68.77746666666667,2021-06-23
4015.01,53.419999999999995,68.61266666666666,2021-06-23
4016.01,5.277958333333332,66.83234444444444,2021-06-23
4016.02,5.277958333333332,66.83234444444444,2025-07-17
4017.01,7.739583333333333,68.45510833333334,2021-06-23
4018.01,7.213958333333333,66.46818888888889,2021-06-23
4019.01,9.170833333333333,65.93748611111111,2021-06-23
402.01,36.867875,-27.636116666666666,2019-01-31
402.02,36.867875,-27.636116666666666,2019-01-31
4020.01,29.423041666666663,63.90438888888889,2021-06-23
4021.01,28.65770833333333,64.56985,2021-06-23
4022.01,255.128875,59.625661111111114,2021-06-23
4023.01,297.032875,85.07605277777778,2021-06-23
4024.01,335.62762499999997,78.26233333333333,2021-06-23
4025.01,257.44887499999993,77.48532777777778,2021-06-23
4026.01,345.4054583333333,73.60989444444444,2021-06-23
4027.01,353.158625,69.42214166666668,2021-06-23
4028.01,355.230625,69.97445277777778,2021-06-23
4029.01,239.2337083333333,16.98028611111111,2021-06-23
403.01,52.81804166666666,-23.819791666666667,2019-02-08
4030.01,277.6228333333333,56.77045277777778,2021-06-23
4031.01,277.32545833333336,55.320525,2021-06-23
4032.01,313.0985416666666,66.59931388888889,2021-06-23
4033.01,310.10045833333334,67.5338,2021-06-23
4034.01,335.14699999999993,71.76734722222223,2021-06-23
4035.01,332.124125,68.90455277777778,2021-06-23
4036.01,355.5129166666666,76.91878333333334,2021-06-23
4037.01,342.55233333333325,75.8604,2021-06-23
4038.01,305.0202499999999,73.27776388888888,2021-06-23
4039.01,273.73445833333335,49.76158888888889,2021-06-23
404.01,58.428999999999995,-34.328272222222225,2019-02-08
4040.01,268.6144583333333,77.48831111111112,2021-06-23
4041.01,246.8554583333333,21.616791666666668,2021-06-23
4042.01,255.3640833333333,28.988525,2021-06-23
4043.01,325.55462499999993,69.50480833333333,2021-06-23
4044.01,256.66433333333333,63.77853611111111,2021-06-23
4045.01,241.36449999999996,55.18600555555555,2021-06-23
4046.01,238.6868333333333,25.013938888888887,2021-06-23
4047.01,351.605125,68.03606944444444,2021-06-23
4048.01,346.5779166666667,71.21333055555556,2021-06-23
4049.01,293.7647916666666,66.25505,2021-06-23
405.01,101.9095,-66.32831666666667,2019-01-16
4050.01,306.8526666666666,68.23186666666666,2021-06-23
4051.01,240.6918333333333,71.22428888888889,2021-06-23
4052.01,282.66316666666665,55.801405555555554,2021-06-23
4053.01,288.09287499999994,77.92262222222223,2021-06-23
4054.01,276.2914583333333,60.77329722222222,2021-06-23
4055.01,269.1792083333333,64.766625,2021-06-23
4056.01,247.54962499999996,49.89579166666667,2021-06-23
4057.01,286.18654166666664,64.15314444444445,2021-06-23
4058.01,278.8049166666666,73.59949166666667,2021-06-23
4059.01,274.1827916666666,76.89091111111112,2021-06-23
406.01,49.26262499999999,-42.24415,2019-05-17
406.02,49.26262499999999,-42.24415,2021-07-19
4060.01,297.06166666666667,64.42604166666668,2021-06-23
4061.01,255.128875,59.625658333333334,2021-06-23
4062.01,259.09862499999997,67.56660833333333,2021-06-23
4063.01,244.3695833333333,46.648022222222224,2021-06-23
4064.01,243.37037499999994,42.88550277777778,2021-06-23
4065.01,242.83195833333332,47.712652777777784,2021-06-23
4066.01,245.99254166666663,45.26109722222222,2021-06-23
4067.01,243.93587499999995,48.32550277777778,2021-06-23
4068.01,233.69487499999997,79.44983611111111,2021-06-23
4069.01,252.5939583333333,16.98271944444444,2021-06-23
407.01,111.21170833333332,-62.09243055555556,2019-01-16
4070.01,250.27612499999998,42.43631388888888,2021-06-23
4071.01,249.2914583333333,43.34476111111111,2021-06-23
4072.01,257.735,36.45287777777778,2021-06-23
4073.01,46.56616666666666,70.21469166666667,2021-06-23
4074.01,29.423374999999997,63.90458888888889,2021-06-23
4075.01,23.943583333333333,65.63878611111112,2021-06-23
4076.01,250.90704166666663,36.14136388888889,2021-06-23
4077.01,250.2985,38.961555555555556,2021-06-23
4078.01,25.092999999999993,65.20387777777778,2021-06-23
4079.01,19.98083333333333,64.53805277777778,2021-06-23
408.01,47.827749999999995,-35.62806944444444,2019-02-08
4080.01,84.86520833333333,81.54344999999999,2021-06-23
4081.01,21.57275,64.84000833333333,2021-06-23
4082.01,17.399916666666662,69.73204444444444,2021-06-23
4083.01,26.68783333333333,63.61223611111111,2021-06-23
4084.01,280.77945833333325,20.218838888888886,2021-06-23
4085.01,281.835625,26.417833333333334,2021-06-23
4086.01,138.280625,85.27103055555555,2021-06-23
4087.01,217.92579166666667,83.37270555555556,2021-06-23
4088.01,100.08104166666665,76.55306944444445,2021-06-23
4089.01,267.8512083333333,22.66133333333333,2021-06-23
409.01,104.18166666666666,-60.687952777777774,2019-01-16
4090.01,278.23224999999996,39.637997222222225,2021-06-23
4091.01,277.9792499999999,39.66930833333333,2021-06-23
4092.01,258.43116666666657,81.00405,2021-06-23
4093.01,290.7384583333333,59.43120277777778,2021-06-23
4093.02,290.7384583333333,59.43120277777778,2023-03-02
4094.01,297.6781666666666,68.16766111111112,2021-06-23
4095.01,257.89966666666663,47.25706388888889,2021-06-23
4096.01,237.9868333333333,67.03968611111111,2021-06-23
4097.01,320.23308333333324,83.02277777777778,2021-06-23
4098.01,319.3510416666666,79.6107,2021-06-23
4099.01,294.5619583333333,71.57453333333333,2021-06-23
410.01,56.81499999999999,-52.98520833333333,2019-01-24
4100.01,288.579,59.895802777777774,2021-06-23
4101.01,288.51829166666664,56.62600277777778,2021-06-23
4102.01,297.4845833333333,73.08646388888889,2021-06-23
4103.01,289.7512083333333,82.87558333333332,2021-06-23
4104.01,277.7176666666667,19.796008333333337,2021-06-23
4105.01,282.2040416666666,65.94164166666667,2021-06-23
4106.01,280.7457916666666,62.81838888888889,2021-06-23
4107.01,269.2407083333333,58.882622222222224,2021-06-23
4108.01,257.667375,60.02846666666667,2021-06-23
4109.01,246.36791666666667,66.3515861111111,2021-06-23
411.01,54.81954166666666,-42.76302777777778,2019-05-07
411.02,54.81954166666666,-42.76302777777778,2019-05-17
4110.01,244.44129166666664,69.4477138888889,2021-06-23
4111.01,290.98074999999994,63.557269444444444,2021-06-23
4112.01,290.1088333333333,61.085433333333334,2021-06-23
4113.01,283.88966666666664,71.40067222222223,2021-06-23
4114.01,292.9652916666666,61.88205277777778,2021-06-23
4115.01,249.12133333333333,57.15000833333333,2021-06-23
4116.01,271.4036249999999,47.550327777777774,2021-06-23
4117.01,246.20279166666663,60.96550277777778,2021-06-23
4118.01,268.37329166666666,46.346408333333336,2021-06-23
4119.01,246.27041666666668,73.28349444444444,2021-06-23
412.01,64.3115,-38.84417222222223,2019-01-31
4120.01,241.9287083333333,82.0725361111111,2021-06-23
4121.01,267.7070833333333,16.77485833333333,2021-06-23
4122.01,184.9680833333333,83.23569722222223,2021-06-23
4123.01,131.23354166666664,75.10567777777777,2021-06-23
4124.01,279.25808333333333,14.2066,2021-06-23
4125.01,109.30537499999998,70.78018888888889,2021-06-23
4126.01,108.818,81.22098333333334,2021-06-23
4127.01,105.40454166666665,72.41493055555556,2021-06-23
4128.01,128.26145833333334,82.0247611111111,2021-06-23
4129.01,281.5272916666666,46.24856666666667,2021-06-23
413.01,66.37091666666666,-30.60043611111111,2019-06-06
4130.01,116.06970833333332,68.82625833333333,2021-06-23
4131.01,280.9612083333333,48.13407222222222,2021-06-23
4132.01,216.76562499999997,78.76273333333333,2021-06-23
4133.01,75.10458333333332,69.82073888888888,2021-06-23
4134.01,70.50616666666666,79.98753055555555,2021-06-23
4135.01,271.49312499999996,78.04929166666666,2021-06-23
4136.01,20.407416666666663,82.16878333333334,2021-06-23
4137.01,77.612875,70.39107777777778,2021-06-23
4138.01,227.53216666666665,72.71031388888889,2021-06-23
4139.01,24.67058333333333,80.43334722222222,2021-06-23
414.01,36.85358333333333,-12.038930555555556,2019-02-08
4140.01,96.97787499999998,74.00813055555555,2021-06-23
4141.01,87.95245833333331,71.29060833333334,2021-06-23
4142.01,263.891375,35.27651111111111,2021-06-23
4143.01,70.10054166666667,81.07727222222222,2021-06-23
4144.01,86.61779166666666,75.04553888888888,2021-06-23
4145.01,39.42974999999999,80.26738333333333,2021-06-23
4146.01,274.4177916666667,34.09138333333333,2021-06-23
4147.01,83.08816666666667,79.80913333333334,2021-06-23
4148.01,30.021666666666665,77.369,2021-06-23
4149.01,61.055083333333314,75.49665555555556,2021-06-23
415.01,62.61608333333332,-45.898244444444444,2019-06-06
4150.01,62.521,70.91571666666667,2021-06-23
4151.01,287.42699999999996,56.364272222222226,2021-06-23
4152.01,280.7636666666666,24.089702777777777,2021-06-23
4153.01,335.3934583333333,82.21608055555556,2021-06-23
4154.01,332.90529166666664,82.73064166666667,2021-06-23
4155.01,325.6362083333333,77.73438333333334,2021-06-23
4156.01,230.7808333333333,76.33188055555556,2021-06-23
4156.02,230.7808333333333,76.33188055555556,2023-03-02
4157.01,345.9819166666666,85.44302222222223,2021-06-23
4158.01,264.3009583333333,72.08647777777777,2021-06-23
4159.01,115.45174999999999,74.18387777777778,2021-06-23
416.01,48.854375,-2.1753138888888888,2019-01-16
4160.01,111.74112499999998,72.22933888888889,2021-06-23
4161.01,110.15041666666666,72.7594,2021-06-23
4162.01,290.3918333333333,73.35012222222221,2021-06-23
4163.01,290.0576666666666,73.98965833333334,2021-06-23
4164.01,284.8845833333333,73.51328333333333,2021-06-23
4165.01,316.0125833333333,85.87820833333333,2021-06-23
4166.01,156.22954166666665,84.75471944444445,2021-06-23
4167.01,285.79699999999997,57.38817777777778,2021-06-23
4168.01,173.83370833333333,79.41305277777778,2021-06-23
4169.01,311.8204583333333,76.10700833333333,2021-06-23
417.01,110.85179166666667,-58.69673888888889,2019-01-16
4170.01,337.59424999999993,77.86550277777778,2021-06-23
4171.01,286.72054166666663,81.6545388888889,2021-06-23
4172.01,268.04520833333333,58.366825,2021-06-23
4173.01,175.1984583333333,79.61255833333333,2021-06-23
4174.01,275.09845833333327,71.16193611111112,2021-06-23
4175.01,198.54012499999996,-16.559330555555555,2021-06-29
4176.01,202.00137499999997,-29.79107777777778,2021-06-29
4177.01,188.56516666666664,-35.05366111111111,2021-06-29
4178.01,192.13312499999998,-13.653380555555556,2021-06-29
4179.01,202.41616666666664,-16.555127777777777,2021-06-29
418.01,60.38554166666666,-20.451,2019-06-06
4180.01,136.91924999999998,-50.640230555555554,2021-07-01
4181.01,42.812416666666664,-73.15551111111111,2021-07-01
4182.01,45.91474999999999,-69.74769722222223,2021-07-08
4183.01,329.82987499999996,-19.744600000000002,2021-07-08
4184.01,43.82845833333332,-79.41470277777778,2021-07-08
4185.01,172.22787499999998,-38.10697777777778,2021-07-08
4186.01,321.10799999999995,-29.248222222222225,2021-07-08
4187.01,48.28395833333333,-34.375416666666666,2021-07-08
4187.02,48.28395833333333,-34.375416666666666,2026-07-24
4188.01,290.67224999999996,-51.42640833333333,2021-07-08
4189.01,81.348875,-44.431286111111106,2021-07-08
419.01,104.15395833333332,-59.181308333333334,2019-01-16
4190.01,40.924,-28.343988888888887,2021-07-08
4191.01,151.7079583333333,-29.966741666666664,2021-07-08
4192.01,23.788125,-41.507216666666665,2021-07-12
4193.01,35.047374999999995,-54.103319444444445,2021-07-12
4194.01,22.26625,-8.17935,2021-07-12
4195.01,17.63225,-34.27067777777778,2021-07-12
4196.01,16.001041666666666,-31.68548888888889,2021-07-12
4197.01,62.02254166666666,-12.332383333333333,2021-07-12
4198.01,59.018541666666664,3.610113888888889,2021-07-12
4199.01,99.03999999999998,6.472366666666667,2021-07-12
420.01,78.44770833333332,7.055841666666667,2019-02-08
4200.01,100.36783333333332,-3.8923722222222223,2021-07-12
4201.01,90.47470833333333,-13.461372222222222,2021-07-12
4202.01,103.31074999999998,2.9369833333333335,2021-07-12
4203.01,93.33479166666666,-11.492308333333332,2021-07-12
4204.01,86.90516666666666,4.382897222222222,2021-07-12
4205.01,101.29699999999998,-1.9604916666666665,2021-07-12
4206.01,98.98424999999997,4.713477777777778,2021-07-12
4207.01,98.31362499999997,-4.1063,2021-07-12
4208.01,100.89891666666665,-1.1584638888888887,2021-07-12
4209.01,86.68204166666666,3.989738888888889,2021-07-12
421.01,81.85329166666666,-14.276741666666668,2019-05-17
421.02,81.85329166666666,-14.276741666666668,2021-10-21
4210.01,109.77245833333332,-14.970588888888889,2021-07-12
4211.01,110.79241666666667,-13.219616666666667,2021-07-12
4212.01,116.38212499999999,-25.984691666666667,2021-07-12
4213.01,117.47587499999997,-10.381905555555557,2021-07-12
4214.01,110.24949999999998,-13.926263888888888,2021-07-12
4215.01,113.83633333333331,-11.0016,2021-07-12
4216.01,111.29320833333333,-8.620052777777778,2021-07-12
4217.01,112.72983333333332,-28.684266666666666,2021-07-12
4218.01,118.79137499999999,-22.611008333333334,2021-07-12
4219.01,113.98291666666665,-30.748180555555557,2021-07-12
422.01,71.80279166666666,-17.25336666666667,2019-02-08
4220.01,117.35337499999997,-14.564683333333335,2021-07-12
4221.01,116.80662499999998,-14.558191666666668,2021-07-12
4222.01,110.86808333333332,3.1349472222222223,2021-07-12
4223.01,104.807375,-37.452019444444446,2021-07-12
4224.01,114.74791666666665,-30.575280555555555,2021-07-12
4225.01,117.12112499999998,-19.340208333333333,2021-07-12
4226.01,116.96441666666665,-25.56793611111111,2021-07-12
4227.01,107.70954166666665,-20.055305555555556,2021-07-12
4228.01,114.56604166666665,-23.804575,2021-07-12
4229.01,110.29429166666665,-9.500597222222222,2021-07-12
423.01,76.08187499999998,-6.229780555555556,2019-02-08
4230.01,117.67312499999998,-26.525980555555556,2021-07-12
4231.01,117.47212499999999,-28.353483333333333,2021-07-12
4232.01,115.80958333333332,-26.239291666666666,2021-07-12
4233.01,113.26658333333332,-30.104097222222222,2021-07-12
4234.01,106.35508333333331,-21.109525,2021-07-12
4235.01,106.63312499999998,-38.05449722222222,2021-07-12
4236.01,149.8538333333333,-45.449352777777776,2021-07-12
4237.01,134.75620833333332,-42.18680277777777,2021-07-12
4238.01,141.39595833333328,-33.22945277777778,2021-07-12
4239.01,148.5657083333333,-25.093580555555555,2021-07-12
424.01,71.92129166666666,-17.745005555555558,2019-02-08
4240.01,139.66166666666666,-32.74871944444445,2021-07-12
4241.01,140.32833333333332,-39.32501666666667,2021-07-12
4242.01,113.175125,-51.99814722222222,2021-07-12
4243.01,134.3713333333333,-52.03958055555555,2021-07-12
4244.01,130.70937499999997,-46.21332777777778,2021-07-12
4245.01,125.80624999999998,-45.79245833333333,2021-07-12
4246.01,111.11129166666666,-51.69736388888889,2021-07-12
4247.01,123.912375,-50.62085277777778,2021-07-12
4248.01,134.43325,-38.37114722222222,2021-07-12
4249.01,119.48070833333333,-52.65103333333333,2021-07-12
425.01,78.09887499999999,-13.60563611111111,2019-02-08
4250.01,118.80041666666666,-48.70314722222223,2021-07-12
4251.01,138.05229166666666,-39.65792777777778,2021-07-12
4252.01,131.72004166666667,-51.19101666666666,2021-07-12
4253.01,131.96958333333333,-50.47060555555556,2021-07-12
4254.01,128.9275,-53.82826111111111,2021-07-12
4255.01,124.35145833333331,-45.40654444444444,2021-07-12
4256.01,141.24783333333335,-42.79976388888889,2021-07-12
4257.01,138.7410833333333,-45.12296944444444,2021-07-12
4258.01,137.490375,-43.20171944444445,2021-07-12
4259.01,117.33004166666665,-51.26170555555556,2021-07-12
426.01,79.10220833333332,-15.510241666666667,2019-02-08
4260.01,138.42041666666665,-43.180474999999994,2021-07-12
4261.01,137.28504166666664,-46.18465,2021-07-12
4262.01,126.33541666666663,-47.04304444444444,2021-07-12
4263.01,148.086625,-34.95788888888889,2021-07-12
4264.01,150.08054166666665,-39.65956111111111,2021-07-12
4265.01,128.70154166666666,-56.33182777777778,2021-07-12
4266.01,145.77866666666665,-58.510777777777776,2021-07-12
4267.01,166.07024999999996,-49.82149722222223,2021-07-12
4268.01,119.31170833333333,-56.962925000000006,2021-07-12
4269.01,165.85891666666666,-44.268775,2021-07-12
427.01,64.65708333333332,-17.419833333333333,2019-02-08
4270.01,168.56387499999997,-37.910133333333334,2021-07-12
4271.01,160.89645833333333,-47.25633055555556,2021-07-12
4272.01,159.97958333333332,-43.77038888888889,2021-07-12
4273.01,149.75141666666664,-48.19866111111111,2021-07-12
4274.01,173.71816666666663,-63.44581944444444,2021-07-12
4275.01,147.71316666666667,-62.20310833333333,2021-07-12
4276.01,299.975125,-73.87593333333332,2021-07-12
4277.01,295.3512916666666,-76.21986666666668,2021-07-12
4278.01,302.86837499999996,-64.34628055555555,2021-07-12
4279.01,235.16533333333328,-81.20331666666667,2021-07-12
428.01,71.80991666666665,-17.24861388888889,2019-02-08
4280.01,304.7009166666666,-58.687349999999995,2021-07-12
4281.01,249.36874999999998,-80.97407222222222,2021-07-12
4282.01,301.99904166666664,-70.61559166666666,2021-07-12
4283.01,276.8286666666666,-77.13165277777777,2021-07-12
4284.01,345.71925,-80.13946944444444,2021-07-12
4285.01,250.89074999999994,-75.98841388888889,2021-07-12
4286.01,107.523375,-55.85655833333333,2021-07-12
4287.01,234.85341666666665,-85.47374166666667,2021-07-12
4288.01,100.19883333333333,-56.54637222222222,2021-07-12
4289.01,121.18837499999998,-82.06576388888888,2021-07-12
429.01,72.97729166666666,-53.829625,2019-01-31
4290.01,109.81520833333332,-80.47377777777778,2021-07-12
4291.01,290.5304166666666,-83.23344722222222,2021-07-12
4292.01,266.63379166666664,-70.40981111111111,2021-07-12
4293.01,302.97845833333326,-49.00156944444444,2021-07-12
4294.01,285.6285,-31.543211111111113,2021-07-12
4295.01,4.632458333333333,-84.36000833333333,2021-07-12
4296.01,33.449999999999996,-27.86767777777778,2021-07-15
4296.02,33.449999999999996,-27.86767777777778,2026-04-09
4296.03,33.449999999999996,-27.86767777777778,2026-04-09
4297.01,14.351874999999998,-21.550475000000002,2021-07-15
4298.01,35.988166666666665,-34.10993055555556,2021-07-15
4299.01,182.10054166666663,-55.04708888888889,2021-07-19
430.01,60.278458333333326,4.540869444444445,2019-02-08
4300.01,175.53995833333332,-57.36848888888889,2021-07-19
4301.01,166.25095833333333,-46.03453888888889,2021-07-19
4302.01,14.736166666666666,-76.58989166666666,2021-07-19
4303.01,72.35637499999999,-43.35368611111111,2021-07-19
4304.01,126.61583333333333,10.080369444444445,2021-07-19
4304.03,126.61583333333333,10.080369444444445,2022-04-20
4305.01,310.4435833333333,-68.13498611111112,2021-07-19
4305.02,310.4435833333333,-68.13498611111112,2021-07-28
4306.01,64.13091666666665,-28.315791666666666,2021-07-19
4307.01,81.3275,-75.69373333333334,2021-07-19
4307.02,81.3275,-75.69373333333334,2021-07-19
4308.01,327.75308333333334,-43.56236388888889,2021-07-19
4309.01,158.57849999999996,-9.162847222222222,2021-07-19
431.01,83.26924999999999,-26.723869444444443,2019-02-08
431.02,83.26924999999999,-26.723869444444443,2019-06-06
4310.01,351.9035416666666,-25.50846111111111,2021-07-19
4311.01,41.68554166666666,-31.179319444444445,2021-07-19
4311.02,41.68554166666666,-31.179319444444445,2021-07-28
4312.01,37.54758333333333,-3.405125,2021-07-19
4313.01,108.88458333333331,-55.55501666666667,2021-07-19
4314.01,71.26658333333332,5.871586111111111,2021-07-19
4315.01,344.62295833333326,-44.71693611111111,2021-07-19
4316.01,126.55349999999999,12.28185,2021-07-19
4317.01,38.31041666666666,1.6909305555555556,2021-07-19
4318.01,59.771874999999994,6.924472222222223,2021-07-19
4319.01,100.97187499999998,-43.89298333333333,2021-07-26
432.01,57.86566666666666,-10.614077777777778,2019-02-08
4320.01,51.64033333333333,-43.61366388888889,2021-07-27
4320.02,51.64033333333333,-43.61366388888889,2021-07-27
4321.01,327.9479583333333,-70.35191388888889,2021-07-27
4322.01,73.74108333333334,-41.344211111111115,2021-07-27
4323.01,54.46679166666666,-30.05743888888889,2021-07-27
4323.02,54.46679166666666,-30.05743888888889,2021-07-27
4324.01,145.6464583333333,-19.2357,2021-07-27
4325.01,101.84858333333332,6.128716666666667,2021-07-27
4326.01,351.98841666666664,-26.45462222222222,2021-07-27
4327.01,73.20687500000001,-76.33968055555555,2021-07-27
4328.01,68.28883333333333,-36.94585833333333,2021-07-27
4329.01,329.5639166666666,71.13160555555555,2021-07-27
433.01,78.77841666666666,-15.10046388888889,2019-02-08
4330.01,220.35020833333328,-33.95048333333334,2021-07-28
4331.01,231.24854166666665,-40.216633333333334,2021-07-28
4332.01,209.69916666666666,-40.61907222222222,2021-07-28
4333.01,229.73095833333332,-44.5004,2021-07-28
4334.01,219.47695833333333,-46.28512222222222,2021-07-28
4335.01,199.73420833333333,-62.97441944444444,2021-07-28
4336.01,206.10699999999997,-40.33735,2021-07-28
4337.01,164.28979166666664,-69.97938055555555,2021-07-28
4338.01,196.73333333333332,-58.110955555555556,2021-07-28
4339.01,212.92874999999998,-29.973980555555553,2021-07-28
434.01,80.53824999999999,-30.970816666666664,2019-06-06
4340.01,175.661625,-40.06051111111111,2021-07-28
4341.01,291.53487499999994,-43.18718888888888,2021-07-28
4342.01,324.3894166666666,-77.97914722222222,2021-07-28
4342.02,324.3894166666666,-77.97914722222222,2021-07-28
4343.01,101.83058333333332,-56.61750277777778,2021-07-28
4344.01,69.65104166666666,-61.343472222222225,2021-07-28
4345.01,298.43837499999995,-69.85210277777777,2021-07-28
4346.01,86.018875,-66.35909722222222,2021-07-28
4347.01,84.19354166666665,-24.031219444444442,2021-07-28
4348.01,83.90995833333332,-57.13863055555556,2021-07-28
4349.01,0.12958333333333333,-26.23108333333333,2021-07-28
435.01,59.41058333333333,-25.18993888888889,2019-06-06
4350.01,32.88391666666666,-76.10743333333333,2021-07-28
4351.01,61.75924999999999,-58.15101388888889,2021-07-28
4352.01,346.83283333333327,-60.08497222222223,2021-07-28
4353.01,48.583375,-34.032802777777775,2021-07-28
4354.01,32.671166666666664,-0.6788833333333333,2021-07-28
4355.01,98.14383333333332,-55.64896944444445,2021-07-28
4356.01,83.99595833333332,-63.92638888888889,2021-07-28
4357.01,106.91320833333332,-66.40657777777778,2021-07-28
4358.01,344.12429166666664,-76.79768055555556,2021-07-28
4359.01,149.7314583333333,-53.301513888888884,2021-08-06
436.01,61.639499999999984,-25.094116666666665,2019-01-31
4360.01,21.71925,-68.63452222222223,2021-08-06
4361.01,141.34766666666664,-15.922147222222222,2021-08-06
4362.01,106.39612499999998,-51.38399166666667,2021-08-06
4363.01,37.11054166666666,-12.54936388888889,2021-08-06
4364.01,80.06691666666666,-4.239247222222223,2021-08-06
4365.01,231.95566666666662,-56.319052777777785,2021-08-06
4366.01,180.29816666666667,-67.76023333333333,2021-08-06
4367.01,202.16716666666665,-61.834719444444445,2021-08-06
4368.01,202.65204166666663,-61.21803055555556,2021-08-06
4369.01,100.58779166666666,-58.18321944444444,2021-08-12
437.01,84.32675,-27.972575,2019-06-06
4370.01,201.46116666666666,-16.428175,2021-08-12
4371.01,186.90083333333328,-60.163330555555554,2021-08-13
4372.01,218.8555,-76.21409444444444,2021-08-13
4373.01,203.17591666666664,-65.24136666666666,2021-08-13
4374.01,180.4332083333333,-61.95474166666667,2021-08-13
4375.01,206.77499999999998,-70.50753055555556,2021-08-13
4376.01,223.30549999999997,-50.79624166666667,2021-08-13
4377.01,164.9324583333333,-82.22135,2021-08-13
4378.01,20.278541666666666,-85.59065277777778,2021-08-13
4379.01,252.04787499999998,-32.43375277777778,2021-08-13
438.01,56.504708333333326,9.9903,2019-02-08
4380.01,252.28162499999996,-54.204680555555555,2021-08-13
4381.01,263.16741666666667,-64.35299722222221,2021-08-13
4382.01,266.16754166666664,-44.24598888888889,2021-08-13
4383.01,258.9188333333333,-79.64818333333334,2021-08-13
4384.01,223.19358333333332,-68.66654444444445,2021-08-13
4385.01,268.1980833333333,-45.08280555555556,2021-08-13
4386.01,246.62137499999994,-63.45787777777778,2021-08-13
4387.01,266.74662499999994,-47.208394444444444,2021-08-13
4388.01,302.5820416666666,-78.72615555555556,2021-08-13
4389.01,256.44016666666664,-30.816705555555554,2021-08-13
439.01,75.29966666666667,-26.054144444444447,2019-02-08
4390.01,262.6475416666666,-52.336730555555555,2021-08-19
4391.01,236.06929166666663,-54.320888888888895,2021-08-19
4392.01,241.77862499999998,-55.768002777777774,2021-08-19
4393.01,264.9777916666666,-31.010480555555556,2021-08-19
4394.01,239.561375,-65.08450555555555,2021-08-19
4395.01,262.52,-42.456375,2021-08-19
4396.01,256.81999999999994,-66.12705555555554,2021-08-19
4397.01,265.109375,-32.12408611111111,2021-08-19
4398.01,260.79925,-51.024433333333334,2021-08-19
4399.01,287.741125,-60.27263611111111,2021-08-26
440.01,82.246,-17.42956388888889,2019-01-31
4400.01,317.15941666666663,-55.56516111111111,2021-08-27
4401.01,43.136583333333334,-30.206588888888888,2021-08-27
4402.01,53.504791666666655,-54.36678888888889,2021-08-27
4403.01,90.71012499999998,-55.53293055555555,2021-08-27
4404.01,123.72499999999998,-57.433077777777775,2021-08-27
4405.01,101.59533333333331,-75.44412777777778,2021-08-27
4405.02,101.59533333333331,-75.44412777777778,2022-03-24
4406.01,18.048499999999997,-56.92538611111111,2021-08-27
4407.01,50.21979166666666,-56.07171944444445,2021-08-27
4408.01,93.18062499999999,-57.31440833333333,2021-08-27
4409.01,81.81866666666666,-54.94609722222222,2021-08-27
441.01,74.47279166666665,-13.703708333333333,2019-02-08
4410.01,44.39629166666667,-66.51249722222222,2021-08-27
4411.01,126.89683333333329,11.667413888888888,2021-08-27
4412.01,249.80833333333325,-52.09983888888889,2021-08-27
4413.01,97.22787499999998,-73.32666666666667,2021-08-27
4414.01,267.4752083333333,-37.53131666666667,2021-08-27
4415.01,247.09837499999995,-49.51415277777778,2021-08-27
4416.01,251.77999999999997,-39.94730833333333,2021-08-27
4417.01,244.4672083333333,-54.16647777777778,2021-08-27
4418.01,273.8463333333333,-68.59525277777777,2021-08-27
4418.02,273.8463333333333,-68.59525277777777,2023-09-21
4419.01,288.4889583333333,-76.08931944444444,2021-08-27
442.01,64.19020833333333,-12.08486388888889,2019-02-08
4420.01,246.79962499999996,-69.34403611111111,2021-08-27
4421.01,84.23720833333333,-75.61142222222222,2021-08-27
4422.01,270.05116666666663,-31.608594444444446,2021-08-27
4423.01,252.0310833333333,-56.686775,2021-08-27
4424.01,268.24441666666667,-48.56308055555555,2021-08-27
4425.01,264.8414583333333,-35.391819444444444,2021-08-27
4426.01,294.86545833333327,46.28581388888889,2021-09-09
4427.01,135.04925,72.14774722222222,2021-09-09
4428.01,294.51324999999997,45.98164444444445,2021-09-09
4429.01,225.58962499999996,70.94959444444444,2021-09-09
443.01,71.82441666666666,-17.115172222222224,2019-02-08
4430.01,286.68016666666665,78.57914166666666,2021-09-09
4431.01,288.58149999999995,41.089733333333335,2021-09-09
4432.01,271.30820833333325,47.91122222222222,2021-09-09
4433.01,287.57054166666666,43.531708333333334,2021-09-09
4434.01,292.85570833333327,46.39118888888889,2021-09-09
4435.01,290.58174999999994,40.577311111111115,2021-09-09
4436.01,308.4265833333333,87.00932777777778,2021-09-09
4437.01,293.5832083333333,76.66108611111112,2021-09-09
4438.01,270.31724999999994,35.5949,2021-09-09
4439.01,284.28083333333325,48.53791666666667,2021-09-09
444.01,64.184,-26.766408333333334,2019-05-17
4440.01,284.83045833333335,44.658094444444444,2021-09-09
4441.01,276.1235416666666,32.06539166666666,2021-09-09
4442.01,88.75470833333333,82.88901111111112,2021-09-09
4443.01,274.26866666666666,21.90954722222222,2021-09-09
4443.02,274.26866666666666,21.90954722222222,2021-10-21
4444.01,285.97175,42.545625,2021-09-09
4445.01,287.1305833333333,42.35015277777778,2021-09-09
4446.01,292.87291666666664,41.06417222222222,2021-09-09
4447.01,172.87229166666665,71.0814861111111,2021-09-09
4448.01,293.7327916666666,36.81549444444444,2021-09-09
4449.01,278.32604166666664,25.395158333333335,2021-09-09
445.01,77.32358333333333,-36.591033333333336,2019-01-31
4450.01,306.1378333333333,87.07115555555555,2021-09-09
4451.01,274.7604583333333,34.04570277777778,2021-09-09
4452.01,270.16570833333327,72.93950000000001,2021-09-09
4453.01,289.83949999999993,56.930369444444445,2021-09-09
4454.01,282.9662083333333,48.34505555555556,2021-09-09
4455.01,294.192125,39.618972222222226,2021-09-09
4456.01,296.20054166666665,49.140030555555555,2021-09-09
4457.01,289.43466666666666,49.47345555555556,2021-09-09
4458.01,252.126,74.76375,2021-09-09
4459.01,251.8273333333333,67.29805277777777,2021-09-09
446.01,75.17158333333332,-35.202675000000006,2019-02-08
4460.01,19.910041666666665,85.13438888888889,2021-09-09
4461.01,279.146875,16.452441666666665,2021-09-09
4462.01,274.66995833333334,36.25485555555556,2021-09-09
4463.01,279.358125,18.729952777777775,2021-09-09
4464.01,113.13324999999999,75.78968888888889,2021-09-09
4465.01,276.13404166666663,15.841886111111112,2021-09-09
4466.01,299.09749999999997,43.49758611111111,2021-10-07
4467.01,285.26854166666664,48.55988333333333,2021-10-07
4468.01,260.57504166666666,72.64537222222224,2021-10-07
4468.02,260.57504166666666,72.64537222222224,2023-03-02
4469.01,299.05062499999997,17.56996388888889,2021-10-07
447.01,77.26016666666666,-36.46447777777778,2019-01-31
4470.01,300.182125,22.709775,2021-10-07
4471.01,294.99633333333327,50.47004722222223,2021-10-07
4472.01,292.28729166666665,43.19725555555555,2021-10-07
4473.01,290.3579583333333,40.56769722222223,2021-10-07
4474.01,298.62499999999994,48.577450000000006,2021-10-07
4475.01,289.6079583333333,44.34543333333333,2021-10-07
4476.01,285.2138333333333,39.02746666666667,2021-10-07
4477.01,309.4614583333333,37.15593888888889,2021-10-07
4478.01,303.5491666666667,54.694405555555555,2021-10-07
4479.01,316.0969583333333,24.653675,2021-10-07
448.01,75.79537499999999,-30.399461111111112,2019-02-08
4480.01,294.35654166666666,38.94734166666667,2021-10-07
4481.01,311.26970833333326,44.500236111111114,2021-10-07
4482.01,297.0154583333333,49.225300000000004,2021-10-07
4483.01,297.79091666666665,16.912566666666667,2021-10-07
4484.01,296.6830833333333,42.96788055555556,2021-10-07
4485.01,293.09254166666665,41.35550833333333,2021-10-07
4486.01,305.4413333333333,26.692675,2021-10-07
4487.01,306.42208333333326,45.97103055555556,2021-10-07
4488.01,299.90591666666666,45.439611111111105,2021-10-07
4489.01,284.29604166666667,51.26912222222222,2021-10-07
449.01,63.75624999999999,-22.116388888888892,2019-02-08
4490.01,299.56187499999993,43.50351666666667,2021-10-07
4491.01,305.68975,47.30861944444444,2021-10-07
4492.01,308.6507916666666,29.23810277777778,2021-10-07
4493.01,298.6869166666666,23.06094166666667,2021-10-07
4494.01,293.3282083333333,33.48260555555556,2021-10-07
4495.01,286.36249999999995,37.02598888888889,2021-10-07
4495.02,286.36249999999995,37.02598888888889,2021-10-21
4496.01,305.2709166666666,43.67516666666666,2021-10-07
4497.01,306.3960833333333,27.81608888888889,2021-10-07
4498.01,295.46858333333336,23.377283333333335,2021-10-07
4499.01,284.36187499999994,39.07618333333334,2021-10-07
4499.02,284.36187499999994,39.07618333333334,2024-03-14
450.01,79.00508333333332,-31.412694444444444,2019-05-17
4500.01,306.2440833333333,30.34818611111111,2021-10-07
4501.01,292.72370833333326,30.433452777777777,2021-10-07
4502.01,311.43537499999996,43.44515,2021-10-07
4503.01,103.092875,-65.09765555555555,2021-10-21
4504.01,114.46729166666667,-62.07827777777778,2021-10-21
4504.02,114.46729166666667,-62.07827777777778,2021-10-21
4505.01,95.24179166666666,-60.955780555555556,2021-10-21
4506.01,354.410625,-12.842530555555555,2021-10-21
4507.01,80.45137499999998,-69.98821666666667,2021-11-18
4508.01,69.61474999999999,-31.18933611111111,2021-10-21
4509.01,100.95341666666666,-52.63838055555556,2021-10-21
451.01,62.966375,-37.93973055555555,2019-01-31
451.02,62.966375,-37.93973055555555,2021-07-28
451.03,62.966375,-37.93973055555555,2021-07-28
4510.01,115.63904166666666,-58.62327222222222,2021-10-21
4511.01,49.305291666666655,15.501727777777777,2021-10-21
4511.02,49.305291666666655,15.501727777777777,2022-01-25
4512.01,60.79295833333333,16.347166666666666,2021-10-21
4513.01,18.0905,13.755080555555555,2021-10-21
4514.01,42.72175,29.02225,2021-10-21
4515.01,21.186166666666665,21.51306388888889,2021-10-21
4516.01,47.36895833333333,30.673380555555557,2021-10-21
4517.01,351.7717916666666,-1.2853444444444444,2021-10-21
4518.01,353.61625,-1.579986111111111,2021-10-21
4519.01,31.106458333333332,3.9989305555555554,2021-10-21
452.01,67.22283333333333,-21.482055555555554,2019-02-08
4520.01,347.7043333333333,-7.857558333333333,2021-10-21
4521.01,334.79699999999997,-1.8344305555555558,2021-10-21
4522.01,23.30420833333333,5.645208333333333,2021-10-21
4523.01,3.9617083333333327,1.200511111111111,2021-10-21
4524.01,49.178124999999994,15.656355555555557,2021-10-21
4525.01,342.3859166666666,-10.675469444444444,2021-10-21
4526.01,335.62333333333333,-7.956352777777778,2021-10-21
4527.01,19.472249999999995,5.4712000000000005,2021-10-21
4528.01,19.609791666666666,6.8168,2021-10-21
4529.01,16.968833333333333,12.880955555555555,2021-10-21
453.01,72.66058333333332,1.893836111111111,2019-02-08
4530.01,48.43545833333333,25.197355555555557,2021-10-21
4531.01,349.06345833333324,0.3066888888888889,2021-10-21
4532.01,19.449374999999996,6.8688472222222225,2021-10-21
4533.01,11.480249999999998,6.3470305555555555,2021-10-21
4534.01,333.751875,-17.2508,2021-10-21
4535.01,52.34204166666666,22.29935,2021-10-21
4536.01,19.550583333333332,2.702786111111111,2021-10-21
4537.01,340.5915833333333,-6.87105,2021-10-21
4538.01,349.3843333333333,1.3001527777777777,2021-10-21
4538.02,349.3843333333333,1.3001527777777777,2021-10-21
4538.03,349.3843333333333,1.3001527777777777,2026-01-15
4539.01,331.20308333333327,-12.019066666666667,2021-10-21
454.01,49.65991666666666,-42.64232777777778,2019-05-17
4540.01,18.588416666666664,1.0047972222222221,2021-10-21
4541.01,26.3085,3.513638888888889,2021-10-21
4542.01,346.59274999999997,-9.201477777777777,2021-10-21
4543.01,55.14083333333332,13.552772222222224,2021-10-21
4544.01,55.22854166666666,12.572447222222221,2021-10-21
4545.01,19.610124999999996,6.8167277777777775,2021-10-21
4546.01,51.44066666666666,23.188666666666666,2021-10-21
4547.01,338.60625,-13.731805555555555,2021-10-21
4548.01,36.34112499999999,25.530677777777775,2021-10-21
4549.01,355.70237499999996,-9.588711111111111,2021-10-21
455.01,45.46245833333333,-16.594494444444443,2019-02-08
4550.01,167.81979166666665,-68.47253611111111,2021-10-25
4551.01,184.97874999999996,-25.827852777777778,2021-10-28
4552.01,264.71425,-47.63704444444444,2021-10-28
4553.01,278.1865833333333,43.25281944444444,2021-10-28
4554.01,144.31933333333333,-84.69625833333333,2021-10-28
4555.01,91.87549999999997,-76.6905888888889,2021-10-28
4556.01,182.9250833333333,-32.532580555555555,2021-10-28
4557.01,197.9125,-47.454569444444445,2021-10-28
4558.01,71.11233333333332,-59.321447222222226,2021-10-28
4559.01,211.01354166666664,-30.014125,2021-10-28
456.01,69.11658333333332,-41.24619444444445,2019-06-06
4560.01,127.83220833333333,-68.0239,2021-10-28
4561.01,60.96187499999999,-76.02145833333333,2021-10-28
4562.01,112.01004166666665,-63.51777777777777,2021-10-28
4563.01,196.65304166666664,-80.61700277777777,2021-10-28
4564.01,167.00091666666665,-67.149825,2021-10-28
4565.01,270.108,-48.47463611111111,2021-10-28
4566.01,56.76987499999999,-79.33432222222221,2021-10-28
4567.01,128.5065833333333,-66.76855,2021-10-28
4567.02,128.5065833333333,-66.76855,2021-10-28
4568.01,238.70224999999996,-65.90112222222223,2021-10-28
4569.01,81.028125,-63.02885833333333,2021-10-28
457.01,58.72537499999999,-26.42341111111111,2019-02-08
4570.01,292.0682916666666,38.842200000000005,2021-11-01
4571.01,284.8799583333333,49.26701944444444,2021-11-01
4572.01,210.04887499999998,88.61210277777778,2021-11-01
4573.01,268.25374999999997,66.13458611111112,2021-11-01
4574.01,312.06541666666664,24.484550000000002,2021-11-01
4575.01,175.19687499999998,71.978725,2021-11-01
4576.01,275.2268333333333,16.452702777777777,2021-11-01
4577.01,293.8719166666666,38.42291944444444,2021-11-01
4578.01,184.21095833333334,75.14023611111112,2021-11-01
4579.01,296.13283333333334,48.97730833333333,2021-11-01
458.01,39.13629166666666,-22.244994444444444,2019-02-08
4580.01,242.41504166666664,65.82801944444444,2021-11-01
4581.01,297.3330833333333,41.89111944444444,2021-11-01
4581.02,297.3330833333333,41.89111944444444,2022-12-01
4582.01,256.860125,68.865625,2021-11-01
4583.01,150.89225,67.9902,2021-11-01
4584.01,284.47225,39.91188888888889,2021-11-01
4585.01,280.2033333333333,62.506347222222225,2021-11-01
4586.01,164.524625,59.43018055555555,2021-11-01
4587.01,292.57987499999996,37.37626111111111,2021-11-01
4588.01,282.00041666666664,48.542255555555556,2021-11-01
4589.01,283.15104166666663,45.14008333333333,2021-11-01
459.01,64.41504166666665,-61.39201111111111,2019-01-31
4590.01,203.195125,84.51470555555555,2021-11-01
4591.01,275.83895833333327,69.861925,2021-11-01
4592.01,291.13762499999996,36.57734444444445,2021-11-01
4593.01,287.6057083333333,49.52339444444444,2021-11-01
4593.02,287.6057083333333,49.52339444444444,2023-03-23
4594.01,287.8072083333333,43.18879999999999,2021-11-01
4595.01,291.2756666666666,47.32951111111112,2021-11-01
4596.01,98.70783333333333,27.388016666666665,2021-11-01
4597.01,73.70566666666666,22.146383333333333,2021-11-01
4598.01,50.787208333333325,24.69003888888889,2021-11-01
4599.01,99.29154166666666,17.566269444444444,2021-11-01
4599.02,99.29154166666666,17.566269444444444,2021-11-01
460.01,47.643499999999996,-9.276811111111112,2019-02-08
4600.01,258.45037499999995,64.56617222222222,2021-11-02
4600.02,258.45037499999995,64.56617222222222,2023-08-15
4601.01,75.81412499999999,24.223269444444444,2021-11-02
4602.01,60.60033333333333,31.32983611111111,2021-11-02
4603.01,83.86591666666666,21.294241666666668,2021-11-02
4604.01,76.44595833333331,21.5482,2021-11-02
4605.01,81.71570833333332,18.41981666666667,2021-11-02
4606.01,73.76679166666666,18.65432222222222,2021-11-02
4607.01,28.905208333333327,24.118152777777777,2021-11-09
4608.01,59.64720833333333,25.38858611111111,2021-11-09
4609.01,70.37420833333333,21.257733333333334,2021-11-09
461.01,38.271249999999995,-10.352177777777777,2019-02-08
4610.01,79.04324999999999,30.58507222222222,2021-11-09
4611.01,73.84158333333332,19.280925,2021-11-09
4612.01,92.66404166666666,30.95713333333333,2021-11-09
4613.01,72.63362499999998,13.613466666666666,2021-11-09
4614.01,38.153499999999994,16.337622222222222,2021-11-09
4615.01,96.67920833333332,25.20500277777778,2021-11-09
4616.01,14.81808333333333,13.860794444444444,2021-11-09
4617.01,71.02266666666667,22.56760277777778,2021-11-09
4618.01,99.898,25.4824,2021-11-09
4619.01,91.10829166666664,22.49945,2021-11-09
462.01,36.27645833333332,1.32355,2019-02-08
4620.01,68.07145833333333,33.39638333333333,2021-11-09
4621.01,26.79320833333333,3.1329333333333333,2021-11-09
4622.01,60.22654166666666,31.691066666666668,2021-11-09
4623.01,62.67041666666667,24.401655555555553,2021-11-09
4624.01,100.848,27.252183333333335,2021-11-09
4625.01,65.6535,25.69987777777778,2021-11-09
4626.01,205.51354166666664,-48.46644166666667,2021-11-18
4627.01,127.64999999999998,-58.528508333333335,2021-11-18
4628.01,202.0162083333333,-15.937975,2021-11-19
4629.01,275.94312499999995,-68.34495,2021-11-19
463.01,48.957249999999995,-32.80239722222222,2019-02-08
4630.01,230.8872083333333,-25.37061388888889,2021-11-19
4631.01,137.52479166666666,75.61084166666666,2021-11-19
4632.01,276.8624166666666,45.45448888888889,2021-11-19
4633.01,256.8430833333333,62.475547222222225,2021-11-19
4634.01,64.64495833333332,19.17903888888889,2021-11-19
4635.01,33.63025,8.07926111111111,2021-11-19
4636.01,56.73054166666666,24.187805555555556,2021-11-19
4637.01,33.26483333333333,19.402666666666665,2021-11-19
4638.01,12.820666666666664,12.787986111111111,2021-11-19
4639.01,27.314541666666663,21.703491666666665,2021-11-19
4639.02,27.314541666666663,21.703491666666665,2024-09-24
464.01,32.16979166666667,-9.046044444444444,2019-02-08
4640.01,38.20533333333333,10.072466666666667,2021-11-19
4641.01,42.558208333333326,25.33353333333333,2021-11-19
4642.01,30.884666666666664,6.815869444444444,2021-11-19
4643.01,32.21795833333333,4.306927777777777,2021-11-19
4643.02,32.21795833333333,4.306927777777777,2022-04-20
4644.01,41.72887499999999,10.025975,2021-11-19
4645.01,230.71058333333332,-59.835375,2021-12-03
4646.01,72.79962499999998,50.097925000000004,2021-12-03
4647.01,5.246083333333332,12.324002777777778,2021-12-03
4647.02,5.246083333333332,12.324002777777778,2023-05-18
4648.01,16.4625,11.753716666666667,2021-12-03
4649.01,29.956541666666666,16.34669444444444,2021-12-03
465.01,32.782083333333325,2.418194444444444,2019-02-08
4650.01,334.32845833333334,-32.861291666666666,2021-12-21
4651.01,325.0994583333333,-46.29662777777778,2021-12-21
4652.01,326.34116666666665,-48.133805555555554,2021-12-21
4653.01,342.755375,-71.74189722222222,2021-12-21
4654.01,321.39441666666664,-21.79841111111111,2021-12-21
4655.01,337.1715416666666,-23.93576388888889,2021-12-21
4656.01,2.9110416666666663,-38.010266666666666,2021-12-21
4657.01,355.0184583333333,-15.946344444444446,2021-12-21
4658.01,355.53549999999996,-39.06108611111111,2021-12-21
4659.01,58.814249999999994,-20.312711111111113,2021-12-21
466.01,101.99424999999998,-21.91071111111111,2019-02-22
4660.01,51.99979166666667,12.52341388888889,2021-12-21
4661.01,40.52016666666666,-17.501730555555554,2021-12-21
4662.01,57.516041666666666,-31.094025,2021-12-21
4663.01,61.08324999999999,-49.123530555555554,2021-12-21
4664.01,54.66524999999999,4.921430555555556,2021-12-21
4665.01,56.300416666666656,-41.30983888888888,2021-12-21
4666.01,56.28987499999999,-39.063180555555554,2021-12-21
4667.01,37.244,1.309475,2021-12-21
4668.01,52.64733333333333,-35.20371388888889,2021-12-21
4669.01,46.905583333333325,-17.894405555555554,2021-12-21
467.01,89.89741666666666,-40.395744444444446,2019-02-27
4670.01,61.66579166666665,-39.44461111111111,2021-12-21
4671.01,43.69562499999999,-4.863002777777777,2021-12-21
4672.01,35.21575,-1.8260416666666666,2021-12-21
4673.01,53.296583333333324,-8.258427777777777,2021-12-21
4674.01,54.45704166666666,-24.612627777777778,2021-12-21
4675.01,50.54279166666666,-4.1116722222222215,2021-12-21
4676.01,62.72424999999999,-49.3832,2021-12-21
4677.01,54.37158333333333,-43.70450833333334,2021-12-21
4678.01,55.001708333333326,-14.068975,2021-12-21
4679.01,61.899958333333316,11.517544444444445,2021-12-21
468.01,88.14679166666667,-19.03162777777778,2019-02-27
4680.01,82.15704166666666,-27.031688888888887,2021-12-21
4681.01,68.14379166666666,-4.785447222222222,2021-12-21
4682.01,79.68420833333333,0.2923972222222222,2021-12-21
4683.01,81.1665,1.7573444444444444,2021-12-21
4684.01,73.58345833333334,7.775394444444444,2021-12-21
4685.01,74.236875,2.6623194444444445,2021-12-21
4686.01,74.25479166666666,-15.103480555555555,2021-12-21
4687.01,82.82354166666666,14.314366666666668,2021-12-21
4688.01,67.15775,14.533291666666667,2021-12-21
4689.01,63.496041666666656,2.762297222222222,2021-12-21
469.01,93.05783333333333,-14.649316666666666,2019-02-27
4690.01,76.59716666666665,3.280488888888889,2021-12-21
4691.01,76.32024999999999,-44.65497777777777,2021-12-21
4692.01,66.07004166666667,-47.11168611111111,2021-12-21
4693.01,70.222,-16.590024999999997,2021-12-21
4694.01,83.00049999999999,-2.4176333333333333,2021-12-21
4695.01,64.19704166666665,-21.610136111111114,2021-12-21
4696.01,60.58599999999999,12.414280555555555,2021-12-21
4697.01,64.84729166666666,-4.547886111111111,2021-12-21
4698.01,78.673375,14.447352777777779,2021-12-21
4699.01,82.30395833333333,-10.328697222222223,2021-12-21
470.01,94.00991666666665,-25.03141111111111,2019-02-27
4700.01,62.720458333333326,8.424155555555554,2021-12-21
4701.01,72.79391666666666,-8.447319444444444,2021-12-21
4702.01,68.21929166666666,-3.7374666666666667,2021-12-21
4703.01,76.58008333333332,13.772208333333333,2021-12-21
4704.01,76.57941666666665,3.588516666666667,2021-12-21
4705.01,72.16495833333333,12.95525,2021-12-21
4706.01,90.48829166666665,-29.136422222222222,2021-12-21
4707.01,101.24404166666665,-14.546663888888888,2021-12-21
4708.01,91.47333333333331,0.35725555555555555,2021-12-21
4709.01,87.49049999999998,-12.835211111111112,2021-12-21
471.01,98.35108333333332,-23.486086111111113,2019-02-27
4710.01,84.16670833333332,-38.519127777777776,2021-12-21
4711.01,107.31162499999999,-11.063261111111112,2021-12-21
4712.01,86.42112499999999,-12.128386111111112,2021-12-21
4713.01,89.64083333333333,10.220588888888889,2021-12-21
4714.01,94.93695833333332,-5.719194444444445,2021-12-21
4715.01,105.00191666666666,-2.3395055555555557,2021-12-21
4716.01,105.24333333333331,-2.2591444444444444,2021-12-21
4717.01,105.73741666666666,-0.8033388888888889,2021-12-21
4718.01,98.69062499999998,4.395872222222223,2021-12-21
4719.01,91.09445833333332,-16.34025833333333,2021-12-21
472.01,99.86704166666667,-33.54022222222222,2019-02-22
4720.01,104.18241666666665,-7.824427777777777,2021-12-21
4721.01,92.32574999999999,11.41148888888889,2021-12-21
4722.01,103.32983333333331,-12.503913888888889,2021-12-21
4723.01,101.22783333333332,-14.290038888888889,2021-12-21
4724.01,100.90733333333333,-10.584141666666667,2021-12-21
4725.01,108.00887499999999,15.348908333333334,2021-12-21
4726.01,92.72983333333333,-13.166916666666665,2021-12-21
4727.01,90.27291666666665,-2.287897222222222,2021-12-21
4728.01,104.85670833333333,9.377591666666667,2021-12-21
4729.01,99.13141666666665,-2.13765,2021-12-21
473.01,101.11491666666666,-32.85838888888889,2019-02-22
4730.01,90.62091666666666,16.499461111111113,2021-12-21
4731.01,97.14724999999999,14.940386111111112,2021-12-21
4732.01,102.675125,-18.384855555555554,2021-12-21
4733.01,96.00058333333332,14.012922222222223,2021-12-21
4734.01,90.35812499999999,12.547883333333333,2021-12-21
4735.01,100.89954166666666,-5.551933333333333,2021-12-21
4736.01,94.80945833333332,0.6516638888888889,2021-12-21
4737.01,103.41049999999998,-13.436383333333334,2021-12-21
4738.01,87.82420833333332,13.745891666666665,2021-12-21
4739.01,102.50570833333332,-5.2020638888888895,2021-12-21
474.01,94.11208333333332,-22.546883333333334,2019-02-27
4740.01,92.373375,-6.061525,2021-12-21
4741.01,105.41858333333333,2.1891499999999997,2021-12-21
4742.01,103.5265,5.476030555555556,2021-12-21
4743.01,108.7465,-0.24293333333333333,2021-12-21
4744.01,95.81554166666666,4.896405555555555,2021-12-21
4745.01,104.73829166666667,7.944613888888889,2021-12-21
4746.01,79.12970833333331,-41.44741666666666,2021-12-21
4747.01,86.42766666666667,-45.02922777777778,2021-12-21
4748.01,100.93320833333333,13.59921388888889,2021-12-21
4749.01,93.128125,6.245158333333333,2021-12-21
475.01,86.74833333333332,-32.53254166666667,2019-05-17
4750.01,87.07416666666666,-15.199497222222222,2021-12-21
4751.01,105.84208333333332,1.6812222222222222,2021-12-21
4752.01,103.83270833333333,1.1053000000000002,2021-12-21
4753.01,97.61733333333332,14.058322222222223,2021-12-21
4754.01,99.47608333333332,-14.040744444444444,2021-12-21
4755.01,93.48766666666666,-37.668863888888886,2021-12-21
4756.01,100.8625,-7.1960444444444445,2021-12-21
4757.01,103.34274999999998,-24.227866666666664,2021-12-21
4758.01,95.37924999999998,-16.52557222222222,2021-12-21
4759.01,95.93429166666667,-24.024655555555555,2021-12-21
476.01,99.58141666666664,-47.61386666666667,2019-02-22
4760.01,94.32429166666665,9.637444444444444,2021-12-21
4761.01,109.57458333333332,14.115869444444444,2021-12-21
4762.01,100.05858333333333,-6.932086111111111,2021-12-21
4763.01,93.72079166666666,-10.854988888888888,2021-12-21
4764.01,105.09395833333333,-1.4837222222222224,2021-12-21
4765.01,88.43229166666664,-38.03122222222222,2021-12-21
4766.01,117.09754166666664,2.1114555555555556,2021-12-21
4767.01,104.99779166666666,-36.319388888888895,2021-12-21
4768.01,112.65058333333332,-28.912866666666666,2021-12-21
4769.01,116.28570833333332,-14.337636111111111,2021-12-21
477.01,101.12749999999998,-42.762230555555554,2019-02-27
4770.01,111.765,-32.18580833333333,2021-12-21
4771.01,118.54654166666666,1.7929944444444443,2021-12-21
4772.01,124.547125,2.5810638888888886,2021-12-21
4773.01,114.94266666666665,-21.485619444444445,2021-12-21
4774.01,100.70783333333333,-41.409594444444444,2021-12-21
4775.01,110.78487499999999,-22.439744444444443,2021-12-21
4776.01,125.55445833333332,-25.06753611111111,2021-12-21
4777.01,122.05312499999998,-9.487219444444444,2021-12-21
4778.01,122.34224999999999,-34.567283333333336,2021-12-21
4779.01,102.329625,-43.73986111111111,2021-12-21
478.01,100.158875,-27.57126111111111,2019-02-22
4780.01,93.86224999999999,-42.39216944444444,2021-12-21
4781.01,121.782125,-18.726763888888886,2021-12-21
4782.01,113.07420833333332,-19.26104722222222,2021-12-21
4783.01,124.82529166666666,-21.956958333333333,2021-12-21
4784.01,109.73087499999998,-15.760905555555556,2021-12-21
4785.01,126.57783333333332,-10.50475,2021-12-21
4786.01,116.59095833333332,-25.156425,2021-12-21
4787.01,120.57862499999999,-19.50761111111111,2021-12-21
4788.01,104.43962499999999,-40.307925,2021-12-21
4789.01,106.74691666666665,-44.98662777777778,2021-12-21
479.01,91.08970833333332,-16.96538888888889,2019-02-27
4790.01,121.33479166666666,4.441213888888889,2021-12-21
4791.01,109.38837499999998,-19.82893888888889,2021-12-21
4792.01,133.58641666666665,1.5755027777777777,2021-12-21
4793.01,114.55445833333332,-4.006913888888889,2021-12-21
4794.01,110.48354166666664,-12.565477777777778,2021-12-21
4795.01,110.65454166666665,-26.506455555555554,2021-12-21
4796.01,108.68216666666665,-27.70092777777778,2021-12-21
4797.01,126.62199999999999,3.00135,2021-12-21
4798.01,116.61629166666665,7.929530555555556,2021-12-21
4799.01,108.58762499999999,-25.646327777777778,2021-12-21
480.01,88.37845833333333,-16.265397222222223,2019-02-27
4800.01,114.70858333333331,4.356369444444444,2021-12-21
4801.01,120.65549999999998,-32.127158333333334,2021-12-21
4802.01,112.49108333333332,-13.625055555555557,2021-12-21
4803.01,120.30745833333334,14.163225,2021-12-21
4804.01,110.16337499999999,-29.951583333333332,2021-12-21
4805.01,133.48429166666665,-4.925833333333333,2021-12-21
4806.01,103.78962499999999,-31.1066,2021-12-21
4807.01,114.72037499999998,-37.671788888888884,2021-12-21
4808.01,116.20595833333331,-26.074575,2021-12-21
4809.01,125.9877083333333,-23.243405555555558,2021-12-21
481.01,110.51266666666665,-57.384997222222225,2019-02-22
4810.01,110.19624999999998,-21.67952777777778,2021-12-21
4811.01,122.9725,6.974991666666667,2021-12-21
4812.01,107.08183333333334,-23.54535277777778,2021-12-21
4813.01,116.29095833333332,-12.84035,2021-12-21
4814.01,116.81624999999998,-7.6652611111111115,2021-12-21
4815.01,124.44729166666666,-9.057030555555556,2021-12-21
4816.01,99.84858333333332,-43.827619444444444,2021-12-21
4817.01,111.09270833333333,-44.03270277777778,2021-12-21
4818.01,131.10724999999996,-39.638327777777775,2021-12-21
4819.01,124.90458333333332,-43.05721111111111,2021-12-21
482.01,81.399,8.4405,2019-02-27
4820.01,128.61141666666666,-30.58595833333333,2021-12-21
4821.01,122.42787499999999,-42.156819444444444,2021-12-21
4822.01,125.82608333333333,-43.69385555555555,2021-12-21
4823.01,134.19229166666665,-12.572658333333333,2021-12-21
4824.01,147.25362499999997,-3.609377777777778,2021-12-21
4825.01,125.90129166666664,-42.08132222222223,2021-12-21
4826.01,135.72199999999998,-33.294866666666664,2021-12-21
4827.01,136.94366666666664,-17.051005555555555,2021-12-21
4828.01,111.14991666666666,-48.61991388888889,2021-12-21
4829.01,116.83595833333331,-49.12245277777778,2021-12-21
483.01,94.33637499999999,-38.32338333333334,2019-02-22
4830.01,131.40758333333332,-26.50305277777778,2021-12-21
4831.01,136.21966666666665,-31.930075000000002,2021-12-21
4832.01,132.68258333333333,-34.78293055555555,2021-12-21
4833.01,131.897875,-21.859336111111112,2021-12-21
4834.01,142.40404166666664,-0.9926055555555555,2021-12-21
4835.01,139.3467083333333,-20.923355555555556,2021-12-21
4836.01,127.69045833333331,-27.40823888888889,2021-12-21
4837.01,139.87016666666665,-32.297525,2021-12-21
4838.01,158.07345833333332,2.2378444444444443,2021-12-21
4839.01,137.01891666666663,-28.916052777777775,2021-12-21
484.01,83.53187499999999,-0.20776111111111112,2019-02-27
4840.01,121.23237499999996,-47.76813055555555,2021-12-21
4841.01,145.89724999999999,0.6150305555555555,2021-12-21
4842.01,117.47154166666664,-38.22225277777778,2021-12-21
4843.01,126.694625,-27.024955555555554,2021-12-21
4844.01,119.17474999999999,-42.96307222222222,2021-12-21
4845.01,153.9104583333333,-9.324686111111111,2021-12-21
4846.01,120.49733333333333,-35.06131388888888,2021-12-21
4847.01,132.80979166666665,-31.914744444444445,2021-12-21
4848.01,122.49383333333334,-37.073013888888894,2021-12-21
4849.01,119.77191666666666,-37.900644444444445,2021-12-21
485.01,83.62299999999999,-4.415044444444445,2019-02-22
4850.01,150.18916666666664,-14.834691666666668,2021-12-21
4851.01,112.22929166666665,-44.13977222222222,2021-12-21
4852.01,137.79512499999998,-42.51806666666666,2021-12-21
4853.01,137.63179166666663,-43.74355833333333,2021-12-21
4854.01,151.906375,-31.768952777777777,2021-12-21
4855.01,145.69133333333332,-39.78677777777778,2021-12-21
4856.01,180.23141666666663,-23.634555555555554,2021-12-21
4857.01,149.24241666666666,-43.384702777777775,2021-12-21
4858.01,109.88012499999999,-55.72842222222222,2021-12-21
4859.01,171.79862499999996,-36.07051388888889,2021-12-21
486.01,98.45487499999999,-58.52503055555555,2019-05-07
4860.01,183.56395833333332,-13.174841666666666,2021-12-21
4861.01,154.75133333333332,-35.68389444444444,2021-12-21
4862.01,173.71487499999998,-24.605480555555555,2021-12-21
4863.01,167.25524999999996,-10.188311111111112,2021-12-21
4864.01,148.06483333333333,-33.04496388888889,2021-12-21
4865.01,167.9032083333333,-8.6943,2021-12-21
4866.01,148.95741666666663,-43.04886666666666,2021-12-21
4867.01,137.47566666666665,-43.36684722222222,2021-12-21
4868.01,145.1893333333333,-49.815666666666665,2021-12-21
4869.01,154.048625,-29.97635,2021-12-21
487.01,52.54054166666666,-70.39958333333334,2019-05-07
487.02,52.54054166666666,-70.39958333333334,2019-05-07
4870.01,147.42974999999998,-48.11176388888889,2021-12-21
4871.01,153.17829166666664,-29.168819444444445,2021-12-21
4872.01,152.9115833333333,-48.205913888888894,2021-12-21
4873.01,194.0272083333333,-26.204241666666665,2021-12-21
4874.01,154.7737083333333,-58.77486944444444,2021-12-21
4875.01,150.02224999999999,-53.46093611111112,2021-12-21
4876.01,159.65749999999997,-56.593205555555556,2021-12-21
4877.01,156.662375,-52.23695,2021-12-21
4878.01,188.54429166666662,-41.83728888888889,2021-12-21
4879.01,130.64399999999998,-59.619955555555556,2021-12-21
488.01,120.59362499999997,3.337163888888889,2019-03-14
4880.01,198.00429166666663,-53.449372222222216,2021-12-21
4881.01,140.89766666666665,-61.880266666666664,2021-12-21
4882.01,159.54679166666662,-54.579058333333336,2021-12-21
4883.01,155.7315,-50.17743333333333,2021-12-21
4884.01,165.88858333333334,-51.45923611111112,2021-12-21
4885.01,187.71291666666664,-44.61848888888889,2021-12-21
4886.01,158.261625,-57.281505555555555,2021-12-21
4887.01,149.55291666666665,-58.947541666666666,2021-12-21
4888.01,124.33783333333332,-60.03097777777778,2021-12-21
4889.01,145.79166666666666,-56.421755555555556,2021-12-21
489.01,123.25070833333331,4.787027777777777,2019-03-14
4890.01,172.06579166666666,-49.66786666666666,2021-12-21
4891.01,159.396875,-56.74351388888889,2021-12-21
4892.01,193.94266666666664,-18.73643888888889,2021-12-21
4893.01,145.25712499999997,-57.379025,2021-12-21
4894.01,148.8048333333333,-57.33246666666667,2021-12-21
4895.01,153.72962499999997,-58.67788888888889,2021-12-21
4896.01,142.25404166666664,-58.86284166666667,2021-12-21
4897.01,167.81241666666665,-50.08887777777778,2021-12-21
4898.01,197.34166666666664,-32.82945277777778,2021-12-21
4899.01,153.02774999999997,-61.462094444444446,2021-12-21
490.01,123.9498333333333,5.836866666666666,2019-03-14
4900.01,201.40254166666665,-38.70617222222222,2021-12-21
4901.01,182.89754166666665,-31.718427777777777,2021-12-21
4902.01,138.9433333333333,-60.29185277777778,2021-12-21
4903.01,158.21633333333332,-59.88041111111111,2021-12-21
4904.01,156.222375,-56.95047777777778,2021-12-21
4905.01,152.72745833333332,-56.18259444444444,2021-12-21
4906.01,137.98962499999996,-59.602869444444444,2021-12-21
4907.01,157.67249999999999,-53.56899722222222,2021-12-21
4908.01,135.34570833333333,-63.56234444444444,2021-12-21
4909.01,180.11399999999998,-47.24393888888889,2021-12-21
491.01,128.92570833333332,10.206586111111111,2019-03-14
4910.01,164.01604166666667,-54.28047222222222,2021-12-21
4911.01,164.51987499999998,-56.386,2021-12-21
4912.01,192.36949999999996,-23.076219444444444,2021-12-21
4913.01,187.11074999999997,-46.07290555555556,2021-12-21
4914.01,204.54266666666666,-28.142919444444445,2021-12-21
4915.01,144.84066666666666,-55.29414166666667,2021-12-21
4916.01,176.24024999999997,-38.139716666666665,2021-12-21
4917.01,203.73204166666665,-64.83005833333333,2021-12-21
4918.01,211.7228333333333,-29.306830555555557,2021-12-21
4919.01,233.38604166666664,-42.100569444444446,2021-12-21
492.01,118.06345833333333,12.139347222222222,2019-03-14
4920.01,229.63812499999997,-51.28201111111111,2021-12-21
4921.01,195.43675,-52.591722222222224,2021-12-21
4922.01,189.82424999999998,-57.593425,2021-12-21
4923.01,91.85683333333331,-51.89685277777778,2021-12-21
4924.01,179.52449999999996,-60.77395,2021-12-21
4925.01,165.11741666666663,-67.87235,2021-12-21
4926.01,177.0115,-72.71533611111111,2021-12-21
4927.01,153.24462499999996,-65.84724722222222,2021-12-21
4928.01,213.70404166666663,-66.71469444444445,2021-12-21
4929.01,201.42224999999996,-56.00731944444444,2021-12-21
493.01,119.62770833333332,12.883261111111112,2019-03-14
4930.01,208.64187499999997,-45.15447777777778,2021-12-21
4931.01,176.6484583333333,-70.33579166666667,2021-12-21
4932.01,230.9215833333333,-36.19950833333333,2021-12-21
4933.01,224.73154166666663,-56.41524166666667,2021-12-21
4934.01,218.67687499999997,-58.29730277777777,2021-12-21
4935.01,193.18129166666665,-58.931711111111106,2021-12-21
4936.01,190.21920833333328,-55.50159444444444,2021-12-21
4937.01,207.669625,-48.807655555555556,2021-12-21
4938.01,201.741875,-55.91519722222222,2021-12-21
4939.01,231.65379166666665,-41.38624444444444,2021-12-21
494.01,124.69541666666666,-6.785922222222222,2019-03-14
4940.01,58.25116666666666,-62.40796666666667,2021-12-21
4941.01,239.6728333333333,-27.43126388888889,2021-12-21
4942.01,192.8173333333333,-52.81054722222222,2021-12-21
4943.01,224.00191666666663,-59.64296944444445,2021-12-21
4944.01,210.95179166666665,-43.273675,2021-12-21
4945.01,215.24941666666666,-53.13655833333333,2021-12-21
4946.01,205.14529166666665,-63.74230277777778,2021-12-21
4947.01,183.7987083333333,-63.613911111111115,2021-12-21
4948.01,226.85420833333333,-45.159594444444444,2021-12-21
4949.01,220.00462499999995,-62.377725,2021-12-21
495.01,107.60024999999999,-39.09726944444445,2019-03-14
4950.01,199.71766666666664,-50.065377777777776,2021-12-21
4951.01,210.69470833333332,-70.38117777777776,2021-12-21
4952.01,165.71720833333333,-67.23151666666666,2021-12-21
4953.01,191.75979166666664,-59.08000555555556,2021-12-21
4954.01,232.78958333333333,-53.77717777777778,2021-12-21
4955.01,233.73504166666663,-48.546369444444444,2021-12-21
4956.01,234.5255833333333,-30.534247222222223,2021-12-21
4957.01,193.08408333333333,-54.228458333333336,2021-12-21
4958.01,217.998875,-51.07443888888889,2021-12-21
4959.01,234.28329166666663,-45.43943888888889,2021-12-21
496.01,123.09766666666664,-5.768658333333334,2019-03-14
4960.01,211.6277916666666,-63.053286111111106,2021-12-21
4961.01,192.50187499999998,-59.891933333333334,2021-12-21
4962.01,212.6142083333333,-56.982394444444445,2021-12-21
4963.01,213.40537499999996,-57.99976388888889,2021-12-21
4964.01,198.09774999999996,-58.75340277777778,2021-12-21
4965.01,222.608375,-45.68576944444444,2021-12-21
4966.01,171.25224999999998,-66.48805,2021-12-21
4967.01,206.00616666666664,-42.813655555555556,2021-12-21
4968.01,199.1545,-59.03051388888889,2021-12-21
4969.01,197.54649999999995,-54.218836111111116,2021-12-21
497.01,112.44641666666665,-28.48391666666667,2019-03-14
4970.01,201.23966666666664,-57.73383333333334,2021-12-21
4971.01,154.2735833333333,-68.88373055555556,2021-12-21
4972.01,232.996,-40.63551944444444,2021-12-21
4973.01,158.57491666666664,-71.20419166666667,2021-12-21
4974.01,230.32249999999996,-38.83291388888889,2021-12-21
4975.01,141.05116666666666,-67.68370277777778,2021-12-21
4976.01,212.7078333333333,-54.29754166666667,2021-12-21
4977.01,193.46070833333332,-54.34596388888889,2021-12-21
4978.01,229.97329166666663,-45.718,2021-12-21
4979.01,181.47570833333333,-71.58616111111111,2021-12-21
498.01,129.09079166666666,-3.860202777777778,2019-03-14
4980.01,70.41154166666666,-45.48486944444444,2022-01-05
4981.01,76.44654166666666,-38.86464166666667,2022-01-05
4982.01,85.01129166666666,-17.564086111111113,2022-01-05
4983.01,105.14916666666666,-20.56475,2022-01-05
4984.01,106.06045833333332,-0.36730555555555555,2022-01-05
4985.01,93.09591666666665,12.838602777777778,2022-01-06
4986.01,111.52154166666666,-6.082466666666666,2022-01-06
4987.01,153.66966666666661,-15.64283611111111,2022-01-06
4988.01,112.46020833333333,-51.99076388888889,2022-01-06
4989.01,256.799875,-64.54705555555556,2022-01-06
499.01,115.63870833333333,-43.55349444444444,2019-03-08
4990.01,270.7774166666666,-68.1463888888889,2022-01-06
4991.01,253.70029166666663,-45.36740555555556,2022-01-06
4992.01,244.8548333333333,-66.67029722222223,2022-01-06
4993.01,262.31424999999996,-59.10766666666667,2022-01-06
4994.01,283.13254166666667,-78.43443055555556,2022-01-06
4995.01,265.2359583333333,-69.44347777777779,2022-01-06
4996.01,257.613,-81.70829166666667,2022-01-06
4997.01,238.24149999999997,-63.86059166666667,2022-01-06
4998.01,269.24720833333333,-55.78794166666666,2022-01-06
4999.01,266.6289166666666,-43.374494444444444,2022-01-06
500.01,106.5590833333333,-47.58781666666667,2019-03-08
5000.01,158.59999999999997,-23.734061111111114,2022-01-06
5000.02,158.59999999999997,-23.734061111111114,2022-01-06
5001.01,243.40358333333327,-33.496494444444444,2022-01-06
5002.01,205.29854166666664,-78.88270833333333,2022-01-06
5003.01,259.6993333333333,-66.34838333333333,2022-01-06
5004.01,249.366375,-80.97528333333334,2022-01-06
5005.01,238.10820833333332,-48.1451,2022-01-06
5006.01,216.4712083333333,-69.83585,2022-01-06
5007.01,236.06387499999994,-61.04136388888889,2022-01-06
5008.01,266.12941666666666,-39.993497222222224,2022-01-06
5009.01,261.29437499999995,-40.58347222222223,2022-01-06
501.01,108.30141666666665,-42.40976111111111,2019-03-14
5010.01,270.340625,-79.35311388888888,2022-01-06
5011.01,197.36175,-81.96295555555555,2022-01-06
5012.01,252.21491666666662,-44.219661111111115,2022-01-06
5013.01,123.63283333333331,-72.24500555555555,2022-01-06
5014.01,244.70279166666666,-68.66273055555556,2022-01-06
5015.01,245.27308333333332,-43.222686111111116,2022-01-06
5016.01,236.1591666666666,-58.12831388888889,2022-01-06
5017.01,260.01695833333326,-67.44461111111112,2022-01-06
5018.01,267.20854166666663,-67.05846666666666,2022-01-06
5019.01,251.6269583333333,-55.262591666666665,2022-01-06
502.01,98.53195833333332,-28.404166666666665,2019-03-08
5020.01,251.32037499999996,-76.16663611111112,2022-01-06
5021.01,230.106125,-77.35885833333333,2022-01-06
5022.01,245.21599999999992,-57.64159444444444,2022-01-06
5023.01,257.12375,-51.53166111111111,2022-01-06
5024.01,279.095625,-77.37594999999999,2022-01-06
5025.01,261.36516666666665,-46.988030555555554,2022-01-06
5026.01,261.9468333333333,-33.16314166666667,2022-01-06
5027.01,243.88504166666664,-69.21709722222222,2022-01-06
5028.01,271.09,-55.63686111111111,2022-01-06
5029.01,259.953,-35.740744444444445,2022-01-06
503.01,124.32037499999997,12.601322222222223,2019-03-14
5030.01,267.46666666666664,-32.095911111111114,2022-01-06
5031.01,230.78962499999997,-58.72678333333334,2022-01-06
5032.01,233.19799999999995,-56.08009722222223,2022-01-06
5033.01,309.39979166666666,-83.09293055555555,2022-01-06
5034.01,266.94966666666664,-62.527452777777775,2022-01-06
5035.01,215.6307083333333,-72.80222222222221,2022-01-06
5036.01,222.8104166666666,-78.37824166666665,2022-01-06
5037.01,234.5483333333333,-71.927875,2022-01-06
5038.01,267.1687083333333,-29.5226,2022-01-06
5039.01,214.410125,-75.32424722222221,2022-01-06
504.01,90.77408333333332,-52.08431111111111,2019-03-08
5040.01,263.1272916666667,-50.29190277777778,2022-01-06
5041.01,312.6028333333333,-81.44312222222223,2022-01-06
5042.01,210.98562499999997,-78.77244722222223,2022-01-06
5043.01,267.0995,-54.932199999999995,2022-01-06
5044.01,243.2215833333333,-61.031280555555554,2022-01-06
5045.01,242.18666666666664,-65.25866111111111,2022-01-06
5046.01,119.03120833333332,-69.86145555555555,2022-01-06
5047.01,248.59137499999997,-38.23914722222222,2022-01-06
5048.01,247.42466666666667,-28.504413888888887,2022-01-06
5049.01,226.11208333333332,-66.20306388888889,2022-01-06
505.01,117.41495833333332,-52.120447222222225,2019-03-08
5050.01,232.61754166666663,-55.78748888888889,2022-01-06
5051.01,261.385125,-44.046683333333334,2022-01-06
5052.01,244.35620833333334,-59.09756388888889,2022-01-06
5053.01,285.6684583333333,-77.5825,2022-01-06
5054.01,318.86341666666664,-83.16450833333334,2022-01-06
5055.01,235.1528333333333,-81.20824166666667,2022-01-06
5056.01,259.468875,-44.86514444444445,2022-01-06
5057.01,254.84204166666666,-35.388933333333334,2022-01-06
5058.01,279.79099999999994,-79.50533333333334,2022-01-06
5059.01,250.40849999999995,-41.58443888888889,2022-01-06
506.01,116.68699999999998,6.445569444444445,2019-03-14
5060.01,247.64308333333332,-49.41417777777777,2022-01-06
5061.01,260.7349583333333,-51.98341111111111,2022-01-06
5062.01,267.6519583333333,-71.28661666666666,2022-01-06
5063.01,258.2392083333333,-59.36719166666667,2022-01-06
5064.01,234.35187499999998,-82.48533888888889,2022-01-06
5065.01,136.5742083333333,19.402055555555553,2022-01-06
5066.01,63.83379166666666,27.062202777777777,2022-01-06
5067.01,130.8783333333333,24.422955555555557,2022-01-06
5068.01,130.18004166666663,10.98295,2022-01-06
5069.01,46.92083333333333,15.324683333333333,2022-01-06
507.01,121.62958333333331,-15.76468888888889,2019-03-14
5070.01,95.30591666666665,20.87851388888889,2022-01-06
5071.01,129.6010833333333,20.106008333333335,2022-01-06
5072.01,126.93666666666664,17.579327777777777,2022-01-06
5073.01,133.8665833333333,10.045311111111111,2022-01-06
5074.01,125.61741666666664,13.735308333333332,2022-01-06
5075.01,60.83829166666665,25.34380833333333,2022-01-06
5076.01,50.510416666666664,17.239208333333334,2022-01-06
5077.01,107.53279166666667,25.819330555555556,2022-01-06
5078.01,51.365416666666654,13.507488888888888,2022-01-06
5079.01,77.39483333333334,24.324491666666667,2022-01-06
508.01,111.50954166666666,7.615774999999999,2019-03-14
5080.01,66.236375,18.82736111111111,2022-01-06
5081.01,134.69029166666667,20.86897777777778,2022-01-06
5082.01,106.56958333333331,22.683147222222225,2022-01-06
5083.01,79.14079166666666,20.25490277777778,2022-01-06
5084.01,45.95454166666666,20.11058888888889,2022-01-06
5085.01,81.4335,20.544072222222223,2022-01-06
5086.01,127.57870833333331,22.235919444444445,2022-01-06
5087.01,67.41287499999999,22.882566666666666,2022-01-06
5088.01,112.89166666666665,12.034441666666666,2022-01-06
5088.02,112.89166666666665,12.034441666666666,2022-01-06
5089.01,136.48941666666664,16.32551388888889,2022-01-06
509.01,117.92462499999998,9.385241666666666,2019-03-15
509.02,117.92462499999998,9.385241666666666,2021-03-11
5090.01,130.66416666666663,19.41436111111111,2022-01-06
5091.01,95.63504166666665,14.017633333333334,2022-01-06
5092.01,101.62558333333332,28.84123888888889,2022-01-06
5093.01,118.48316666666665,23.938219444444446,2022-01-06
5094.01,119.77349999999998,15.391208333333333,2022-01-06
5095.01,63.273916666666665,15.247702777777777,2022-01-06
5096.01,111.91641666666666,24.336119444444442,2022-01-06
5097.01,134.71883333333332,21.074797222222223,2022-01-06
5098.01,113.75824999999998,17.830027777777776,2022-01-06
5099.01,44.79354166666666,19.989733333333334,2022-01-06
510.01,104.95899999999999,-49.50748055555555,2019-03-18
5100.01,66.93499999999999,33.086275,2022-01-06
5101.01,126.48820833333332,11.511094444444444,2022-01-06
5102.01,123.15216666666664,17.930122222222224,2022-01-06
5103.01,126.62404166666666,10.555369444444445,2022-01-06
5104.01,75.75441666666666,11.449225,2022-01-25
5105.01,136.16991666666664,20.931447222222225,2022-01-25
5106.01,89.28824999999999,14.878994444444444,2022-01-25
5107.01,92.67491666666665,31.328397222222222,2022-01-25
5108.01,166.2695,11.246405555555555,2022-01-25
5109.01,79.41304166666666,17.714525,2022-01-25
511.01,108.82512499999999,14.262605555555556,2019-03-22
5110.01,94.40424999999999,31.610330555555556,2022-01-25
5111.01,136.36149999999998,21.66858888888889,2022-01-25
5112.01,110.30445833333332,17.58856388888889,2022-01-25
5113.01,80.49845833333332,30.948727777777776,2022-01-25
5114.01,110.78520833333333,25.55875277777778,2022-01-25
5115.01,127.1545,10.249488888888887,2022-01-25
5116.01,164.37599999999998,12.53561388888889,2022-01-25
5117.01,107.76279166666666,14.947519444444445,2022-01-25
5118.01,97.36208333333332,15.65565,2022-01-25
5119.01,85.22241666666666,25.872525,2022-01-25
512.01,96.64670833333332,-38.60720833333333,2019-03-18
512.02,96.64670833333332,-38.60720833333333,2021-03-29
5120.01,104.21408333333332,22.59544722222222,2022-01-25
5121.01,127.76283333333332,10.847558333333334,2022-01-25
5122.01,85.68229166666666,30.762919444444446,2022-01-25
5123.01,132.169875,20.455016666666666,2022-02-08
5123.02,132.169875,20.455016666666666,2022-01-25
5124.01,98.03941666666665,17.38055,2022-01-25
5125.01,87.95249999999997,15.882044444444444,2022-01-25
5126.01,151.65979166666665,18.63406388888889,2022-01-25
5126.02,151.65979166666665,18.63406388888889,2022-02-08
5127.01,96.19966666666666,13.362052777777777,2022-01-25
5128.01,143.317625,9.168419444444444,2022-01-25
5129.01,99.70279166666664,29.089322222222222,2022-01-25
513.01,120.78995833333335,-20.010091666666668,2019-03-22
5130.01,85.51641666666666,28.24119166666667,2022-01-25
5131.01,155.515625,10.0032,2022-01-25
5132.01,88.30820833333333,21.917925,2022-01-25
5133.01,88.39616666666664,33.23236666666667,2022-01-25
5134.01,114.31287499999999,24.51571388888889,2022-01-25
5135.01,97.83249999999998,32.39678055555556,2022-01-25
5136.01,129.81370833333332,23.357436111111113,2022-01-25
5137.01,126.0235,22.7832,2022-01-25
5138.01,169.63275,-1.7740583333333333,2022-01-25
5139.01,153.38445833333333,19.948216666666667,2022-01-25
514.01,127.88291666666666,11.922255555555555,2019-03-22
5140.01,129.6894583333333,23.68526388888889,2022-01-25
5141.01,154.6710833333333,10.128847222222223,2022-01-25
5142.01,160.60237499999997,7.435077777777778,2022-01-25
5143.01,165.365125,5.139480555555556,2022-01-25
5143.02,165.365125,5.139480555555556,2022-01-25
5144.01,175.90804166666666,6.563783333333333,2022-01-25
5145.01,174.96024999999997,0.6035972222222222,2022-01-25
5146.01,172.33537499999997,-1.455136111111111,2022-01-25
5147.01,154.24104166666666,18.21386111111111,2022-01-25
5148.01,261.2414166666666,-58.63305555555556,2022-02-08
5149.01,310.458875,48.02831388888889,2022-02-08
515.01,128.06708333333333,11.630711111111111,2019-03-22
5150.01,301.3939583333333,39.588455555555555,2022-02-08
5151.01,65.39924999999998,-67.4701388888889,2022-02-08
5152.01,46.292625,-21.933647222222223,2022-02-08
5153.01,91.54033333333331,-19.953444444444443,2022-02-08
5154.01,340.95970833333325,-16.462463888888887,2022-02-08
5155.01,18.424083333333336,3.0970722222222222,2022-02-08
5156.01,56.757458333333325,8.664658333333334,2022-02-08
5157.01,171.23595833333331,-2.0851583333333337,2022-02-08
5158.01,131.191375,16.24365277777778,2022-02-08
5159.01,142.78595833333335,20.019344444444442,2022-02-08
5159.02,142.78595833333335,20.019344444444442,2024-09-24
516.01,112.38154166666666,2.847952777777778,2019-03-22
5160.01,114.63941666666665,31.394452777777776,2022-02-08
5161.01,153.34999999999997,3.9601305555555557,2022-02-08
5162.01,125.22391666666667,16.090794444444445,2022-02-08
5163.01,201.61687499999996,-2.281902777777778,2022-02-08
5164.01,125.42029166666666,13.49751111111111,2022-02-08
5165.01,154.25016666666664,6.866477777777777,2022-02-08
5166.01,145.82754166666666,15.004027777777777,2022-02-08
5167.01,133.8179583333333,11.548866666666667,2022-02-08
5168.01,171.51516666666666,1.230625,2022-02-08
5169.01,154.86891666666665,6.582766666666666,2022-02-08
517.01,120.19991666666667,-60.865633333333335,2019-03-18
5170.01,136.78929166666666,15.205677777777778,2022-02-08
5171.01,188.69679166666663,-10.319711111111111,2022-02-08
5172.01,192.98987499999996,-0.4990388888888889,2022-02-08
5173.01,186.08529166666665,-6.378952777777777,2022-02-08
5174.01,174.1095,-2.0233499999999998,2022-02-08
5175.01,139.32445833333333,15.979819444444445,2022-02-08
5176.01,135.0195,13.273705555555557,2022-02-08
5177.01,155.0725,7.273586111111111,2022-02-08
5178.01,184.90049999999997,0.9683277777777778,2022-02-08
5179.01,280.2516666666666,83.05574722222222,2022-02-28
518.01,115.71679166666665,8.866905555555556,2019-03-22
5180.01,282.8775833333333,19.560247222222223,2022-02-28
5181.01,280.6774583333333,21.699819444444444,2022-02-28
5182.01,124.20329166666666,71.28689722222222,2022-02-28
5183.01,287.7644166666666,52.244680555555554,2022-02-28
5184.01,282.6998749999999,34.49475833333334,2022-02-28
5185.01,277.58966666666663,16.908527777777778,2022-02-28
5186.01,291.5897916666666,17.063580555555557,2022-02-28
5187.01,113.27291666666665,77.57769722222221,2022-02-28
5188.01,111.92641666666665,83.64709166666667,2022-02-28
5189.01,94.08420833333332,87.3175111111111,2022-02-28
519.01,124.60674999999999,-19.662791666666664,2019-03-22
5190.01,278.7819583333333,36.615633333333335,2022-02-28
5191.01,291.56758333333335,18.995258333333336,2022-02-28
5192.01,281.06595833333336,38.00734166666667,2022-02-28
5193.01,281.074125,37.36616111111111,2022-02-28
5194.01,275.0852916666666,40.33261388888889,2022-02-28
5195.01,290.1248333333333,23.81918888888889,2022-02-28
5196.01,284.160875,33.279513888888886,2022-02-28
5197.01,146.71249999999998,76.89385,2022-02-28
5198.01,266.56224999999995,46.49834166666667,2022-02-28
5199.01,185.33624999999998,81.64768333333333,2022-02-28
520.01,102.65795833333331,-37.96019444444445,2019-03-18
5200.01,274.422,52.572205555555556,2022-02-28
5201.01,293.096,58.368883333333336,2022-02-28
5202.01,246.45845833333334,74.83805277777778,2022-02-28
5203.01,286.90687499999996,47.90524444444444,2022-02-28
5204.01,310.93883333333326,40.298069444444444,2022-02-28
5205.01,313.7706666666666,24.36097777777778,2022-02-28
5206.01,192.90520833333332,78.02724444444445,2022-02-28
5207.01,142.72924999999998,71.74025555555555,2022-02-28
5207.02,142.72924999999998,71.74025555555555,2026-08-06
5208.01,291.5410833333333,28.68856111111111,2022-02-28
5209.01,291.87129166666665,25.453330555555556,2022-02-28
521.01,123.34425,12.222108333333333,2019-03-22
5210.01,314.31691666666666,21.950205555555556,2022-02-28
5211.01,295.1680416666667,28.682558333333336,2022-02-28
5212.01,294.45916666666665,58.98672222222223,2022-02-28
5213.01,309.275875,29.36541111111111,2022-02-28
5214.01,272.53766666666667,47.875675,2022-02-28
5215.01,314.98745833333334,31.485277777777778,2022-02-28
5216.01,299.93762499999997,61.65316388888889,2022-02-28
5217.01,294.922375,28.572230555555556,2022-02-28
5218.01,292.6634583333333,71.76296111111111,2022-02-28
5219.01,302.82849999999996,34.36850833333333,2022-02-28
522.01,124.60266666666666,-7.571238888888889,2019-03-22
5220.01,291.4352083333333,30.028077777777778,2022-02-28
5221.01,302.16654166666666,59.48201666666667,2022-02-28
5222.01,289.70949999999993,31.648175,2022-02-28
5223.01,286.7162083333333,54.61210833333333,2022-02-28
5224.01,308.19054166666666,27.546097222222222,2022-02-28
5225.01,278.84670833333325,60.42789444444444,2022-02-28
5226.01,313.3397499999999,37.47508333333334,2022-02-28
5227.01,198.68454166666663,75.23599166666666,2022-02-28
5228.01,206.7529583333333,68.86713611111111,2022-02-28
5229.01,269.03549999999996,78.21312222222222,2022-02-28
523.01,84.84654166666667,-19.55833888888889,2019-03-28
5230.01,182.33383333333333,57.5036,2022-02-28
5231.01,300.7675416666666,31.059697222222223,2022-02-28
5232.01,294.3374166666666,35.276494444444445,2022-02-28
5233.01,291.1727916666666,69.125175,2022-02-28
5234.01,222.5139583333333,63.03843611111111,2022-02-28
5235.01,183.09316666666663,84.4112138888889,2022-02-28
5236.01,306.28654166666666,43.233222222222224,2022-02-28
5237.01,297.49524999999994,29.891252777777776,2022-02-28
5238.01,223.35887499999995,68.85947222222222,2022-02-28
5239.01,276.38225,44.90140833333333,2022-02-28
524.01,81.54324999999999,6.912308333333334,2019-03-28
5240.01,293.0837916666666,34.94039722222222,2022-02-28
5241.01,295.48374999999993,23.127391666666668,2022-02-28
5242.01,287.65845833333333,35.4957,2022-02-28
5243.01,309.33299999999997,48.04051111111111,2022-02-28
5244.01,305.2633333333333,52.91031666666667,2022-02-28
5245.01,279.05787499999997,42.519275,2022-02-28
5246.01,304.0454583333333,48.87629722222222,2022-02-28
5247.01,314.8042083333333,23.733205555555553,2022-02-28
5248.01,300.04575,21.74061111111111,2022-02-28
5249.01,302.1839166666666,42.49633888888889,2022-02-28
525.01,90.16995833333333,-8.468341666666667,2019-03-28
5250.01,302.75179166666663,23.344719444444443,2022-02-28
5251.01,305.80379166666665,29.872672222222224,2022-02-28
5252.01,302.49924999999996,23.409780555555553,2022-02-28
5253.01,179.211875,58.40535555555555,2022-02-28
5254.01,315.26183333333324,26.591652777777778,2022-02-28
5255.01,287.0078333333333,45.396658333333335,2022-02-28
5256.01,266.3360833333333,52.475175,2022-02-28
5257.01,301.24041666666665,46.70721666666667,2022-02-28
5258.01,163.7579583333333,67.04365277777778,2022-02-28
5259.01,294.0652083333333,21.794675,2022-02-28
526.01,85.33574999999999,11.194447222222223,2019-03-28
5260.01,303.9640416666666,21.899466666666665,2022-02-28
5261.01,305.45854166666663,19.435847222222222,2022-02-28
5262.01,298.45574999999997,42.967308333333335,2022-02-28
5263.01,304.7025833333333,41.97051666666667,2022-02-28
5264.01,297.55208333333326,27.48104722222222,2022-02-28
5265.01,255.60345833333332,69.10966388888889,2022-02-28
5266.01,308.1053333333333,35.87363055555556,2022-02-28
5267.01,202.07191666666665,70.41603611111111,2022-02-28
5268.01,229.00616666666664,62.71825833333334,2022-02-28
5269.01,291.2195833333333,22.124658333333333,2022-02-28
527.01,101.18875,-36.657355555555554,2019-02-26
5270.01,300.06691666666666,22.162094444444442,2022-02-28
5271.01,306.98479166666664,48.31859722222222,2022-02-28
5272.01,307.95270833333325,48.23215277777778,2022-02-28
5273.01,299.878875,41.742075,2022-02-28
5274.01,174.64475,72.26534444444444,2022-02-28
5275.01,209.89608333333328,74.07326111111111,2022-02-28
5276.01,313.17504166666663,25.502872222222223,2022-02-28
5277.01,308.1192083333333,58.09546111111111,2022-02-28
5278.01,295.8086666666666,66.571375,2022-02-28
5279.01,273.24041666666665,47.33620555555556,2022-02-28
528.01,105.00616666666666,11.043247222222222,2019-03-28
5280.01,312.86075,38.329750000000004,2022-02-28
5281.01,301.4649583333333,51.85693055555556,2022-02-28
5282.01,269.8317916666666,49.54973888888889,2022-02-28
5283.01,287.53795833333334,52.28804722222222,2022-02-28
5284.01,298.74837499999995,36.16288333333333,2022-02-28
5285.01,340.9691249999999,-1.8385500000000001,2022-02-28
5286.01,3.0351666666666666,-4.612958333333333,2022-02-28
5287.01,328.03866666666664,-8.419663888888888,2022-02-28
5288.01,327.71916666666664,-8.635944444444444,2022-02-28
5289.01,0.7600833333333332,-7.786416666666667,2022-02-28
529.01,100.25595833333333,16.588794444444442,2019-03-28
5290.01,343.32354166666664,-0.1683472222222222,2022-02-28
5291.01,338.73320833333327,-11.363238888888889,2022-02-28
5292.01,344.22237499999994,-8.119747222222223,2022-02-28
5293.01,355.8286666666666,-2.0450944444444445,2022-02-28
5294.01,351.4677083333333,4.454897222222223,2022-02-28
5295.01,349.28891666666664,-9.435691666666667,2022-02-28
5296.01,328.9782916666666,-0.9374055555555556,2022-02-28
5297.01,339.8022083333333,1.6882583333333334,2022-02-28
5298.01,331.0514583333333,-2.3971,2022-02-28
5299.01,359.7134583333333,-4.961133333333334,2022-02-28
530.01,103.41283333333331,12.881577777777778,2019-03-28
5300.01,356.48112499999996,0.45879722222222225,2022-02-28
5301.01,12.990791666666665,13.078372222222223,2022-02-28
5302.01,32.24920833333333,8.0572,2022-02-28
5303.01,9.607249999999999,17.192788888888888,2022-02-28
5304.01,12.07275,6.918222222222223,2022-02-28
5305.01,36.58179166666667,15.890419444444444,2022-02-28
5306.01,41.50729166666666,6.461627777777778,2022-02-28
5307.01,15.886541666666664,9.913916666666667,2022-02-28
5308.01,29.00125,0.1797861111111111,2022-02-28
5309.01,4.463749999999999,14.498766666666667,2022-02-28
531.01,83.11641666666665,15.555883333333334,2019-03-28
5310.01,30.18304166666666,20.02318888888889,2022-02-28
5311.01,32.333416666666665,21.451855555555554,2022-02-28
5312.01,21.075666666666663,4.531541666666667,2022-02-28
5313.01,28.721583333333328,8.857655555555555,2022-02-28
5314.01,9.339875,13.859072222222222,2022-02-28
5315.01,24.299749999999996,16.01872222222222,2022-02-28
5316.01,91.80233333333331,35.95804444444445,2022-02-28
5317.01,39.065,13.504227777777778,2022-02-28
5318.01,12.518875,18.985772222222224,2022-02-28
5319.01,35.213541666666664,23.520441666666667,2022-02-28
532.01,85.08004166666666,11.562636111111113,2019-03-28
5320.01,22.64408333333333,17.254697222222223,2022-02-28
5321.01,15.6855,20.050422222222224,2022-02-28
5322.01,6.529333333333333,14.336427777777779,2022-02-28
5323.01,9.206624999999999,2.1307444444444443,2022-02-28
5324.01,35.91116666666666,15.482955555555556,2022-02-28
5325.01,32.91266666666666,4.192319444444444,2022-02-28
5326.01,26.453666666666663,10.2534,2022-02-28
5327.01,51.02924999999999,12.435963888888889,2022-02-28
5328.01,65.29337499999998,27.167919444444447,2022-02-28
5329.01,56.65454166666666,22.87282777777778,2022-02-28
533.01,80.05487499999998,-62.64618611111111,2019-05-07
5330.01,40.451166666666666,24.102319444444447,2022-02-28
5331.01,44.24508333333333,7.859330555555555,2022-02-28
5332.01,43.248208333333324,8.854980555555555,2022-02-28
5333.01,74.45795833333332,31.318666666666665,2022-02-28
5334.01,42.176249999999996,20.809427777777778,2022-02-28
5335.01,46.95237499999999,15.359083333333333,2022-02-28
5336.01,96.23454166666666,23.657844444444443,2022-02-28
5337.01,77.55608333333333,19.640083333333333,2022-02-28
5338.01,78.17270833333332,22.505925,2022-02-28
5339.01,49.17345833333333,30.747030555555558,2022-02-28
534.01,102.72112499999999,-5.086455555555555,2019-03-28
5340.01,59.30949999999999,22.37833611111111,2022-02-28
5341.01,53.49433333333332,32.11877222222222,2022-02-28
5342.01,76.43174999999998,29.725538888888888,2022-02-28
5343.01,48.026041666666664,24.533561111111112,2022-02-28
5344.01,63.266208333333324,20.915155555555554,2022-02-28
5345.01,72.60149999999999,33.014025,2022-02-28
5346.01,52.523041666666664,20.807825,2022-02-28
5347.01,36.136874999999996,24.101547222222223,2022-02-28
5348.01,76.47837499999999,32.72313055555556,2022-02-28
5349.01,52.71258333333333,20.879627777777777,2022-02-28
535.01,100.76566666666665,-1.2964444444444443,2019-03-28
5350.01,74.40229166666666,21.601975000000003,2022-02-28
5351.01,78.37241666666665,18.259575,2022-02-28
5352.01,78.03966666666665,28.546875,2022-02-28
5353.01,54.16529166666666,19.565919444444447,2022-02-28
5354.01,46.330666666666666,28.185825,2022-02-28
5355.01,72.78962499999999,34.627725,2022-02-28
5356.01,60.96466666666665,31.77596388888889,2022-02-28
5357.01,69.84125,27.288030555555558,2022-02-28
5358.01,54.18391666666666,28.550269444444446,2022-02-28
5359.01,54.06604166666666,30.205930555555554,2022-02-28
536.01,97.72041666666665,0.22689444444444445,2019-03-28
5360.01,54.910124999999994,28.980619444444443,2022-02-28
5361.01,76.57516666666665,31.273775,2022-02-28
5362.01,75.36908333333332,28.816605555555558,2022-02-28
5363.01,40.20195833333333,18.821761111111112,2022-02-28
5364.01,77.00645833333334,31.898377777777778,2022-02-28
5365.01,36.51979166666666,26.091794444444442,2022-02-28
5366.01,91.78958333333331,23.131647222222224,2022-02-28
5367.01,91.79629166666665,27.622041666666668,2022-02-28
5368.01,62.89362499999999,28.178611111111113,2022-02-28
5369.01,47.381874999999994,20.578163888888888,2022-02-28
537.01,101.27724999999998,0.8152166666666667,2019-03-28
5370.01,91.74712499999998,30.18938888888889,2022-02-28
5371.01,66.80024999999999,20.774863888888888,2022-02-28
5372.01,43.57279166666666,23.19918611111111,2022-02-28
5373.01,116.71637499999999,39.09446944444445,2022-03-01
5374.01,129.882375,47.351908333333334,2022-03-01
5375.01,113.78487499999999,71.40067222222223,2022-03-01
5376.01,271.7595416666666,70.47276388888889,2022-03-01
5377.01,131.13504166666664,59.406708333333334,2022-03-01
5378.01,103.60204166666666,38.64610277777778,2022-03-01
5379.01,112.42412499999999,50.6838,2022-03-01
538.01,104.332,4.028697222222222,2019-03-28
5380.01,112.76116666666665,73.12878333333333,2022-03-01
5381.01,116.36849999999998,44.129825000000004,2022-03-01
5382.01,116.95449999999998,48.115,2022-03-01
5383.01,212.72087499999998,62.52219722222222,2022-03-24
5384.01,157.062625,25.57313611111111,2022-03-24
5385.01,160.6307083333333,28.198625,2022-03-24
5386.01,226.10691666666662,60.536230555555555,2022-03-24
5387.01,214.44541666666663,62.75838611111111,2022-03-24
5388.01,152.17649999999998,35.547558333333335,2022-03-24
5389.01,168.80166666666665,39.358919444444446,2022-03-24
539.01,102.56837499999999,-53.00550277777778,2019-02-26
5390.01,142.44429166666666,30.062908333333333,2022-03-24
5391.01,272.0607083333333,53.365566666666666,2022-03-24
5392.01,212.6213333333333,72.58975833333332,2022-03-24
5393.01,198.13716666666664,77.83903888888888,2022-03-24
5394.01,154.5745,17.39643611111111,2022-03-24
5395.01,197.0584583333333,81.44578611111112,2022-03-24
5396.01,227.19112499999997,62.95915277777778,2022-03-24
5397.01,172.01412499999998,39.67264722222222,2022-03-24
5398.01,161.87954166666663,36.329433333333334,2022-03-24
5398.02,161.87954166666663,36.329433333333334,2022-03-24
5399.01,292.98295833333333,28.651866666666667,2022-03-24
540.01,76.30970833333332,-47.93753888888889,2019-05-07
5400.01,136.89291666666668,-14.339866666666667,2022-03-24
5401.01,189.51824999999997,3.2823944444444444,2022-03-24
5402.01,65.10779166666666,-68.36056944444444,2022-03-24
5403.01,100.65458333333332,15.657377777777779,2022-04-20
5404.01,101.36083333333332,22.29036388888889,2022-04-20
5405.01,98.69374999999998,32.80826944444444,2022-04-20
5406.01,84.96658333333333,12.257883333333334,2022-04-20
5407.01,101.34525,17.310555555555556,2022-04-20
5408.01,96.31949999999999,20.53585277777778,2022-04-20
5409.01,83.98299999999998,31.768277777777776,2022-04-20
541.01,90.72749999999999,-30.832905555555556,2019-03-28
5410.01,87.71874999999999,28.819847222222222,2022-04-20
5411.01,86.06858333333332,28.79155,2022-04-20
5412.01,104.13470833333332,13.429194444444445,2022-04-20
5413.01,90.05304166666666,22.340225,2022-04-20
5414.01,109.36779166666665,31.481844444444445,2022-04-20
5415.01,84.16416666666665,14.914516666666668,2022-04-20
5416.01,103.010125,25.2013,2022-04-20
5417.01,90.08470833333332,26.353233333333336,2022-04-20
5418.01,84.00633333333332,32.31682222222223,2022-04-20
5419.01,103.102,33.648805555555555,2022-04-20
542.01,96.06625,-28.1347,2019-03-28
5420.01,100.42462499999999,21.056691666666666,2022-04-20
5421.01,97.62116666666665,19.861788888888892,2022-04-20
5422.01,86.84362499999999,25.626033333333332,2022-04-20
5423.01,108.07608333333332,20.751933333333334,2022-04-20
5423.02,108.07608333333332,20.751933333333334,2025-01-09
5424.01,83.83725,12.115938888888888,2022-04-20
5425.01,90.43174999999998,22.245686111111112,2022-04-20
5426.01,81.64962499999999,31.633052777777777,2022-04-20
5427.01,83.96837499999998,12.925947222222222,2022-04-20
5428.01,87.20441666666666,28.671336111111113,2022-04-20
5429.01,78.98849999999999,22.074955555555555,2022-04-20
543.01,100.30608333333332,-3.9258305555555553,2019-03-28
5430.01,97.00516666666665,22.89860277777778,2022-04-20
5431.01,83.17195833333332,14.957058333333332,2022-04-20
5432.01,98.59512499999998,24.235555555555557,2022-04-20
5433.01,85.62495833333332,28.549844444444446,2022-04-20
5434.01,98.83770833333331,14.490327777777777,2022-04-20
5435.01,92.998125,13.759122222222222,2022-04-20
5436.01,103.10008333333333,12.531672222222223,2022-04-20
5437.01,81.64229166666667,21.59916388888889,2022-04-20
5438.01,104.45633333333333,25.51535,2022-04-20
5439.01,88.005625,13.204319444444444,2022-04-20
544.01,82.29008333333333,-0.3428972222222222,2019-03-28
5440.01,86.30079166666665,18.461741666666665,2022-04-20
5441.01,88.59845833333333,15.065602777777778,2022-04-20
5442.01,143.43541666666667,6.7413694444444445,2022-04-20
5443.01,92.87362499999999,34.97708333333333,2022-04-20
5444.01,104.395875,25.49891388888889,2022-04-20
5445.01,107.42570833333333,22.741533333333333,2022-04-20
5446.01,97.09654166666667,25.83470277777778,2022-04-20
5447.01,86.45833333333333,35.331497222222225,2022-04-20
5448.01,169.995625,8.350261111111111,2022-04-20
5449.01,89.06191666666666,21.33203333333333,2022-04-20
545.01,98.17241666666666,-0.03160555555555555,2019-03-28
5450.01,81.05125,20.590644444444443,2022-04-20
5451.01,108.04775,30.104333333333336,2022-04-20
5452.01,107.90724999999999,28.923941666666668,2022-04-20
5453.01,104.98758333333333,19.6155,2022-04-20
5454.01,107.42983333333333,15.596233333333334,2022-04-20
5455.01,84.852125,28.626911111111113,2022-04-20
5456.01,98.85399999999998,24.83585833333333,2022-04-20
5457.01,100.61533333333333,19.735175,2022-04-20
5458.01,104.92687499999998,30.54238888888889,2022-04-20
5459.01,78.93229166666666,34.09229166666667,2022-04-20
546.01,102.19462499999999,-0.6727861111111111,2019-03-28
5460.01,106.3889583333333,15.670447222222222,2022-04-20
5461.01,88.788125,18.335697222222223,2022-04-20
5462.01,91.09879166666666,29.073275,2022-04-20
5463.01,83.21433333333333,19.952444444444442,2022-04-20
5464.01,158.77529166666665,19.118380555555557,2022-04-20
5465.01,107.1995,24.255919444444444,2022-04-20
5466.01,92.319125,20.273744444444443,2022-04-20
5467.01,94.39370833333332,28.44525,2022-04-20
5468.01,98.32004166666665,34.07290833333334,2022-04-20
5469.01,81.933125,16.764322222222223,2022-04-20
547.01,102.07987499999999,-3.102138888888889,2019-03-28
5470.01,91.16237499999998,31.73643888888889,2022-04-20
5471.01,97.62066666666666,19.794869444444448,2022-04-20
5472.01,87.54029166666665,24.774708333333333,2022-04-20
5473.01,92.56487499999999,24.61482777777778,2022-04-20
5474.01,92.51133333333333,32.94364722222222,2022-04-20
5475.01,89.13725,25.68395277777778,2022-04-20
5476.01,100.34291666666667,27.961441666666666,2022-04-20
5477.01,84.97995833333333,14.303022222222223,2022-04-20
5478.01,114.74195833333332,29.42876111111111,2022-04-20
5478.02,114.74195833333332,29.42876111111111,2022-05-17
5479.01,171.39679166666664,12.766822222222222,2022-04-20
548.01,97.03358333333333,-0.17073055555555555,2019-03-28
5480.01,133.14791666666665,17.49976388888889,2022-04-20
5481.01,121.17679166666663,13.413841666666666,2022-04-20
5482.01,172.59279166666664,16.752416666666665,2022-04-20
5483.01,142.58679166666667,12.706388888888888,2022-04-20
5484.01,124.01708333333333,8.823241666666666,2022-04-20
5485.01,124.49258333333331,15.987916666666665,2022-04-20
5486.01,190.54949999999997,3.7885999999999997,2022-04-20
5487.01,126.3578333333333,25.207619444444443,2022-04-20
5488.01,164.23729166666666,1.9363611111111112,2022-04-20
5489.01,128.69129166666664,11.489588888888887,2022-04-20
5489.02,128.69129166666664,11.489588888888887,2024-09-24
549.01,86.75216666666665,-24.842641666666665,2019-03-28
5490.01,109.19274999999999,18.121825,2022-04-20
5491.01,113.59579166666666,17.294272222222222,2022-04-20
5492.01,155.00941666666665,9.300650000000001,2022-04-20
5493.01,128.64016666666666,9.035380555555555,2022-04-20
5493.02,128.64016666666666,9.035380555555555,2022-04-20
5493.03,128.64016666666666,9.035380555555555,2023-12-07
5494.01,110.66279166666665,16.865755555555555,2022-04-20
5495.01,179.59462499999998,11.7317,2022-04-20
5496.01,137.03766666666664,10.636647222222221,2022-04-20
5497.01,137.02591666666663,5.923961111111112,2022-04-20
5498.01,149.3665833333333,5.171005555555555,2022-04-20
5499.01,119.73849999999999,22.790566666666667,2022-04-20
550.01,55.03195833333332,5.874619444444445,2019-04-03
550.02,55.03195833333332,5.874619444444445,2019-04-03
5500.01,116.00341666666665,20.20886388888889,2022-04-20
5501.01,113.35349999999998,26.680872222222224,2022-04-20
5502.01,135.20404166666663,27.998333333333335,2022-04-20
5503.01,155.58029166666665,10.288694444444443,2022-04-20
5504.01,114.62129166666665,26.909494444444444,2022-04-20
5505.01,160.86604166666666,3.9587000000000003,2022-04-20
5506.01,181.3399583333333,-12.26345,2022-04-20
5507.01,148.60166666666666,6.646247222222222,2022-04-20
5508.01,142.649375,11.627205555555555,2022-04-20
5509.01,139.18204166666666,14.592400000000001,2022-04-20
551.01,82.71420833333332,-36.63098055555555,2019-06-06
5510.01,112.47783333333332,26.01918333333333,2022-04-20
5511.01,141.99716666666666,4.213191666666667,2022-04-20
5512.01,182.49091666666666,5.63175,2022-04-20
5513.01,110.258625,19.401722222222222,2022-04-20
5514.01,156.6735,13.018644444444446,2022-04-20
5515.01,139.616375,16.989955555555557,2022-04-20
5516.01,155.83820833333328,13.472272222222223,2022-04-20
5517.01,148.61729166666666,24.302830555555555,2022-04-20
5518.01,124.15279166666666,16.392611111111112,2022-04-20
5519.01,167.72774999999996,-3.2428166666666667,2022-04-20
552.01,60.94937499999999,-25.40892222222222,2019-05-17
5520.01,157.93566666666666,0.9372777777777778,2022-04-20
5520.02,157.93566666666666,0.9372777777777778,2022-04-20
5521.01,176.4814583333333,11.370830555555557,2022-04-20
5522.01,126.38820833333331,10.170580555555555,2022-04-20
5523.01,169.11704166666667,-3.9754416666666668,2022-04-20
5523.02,169.11704166666667,-3.9754416666666668,2022-04-20
5524.01,156.40549999999996,2.5138833333333332,2022-04-20
5525.01,57.875166666666665,9.72786111111111,2022-04-20
5526.01,183.02366666666663,-12.684408333333334,2022-04-20
5527.01,62.853125,10.277208333333334,2022-04-20
5528.01,133.85574999999997,10.469216666666666,2022-04-20
5529.01,126.46437499999998,10.246577777777777,2022-04-20
553.01,73.26129166666665,-45.54040555555555,2019-02-26
553.02,73.26129166666665,-45.54040555555555,2019-06-06
553.03,73.26129166666665,-45.54040555555555,2019-06-06
5530.01,6.489333333333333,-5.697647222222223,2022-04-20
5531.01,148.47216666666665,19.594377777777776,2022-04-20
5532.01,41.38041666666666,5.150733333333334,2022-04-20
5532.02,41.38041666666666,5.150733333333334,2024-11-14
5533.01,102.48770833333332,14.97476111111111,2022-04-20
5534.01,182.75141666666664,-9.76523888888889,2022-04-20
5535.01,78.339125,16.414199999999997,2022-04-20
5536.01,67.32416666666667,26.163577777777775,2022-04-20
5537.01,67.11670833333334,21.56848888888889,2022-04-20
5538.01,138.95291666666665,15.137683333333333,2022-04-20
5539.01,128.07316666666665,22.005791666666667,2022-04-20
554.01,60.74833333333333,9.207766666666666,2019-04-03
554.02,60.74833333333333,9.207766666666666,2022-04-20
5540.01,117.73745833333332,67.04320277777778,2022-04-20
5541.01,80.72979166666666,-53.765797222222226,2022-04-20
5542.01,302.79841666666664,-61.135466666666666,2022-05-17
5543.01,66.14216666666667,23.270780555555554,2022-05-17
5544.01,74.70083333333332,18.169050000000002,2022-05-17
5545.01,169.21487499999998,3.363891666666667,2022-05-17
5546.01,71.47591666666665,24.113783333333334,2022-05-17
5547.01,117.59124999999999,22.281552777777776,2022-05-17
5548.01,143.91970833333332,16.097472222222223,2022-05-17
5549.01,80.85970833333333,23.13352777777778,2022-05-17
555.01,70.33975,-32.32041666666667,2019-04-03
5550.01,128.92679166666665,20.37348888888889,2022-05-17
5551.01,87.12562499999999,18.17952777777778,2022-05-17
5552.01,82.38495833333332,33.24688611111111,2022-05-17
5553.01,43.00216666666666,15.055663888888889,2022-05-17
5554.01,104.74387499999999,28.715766666666667,2022-05-17
5555.01,172.56012499999997,7.587830555555556,2022-05-17
5556.01,140.3390833333333,14.367869444444445,2022-05-17
5557.01,137.20154166666666,11.86225,2022-05-17
5558.01,125.98649999999996,22.663224999999997,2022-05-17
5559.01,67.82054166666666,19.831688888888888,2022-05-17
556.01,57.22554166666666,13.483138888888888,2019-04-03
5560.01,132.6525,19.09131111111111,2022-05-17
5561.01,136.20004166666664,13.795444444444444,2022-05-17
5562.01,65.469625,21.35326388888889,2022-05-17
5563.01,146.81087499999998,24.54180555555556,2022-05-17
5564.01,80.94720833333332,35.41755,2022-05-17
5564.02,80.94720833333332,35.41755,2022-05-17
5565.01,131.22699999999998,45.46619166666667,2022-05-17
5566.01,123.35512499999999,62.287572222222224,2022-05-17
5567.01,135.13941666666665,49.45149444444445,2022-05-17
5568.01,154.3029583333333,75.33334444444444,2022-05-17
5569.01,298.8370833333333,58.52287777777778,2022-05-17
557.01,59.01783333333333,-10.272008333333334,2019-04-03
5570.01,100.17270833333332,76.73224444444445,2022-05-17
5571.01,106.99041666666665,60.01161111111111,2022-05-17
5572.01,105.07804166666665,37.198899999999995,2022-05-17
5573.01,136.426,55.30713055555555,2022-05-17
5574.01,278.55025,86.55735555555555,2022-05-17
5575.01,241.24854166666665,85.204725,2022-05-17
5576.01,136.22141666666664,79.35510277777777,2022-05-17
5577.01,105.30833333333331,41.129691666666666,2022-05-17
5578.01,189.26566666666665,75.9204388888889,2022-05-17
5579.01,105.82166666666666,52.516730555555554,2022-05-17
558.01,42.29149999999999,-58.024683333333336,2019-04-04
5580.01,112.26258333333331,42.03191111111111,2022-05-17
5581.01,118.06541666666665,70.16556944444444,2022-05-17
5582.01,110.63966666666664,30.41835277777778,2022-05-17
5583.01,107.63137499999999,74.48574444444445,2022-05-17
5584.01,135.3245,47.45235,2022-05-17
5585.01,129.483375,37.73531388888889,2022-05-17
5586.01,244.02304166666661,86.36864444444444,2022-05-17
5587.01,117.73287499999998,46.30656666666666,2022-05-17
5588.01,120.59479166666667,83.19841944444445,2022-05-17
5589.01,108.6065,56.70014444444445,2022-05-17
559.01,46.818625,-31.162994444444443,2019-04-04
5590.01,110.68966666666665,37.66751111111111,2022-05-17
5591.01,123.02708333333332,42.22871388888889,2022-05-17
5592.01,106.68008333333331,65.85725,2022-05-17
5593.01,128.55225,39.27097222222222,2022-05-17
5594.01,118.41799999999998,54.12421111111111,2022-05-17
5595.01,110.46016666666665,35.221983333333334,2022-05-17
5596.01,106.33658333333332,42.847908333333336,2022-05-17
5597.01,144.44120833333332,34.84941111111112,2022-05-17
5598.01,257.31562499999995,80.41608055555557,2022-05-17
5599.01,199.32625,55.68153888888889,2022-05-17
560.01,129.68829166666663,-13.256527777777778,2019-04-05
560.02,129.68829166666663,-13.256527777777778,2021-07-19
5600.01,155.15137499999997,63.290591666666664,2022-05-17
5601.01,239.50724999999997,66.03718333333333,2022-05-17
5602.01,144.65829166666663,33.69108333333333,2022-05-17
5603.01,184.17545833333332,57.6427,2022-05-17
5604.01,306.3915416666666,63.59110555555556,2022-05-17
5605.01,150.53799999999998,50.14538611111111,2022-05-17
5606.01,156.89391666666663,22.426236111111113,2022-05-17
5607.01,270.8460833333333,63.215069444444445,2022-05-17
5608.01,278.57224999999994,66.92278611111112,2022-05-17
5609.01,144.18774999999997,36.52729444444444,2022-05-17
561.01,148.18516666666665,6.2161027777777775,2019-04-13
561.02,148.18516666666665,6.2161027777777775,2019-04-13
561.03,148.18516666666665,6.2161027777777775,2019-04-13
561.04,148.18516666666665,6.2161027777777775,2024-11-14
5610.01,156.02283333333332,48.248330555555555,2022-05-17
5611.01,268.6934999999999,55.064225,2022-05-17
5611.02,268.6934999999999,55.064225,2023-06-15
5612.01,172.41108333333332,38.93656111111111,2022-05-17
5613.01,159.61199999999997,27.06254722222222,2022-05-17
5614.01,189.4323333333333,69.45842777777779,2022-05-17
5615.01,252.93491666666665,80.12302777777776,2022-05-17
5616.01,184.90162499999997,48.68328888888889,2022-05-17
5617.01,166.95075,38.13693611111111,2022-05-17
5618.01,173.07004166666664,44.126425,2022-05-17
5619.01,185.50454166666665,55.55954722222222,2022-05-17
562.01,144.00745833333332,-21.665063888888888,2019-04-13
5620.01,159.7085833333333,27.415505555555555,2022-05-17
5621.01,210.06395833333332,75.08441944444444,2022-05-17
5622.01,221.5485,78.99661944444445,2022-05-17
5623.01,292.27774999999997,72.00143888888888,2022-05-17
5624.01,180.84433333333334,49.251225,2022-05-17
5624.02,180.84433333333334,49.251225,2024-04-25
5624.03,180.84433333333334,49.251225,2024-04-25
5624.04,180.84433333333334,49.251225,2024-04-25
5625.01,197.14299999999997,42.3408,2022-05-17
5626.01,198.29874999999998,31.638402777777777,2022-05-17
5627.01,183.1973333333333,13.237494444444444,2022-06-02
5628.01,185.7279583333333,18.836705555555554,2022-06-02
5629.01,217.51229166666664,20.953627777777776,2022-06-02
563.01,143.24316666666667,-17.343474999999998,2019-04-05
5630.01,236.4538333333333,40.37486111111111,2022-06-02
5631.01,218.276625,21.89468888888889,2022-06-02
5632.01,213.15654166666664,4.0594166666666665,2022-06-02
5633.01,209.75399999999996,-2.513436111111111,2022-06-02
5634.01,175.64362499999996,20.965291666666666,2022-06-02
5635.01,216.2064583333333,66.70075,2022-06-02
5636.01,199.73079166666665,34.25407777777778,2022-06-02
5637.01,193.01945833333332,47.65713611111111,2022-06-02
5638.01,210.18574999999998,53.12312222222222,2022-06-02
5639.01,213.01604166666664,61.354255555555554,2022-06-02
564.01,130.29516666666663,-16.036327777777778,2019-04-05
5640.01,193.4069583333333,24.37326388888889,2022-06-02
5641.01,180.90916666666664,42.53729722222222,2022-06-02
5642.01,240.62541666666664,76.56979444444444,2022-06-02
5643.01,186.07825,44.231569444444446,2022-06-02
5644.01,210.11924999999997,55.31558888888889,2022-06-02
5645.01,177.21249999999998,35.54750833333333,2022-06-02
5646.01,198.44712499999997,5.702130555555556,2022-06-02
5647.01,225.54462499999997,31.96735,2022-06-02
5648.01,211.0095833333333,38.620244444444445,2022-06-02
5649.01,225.08016666666666,39.45131111111112,2022-06-02
565.01,130.5814583333333,-17.189425,2019-04-05
5650.01,270.2165416666666,56.68600555555555,2022-06-02
5651.01,298.4667083333333,60.06916944444445,2022-06-02
5652.01,268.9877916666666,57.305702777777775,2022-06-02
5653.01,278.38987499999996,57.86051388888889,2022-06-02
5654.01,230.92287499999998,37.48663888888889,2022-06-02
5655.01,229.2595833333333,61.0086,2022-06-02
5656.01,209.6618333333333,14.129580555555556,2022-06-02
5657.01,258.8370416666666,76.46898888888889,2022-06-02
5658.01,210.77520833333332,-1.4802833333333334,2022-06-02
5659.01,246.3155,57.562413888888884,2022-06-02
566.01,131.08612499999998,-28.076769444444444,2019-04-13
5660.01,221.24874999999997,18.50918888888889,2022-06-02
5661.01,222.3685833333333,20.615336111111112,2022-06-02
5662.01,191.08516666666665,5.688497222222223,2022-06-02
5663.01,243.8618333333333,64.58873055555556,2022-06-02
5664.01,220.35379166666664,28.195138888888888,2022-06-02
5665.01,250.0004583333333,53.79136388888889,2022-06-02
5666.01,288.2951249999999,76.12282222222221,2022-06-02
5667.01,222.87241666666662,40.03595555555555,2022-06-02
5668.01,201.08799999999997,28.567708333333332,2022-06-02
5669.01,243.93491666666662,48.323261111111115,2022-07-07
567.01,131.580375,-8.026986111111112,2019-04-05
5670.01,141.82349999999997,-50.356655555555555,2022-07-07
5671.01,211.0092083333333,38.61833055555556,2022-07-07
5672.01,222.7673333333333,5.947363888888889,2022-07-07
5673.01,223.8199583333333,-2.057686111111111,2022-07-07
5674.01,221.94387499999996,1.0650222222222223,2022-07-07
5675.01,217.32666666666663,-3.4445,2022-07-07
5676.01,222.21008333333333,22.152613888888887,2022-07-07
5677.01,216.43437499999996,-3.002761111111111,2022-07-07
5678.01,47.38416666666666,-34.198480555555555,2022-07-14
5679.01,293.38975,-45.89163333333333,2022-07-14
568.01,135.3405,-28.32458888888889,2019-04-05
5680.01,221.05824999999996,5.605372222222222,2022-07-14
5681.01,244.78066666666663,55.925241666666665,2022-07-14
5682.01,243.31629166666661,34.33205,2022-07-14
5683.01,231.5083333333333,44.82463888888889,2022-07-14
5684.01,233.68866666666665,-9.344444444444445,2022-07-14
5685.01,227.2155,2.3432861111111114,2022-07-14
5686.01,247.46091666666666,37.694561111111106,2022-07-14
5687.01,228.97487499999997,10.461263888888888,2022-07-14
5688.01,266.92308333333335,47.70504722222223,2022-07-14
5689.01,241.31637499999997,7.395594444444445,2022-07-14
569.01,115.10279166666666,-42.15466388888889,2019-04-05
5690.01,253.33733333333328,44.109541666666665,2022-07-14
5691.01,244.84683333333328,32.16611944444444,2022-07-14
5692.01,232.04637499999995,-10.555269444444445,2022-07-14
5693.01,236.518375,4.691983333333334,2022-07-14
5694.01,216.83095833333329,-7.547544444444444,2022-07-14
5695.01,242.15445833333328,19.25324722222222,2022-07-14
5696.01,161.15691666666663,6.333475,2022-07-28
5696.02,161.15691666666663,6.333475,2022-07-28
5696.03,161.15691666666663,6.333475,2024-11-14
5697.01,53.90716666666666,10.842913888888889,2022-07-28
5698.01,307.558,79.66747222222223,2022-07-28
5699.01,251.22616666666661,31.210769444444445,2022-07-28
570.01,136.95554166666668,-51.86721388888889,2019-04-05
5700.01,273.5197083333333,39.33358333333334,2022-07-28
5701.01,252.6910833333333,40.31744166666667,2022-07-28
5702.01,255.45687499999994,14.707466666666665,2022-07-28
5703.01,29.198416666666663,65.7702361111111,2022-07-28
5704.01,169.824875,44.98907777777778,2022-08-18
5705.01,227.7857083333333,55.93476944444444,2022-08-18
5706.01,226.73524999999998,57.495691666666666,2022-08-18
5707.01,118.70304166666665,77.29949444444445,2022-08-18
5708.01,183.27675,11.938091666666667,2022-08-18
5709.01,164.64895833333333,14.62363888888889,2022-08-18
571.01,135.34437499999999,6.097083333333333,2019-04-05
5710.01,150.60266666666666,34.65804722222222,2022-08-18
5711.01,265.4551666666667,72.21734722222223,2022-08-18
5712.01,174.32312499999998,11.167344444444444,2022-08-18
5713.01,208.45874999999998,52.60276388888889,2022-08-18
5714.01,132.0280833333333,57.488955555555556,2022-08-18
5715.01,165.73929166666665,69.91613055555555,2022-08-18
5716.01,201.90079166666663,73.17743333333334,2022-08-18
5717.01,162.57566666666665,50.79651666666666,2022-08-18
5718.01,170.27387499999998,41.57642777777778,2022-08-18
5719.01,147.00395833333332,30.178419444444447,2022-08-18
572.01,131.52491666666668,-13.202869444444444,2019-04-13
5720.01,170.3135833333333,25.273294444444442,2022-08-18
5721.01,156.74974999999998,30.700544444444443,2022-08-18
5722.01,233.479875,64.6474638888889,2022-08-18
5723.01,289.5088333333333,80.53185833333333,2022-08-18
5724.01,245.77991666666665,50.344188888888894,2022-08-18
5725.01,153.92916666666665,28.355191666666666,2022-08-18
5726.01,123.39504166666666,68.57458888888888,2022-08-18
5727.01,274.5662083333333,58.56294722222222,2022-08-18
5728.01,260.35091666666665,67.55042222222222,2022-08-18
5729.01,151.21012499999998,69.16496944444445,2022-08-18
573.01,142.34691666666663,-14.511711111111111,2019-04-13
5730.01,175.56541666666664,24.192494444444446,2022-08-18
5731.01,260.0988333333333,52.43346388888889,2022-08-18
5732.01,265.55658333333326,53.20393333333334,2022-08-18
5733.01,184.96616666666662,55.165725,2022-08-18
5734.01,111.25583333333333,37.231122222222226,2022-08-18
5735.01,147.12504166666668,77.38974722222223,2022-08-18
5736.01,213.75841666666665,49.50093888888889,2022-08-18
5737.01,278.90333333333325,77.73555277777778,2022-08-18
5738.01,243.90654166666664,61.926899999999996,2022-08-18
5738.02,243.90654166666664,61.926899999999996,2023-03-02
5739.01,205.16954166666662,19.199858333333335,2022-08-18
574.01,144.926875,-28.5856,2019-04-05
5740.01,246.95274999999998,69.78149166666667,2022-08-18
5741.01,269.20754166666666,39.22338888888889,2022-09-01
5742.01,278.1915833333333,18.146175,2022-09-01
5743.01,267.90433333333334,24.427455555555557,2022-09-01
5744.01,147.12820833333333,73.44934166666667,2022-09-01
5745.01,171.57333333333332,38.220958333333336,2022-09-01
5746.01,142.37824999999995,50.96380277777778,2022-09-01
5747.01,148.3783333333333,35.570547222222224,2022-09-01
5748.01,7.084458333333333,73.10775277777778,2022-09-01
5749.01,309.95420833333327,68.72016111111111,2022-09-01
575.01,127.99529166666666,-16.885119444444445,2019-04-13
5750.01,248.5327083333333,24.32237222222222,2022-09-01
5751.01,359.07937499999997,73.90759722222222,2022-09-01
5752.01,250.3844583333333,23.578280555555555,2022-09-01
5753.01,250.57837499999994,29.783158333333333,2022-09-01
5754.01,244.0561666666666,20.293794444444448,2022-09-01
5755.01,327.6864583333333,70.64642777777779,2022-09-01
5756.01,254.16474999999994,37.78323888888889,2022-09-01
5757.01,246.61241666666663,46.47221944444445,2022-09-01
5758.01,255.91679166666663,37.139827777777775,2022-09-01
5759.01,351.7975833333333,76.34076388888889,2022-09-01
576.01,144.875125,-20.982419444444442,2019-04-05
5760.01,246.9724583333333,38.45318888888889,2022-09-01
5761.01,47.417249999999996,75.04758888888888,2022-09-01
5762.01,258.3221249999999,25.249466666666667,2022-09-01
5763.01,38.76829166666667,69.23471944444445,2022-09-01
5764.01,251.80258333333333,22.123397222222223,2022-09-01
5765.01,6.844541666666666,70.80569722222222,2022-09-01
5766.01,253.97899999999996,14.966083333333332,2022-09-01
5767.01,256.383875,20.550686111111112,2022-09-01
5768.01,278.55312499999997,23.76765,2022-09-01
5769.01,270.73608333333334,20.06940833333333,2022-09-01
577.01,133.25891666666666,-22.198144444444445,2019-04-13
5770.01,274.6546666666666,30.923869444444446,2022-09-01
5771.01,63.82341666666665,86.119625,2022-09-01
5772.01,261.17249999999996,26.050455555555555,2022-09-01
5773.01,81.78233333333333,75.789225,2022-09-01
5774.01,259.9790833333333,31.51481666666667,2022-09-01
5775.01,56.24012499999999,77.46460277777778,2022-09-01
5776.01,264.1748333333333,20.21908333333333,2022-09-01
5777.01,141.00224999999998,82.85869722222222,2022-09-01
5778.01,325.7374583333333,83.311725,2022-09-01
5779.01,128.619125,70.04811666666666,2022-09-01
578.01,140.50633333333332,-23.946102777777778,2019-04-05
5780.01,260.9698333333333,19.921186111111112,2022-09-01
5781.01,38.11604166666666,80.74639166666667,2022-09-01
5782.01,269.952,27.82997222222222,2022-09-01
5783.01,289.7557499999999,9.47841388888889,2022-09-22
5784.01,293.3308333333333,29.299805555555558,2022-09-22
5785.01,305.5680833333333,16.614305555555557,2022-09-22
5786.01,293.32233333333335,30.70424722222222,2022-09-22
5787.01,290.8053333333333,11.979133333333333,2022-09-22
5788.01,287.4249166666666,31.76152777777778,2022-09-22
5788.02,287.4249166666666,31.76152777777778,2022-09-22
5789.01,302.7734583333333,16.18971388888889,2022-09-22
579.01,104.12124999999999,-50.15791111111111,2019-04-13
5790.01,291.84729166666665,-15.312077777777779,2022-09-22
5791.01,297.92308333333335,2.519483333333333,2022-09-22
5792.01,295.6978333333333,3.5666777777777776,2022-09-22
5793.01,297.32266666666663,4.672411111111112,2022-09-22
5794.01,298.39525,47.81498611111111,2022-09-22
5795.01,304.8687916666666,-7.547658333333334,2022-09-22
5796.01,291.7770416666666,1.3836638888888888,2022-09-22
5797.01,307.72554166666663,6.4293305555555555,2022-09-22
5798.01,306.1239166666666,16.76214722222222,2022-09-22
5799.01,301.63016666666664,15.989141666666665,2022-09-22
580.01,123.10829166666664,-46.10913888888889,2019-04-13
5800.01,305.06554166666666,-7.411925,2022-09-22
5801.01,303.1667916666666,-2.144436111111111,2022-09-22
5802.01,304.2079999999999,3.2939499999999997,2022-09-22
5803.01,327.24875,6.278177777777778,2022-10-12
5804.01,330.6712083333333,11.991027777777777,2022-10-12
5805.01,302.4086249999999,34.57271666666667,2022-10-12
5806.01,329.10179166666666,20.677980555555557,2022-10-12
5807.01,308.5672083333333,43.36068888888889,2022-10-12
5808.01,315.60891666666663,10.610466666666666,2022-10-12
5809.01,314.5490833333333,40.19226388888889,2022-10-12
581.01,130.2614583333333,-41.44279444444444,2019-04-13
5810.01,324.59899999999993,23.118991666666666,2022-10-12
5811.01,310.91191666666657,19.727938888888886,2022-10-12
5812.01,327.56999999999994,4.194572222222223,2022-10-12
5812.02,327.56999999999994,4.194572222222223,2024-10-24
5813.01,302.88512499999996,31.63767222222222,2022-10-12
5814.01,304.9733333333333,33.00991111111111,2022-10-12
5815.01,313.6872916666666,9.179069444444444,2022-10-12
5816.01,307.2157083333333,42.22401388888889,2022-10-12
5817.01,322.37779166666667,21.474527777777777,2022-10-12
5818.01,315.90549999999996,11.989366666666665,2022-10-12
5819.01,326.453,23.56048611111111,2022-10-12
582.01,127.12804166666665,-28.35925277777778,2019-04-13
5820.01,315.5319583333333,7.0562805555555554,2022-10-12
5821.01,317.55154166666665,10.73889722222222,2022-10-12
5822.01,327.66570833333327,10.462938888888889,2022-10-12
5823.01,315.0259583333333,-5.094858333333333,2022-10-12
5824.01,296.3932083333333,45.568533333333335,2022-10-12
5825.01,324.69716666666665,-0.046455555555555555,2022-10-12
5826.01,298.1814166666666,-14.35698611111111,2022-11-02
5827.01,291.90824999999995,23.273822222222222,2022-11-02
5828.01,293.193875,25.086499999999997,2022-11-02
5829.01,304.7067916666667,23.314311111111113,2022-11-02
583.01,118.47637499999998,-39.993,2019-04-13
5830.01,282.1015,15.494188888888887,2022-11-02
5831.01,285.94087499999995,-0.4278222222222222,2022-11-02
5832.01,300.99699999999996,21.216508333333334,2022-11-02
5833.01,293.92099999999994,3.8477944444444447,2022-11-02
5834.01,294.3444583333333,6.680286111111111,2022-11-02
5835.01,280.8589166666666,21.869775,2022-11-02
5836.01,289.4495833333333,19.148044444444444,2022-11-02
5837.01,287.09912499999996,17.113422222222223,2022-11-02
5838.01,284.840625,9.130169444444444,2022-11-02
5839.01,286.0317083333333,17.003202777777776,2022-11-02
584.01,137.5183333333333,-43.92495833333333,2019-04-13
5840.01,280.308375,31.54081111111111,2022-11-02
5841.01,285.2464583333333,22.49893888888889,2022-11-02
5842.01,276.08537499999994,34.552391666666665,2022-11-02
5843.01,276.6157083333333,30.393616666666667,2022-11-02
5844.01,276.35929166666665,47.16916388888889,2022-11-02
5845.01,298.1017083333333,16.668394444444445,2022-11-02
5846.01,271.30808333333323,41.80801666666667,2022-11-02
5847.01,295.8504999999999,3.0314555555555556,2022-11-02
5848.01,300.73783333333336,-0.04681944444444444,2022-11-02
5849.01,303.5635,-10.49798611111111,2022-11-02
585.01,134.373,-39.77842222222222,2019-04-01
5850.01,304.8827083333333,-8.298522222222221,2022-11-02
5851.01,292.68108333333333,12.393072222222221,2022-11-02
5852.01,306.52812499999993,1.77595,2022-11-02
5853.01,286.2347083333333,18.11361388888889,2022-11-02
5854.01,280.0485833333333,20.236341666666668,2022-11-02
5855.01,294.008125,32.21460555555556,2022-11-02
5856.01,290.23683333333327,-7.830216666666667,2022-11-02
5857.01,274.56475,42.46028611111112,2022-11-02
5858.01,299.7985833333333,23.055058333333335,2022-11-02
5859.01,285.3617083333333,29.02153611111111,2022-11-02
586.01,118.91366666666666,-37.85771388888889,2019-04-13
5860.01,304.9230833333333,11.052847222222223,2022-11-02
5861.01,297.980125,24.038241666666668,2022-11-02
5862.01,285.06224999999995,34.25827777777778,2022-11-02
5863.01,300.6768333333333,0.22858055555555556,2022-11-02
5864.01,296.48379166666666,38.35293333333333,2022-11-08
5865.01,311.22137499999997,6.641216666666666,2022-11-08
5866.01,311.30625,12.167608333333332,2022-11-08
5867.01,303.66704166666665,30.77605833333333,2022-11-08
5868.01,313.41954166666665,34.351622222222225,2022-11-08
5869.01,307.0991249999999,18.242430555555558,2022-11-08
587.01,130.39591666666666,-22.19429722222222,2019-04-13
5870.01,324.5994166666666,11.006897222222221,2022-11-08
5871.01,320.85037499999993,39.81303611111111,2022-11-08
5872.01,320.1343749999999,46.817075,2022-11-08
5873.01,324.9862083333333,1.2933694444444443,2022-11-08
5874.01,320.1545833333333,1.8040361111111112,2022-11-08
5875.01,321.373875,20.05916388888889,2022-11-08
5876.01,301.0806666666666,32.501619444444444,2022-11-08
5877.01,299.52941666666663,27.326911111111112,2022-11-08
5878.01,313.93129166666665,29.818541666666665,2022-11-08
5879.01,328.3517916666666,21.41416111111111,2022-11-08
588.01,104.74987499999999,-47.02336666666667,2019-04-01
5880.01,296.4685833333333,36.15038611111111,2022-11-08
5881.01,296.6069166666666,36.952758333333335,2022-11-08
5882.01,311.888625,34.73749166666667,2022-11-08
5883.01,315.87974999999994,18.69652222222222,2022-11-08
5884.01,320.45054166666665,23.92645277777778,2022-11-08
5885.01,302.99954166666663,55.435027777777776,2022-11-08
5886.01,306.9888333333333,37.14633333333333,2022-11-08
5887.01,302.76175,19.70675,2022-11-08
5888.01,298.2144583333333,42.50326111111111,2022-11-08
5889.01,311.2115416666667,8.849352777777778,2022-11-08
589.01,127.222625,-20.95046111111111,2019-04-13
5890.01,313.9033333333333,46.75847777777778,2022-11-08
5891.01,304.4502083333333,30.68735,2022-11-08
5892.01,309.34324999999995,6.152847222222222,2022-11-08
5893.01,317.9264583333333,8.980672222222223,2022-11-08
5894.01,312.7808333333333,12.806316666666667,2022-11-08
5895.01,309.59508333333326,21.021891666666665,2022-11-08
5896.01,306.5093333333333,36.21527777777778,2022-11-08
5897.01,306.84,14.618925,2022-11-08
5898.01,296.641625,55.01660833333333,2022-11-08
5899.01,315.25291666666664,29.702280555555554,2022-11-08
590.01,132.06870833333335,-47.114758333333334,2019-04-13
5900.01,312.3167083333333,22.044230555555558,2022-11-08
5901.01,300.768875,50.50774722222222,2022-11-08
5902.01,310.512,40.30257222222222,2022-11-08
5903.01,320.5523749999999,13.129733333333334,2022-11-08
5904.01,316.68675,3.1855666666666664,2022-11-08
5905.01,311.4662916666667,13.840622222222223,2022-11-08
5906.01,313.48958333333326,42.74352777777778,2022-11-08
5907.01,315.21987499999994,17.11641666666667,2022-11-08
5908.01,303.8938333333333,24.521155555555556,2022-11-08
5909.01,314.59283333333326,10.404855555555557,2022-11-08
591.01,123.58191666666664,-34.819322222222226,2019-04-01
5910.01,297.98245833333334,42.75452777777778,2022-11-08
5911.01,311.2185416666666,42.893255555555555,2022-11-08
5912.01,326.60437499999995,25.113022222222224,2022-11-08
5913.01,314.86575,20.09991388888889,2022-11-08
5914.01,321.8972083333333,-8.352444444444444,2022-11-08
5915.01,314.75170833333334,47.54196111111111,2022-11-08
5916.01,325.29949999999997,9.599052777777779,2022-11-08
5917.01,300.806375,25.16746666666667,2022-11-08
5918.01,307.1222083333333,14.563891666666667,2022-11-08
5919.01,317.1577083333333,37.74978888888889,2022-11-08
592.01,125.55716666666665,-25.069469444444444,2019-04-13
5920.01,312.8605,2.6162722222222223,2022-11-08
5921.01,312.987125,19.566441666666666,2022-11-08
5922.01,319.53074999999995,-4.4473416666666665,2022-11-08
5923.01,320.1855833333333,16.654794444444445,2022-11-08
5924.01,314.49449999999996,19.278830555555555,2022-11-08
5925.01,313.765,12.082555555555555,2022-11-08
5926.01,308.07845833333334,15.503080555555556,2022-11-08
5927.01,316.1416666666666,34.344519444444444,2022-11-08
5928.01,315.17949999999996,17.179355555555556,2022-11-08
5929.01,302.63741666666664,30.54916388888889,2022-11-08
593.01,118.05958333333332,-29.71407222222222,2019-04-01
5930.01,304.0539583333333,16.450619444444445,2022-11-08
5931.01,317.47349999999994,-7.4151444444444445,2022-11-08
5932.01,328.16591666666665,2.857438888888889,2022-11-08
5933.01,309.31075,53.27721944444444,2022-11-08
5934.01,319.7802916666666,-4.741358333333333,2022-11-08
5935.01,305.7958333333333,48.41955,2022-11-08
5936.01,314.2403333333333,3.9970166666666667,2022-11-08
5937.01,287.54254166666664,42.667452777777775,2022-11-08
5938.01,303.9088333333333,28.659225,2022-11-08
5939.01,294.5988333333333,51.651938888888886,2022-11-08
594.01,123.73349999999996,-31.608311111111114,2019-04-13
5940.01,312.0751666666667,47.930641666666666,2022-11-08
5941.01,308.58112499999993,53.00881388888889,2022-11-08
5942.01,317.5410416666667,38.239558333333335,2022-11-08
5943.01,308.5980833333333,37.71727222222223,2022-11-08
5944.01,303.74091666666664,17.103875000000002,2022-11-08
5945.01,289.683,42.61166111111111,2022-11-08
5946.01,311.8059583333333,47.32395833333334,2022-11-08
5947.01,336.694625,18.583430555555555,2022-11-16
5948.01,337.6959166666666,8.640147222222222,2022-11-16
5949.01,321.7212083333333,53.63981666666667,2022-11-16
5949.02,321.7212083333333,53.63981666666667,2024-12-13
595.01,109.78354166666665,-59.30204166666666,2019-04-01
5950.01,332.46924999999993,19.938063888888887,2022-11-16
5951.01,344.17541666666665,43.88733888888889,2022-11-16
5952.01,326.83141666666666,34.850944444444444,2022-11-16
5953.01,333.02649999999994,26.474463888888888,2022-11-16
5954.01,312.02983333333333,43.93869722222222,2022-11-16
5955.01,355.4678333333333,14.106802777777778,2022-11-16
5956.01,283.31724999999994,59.817658333333334,2022-11-16
5957.01,326.4779166666666,39.654555555555554,2022-11-16
5958.01,345.6374583333333,24.249569444444447,2022-11-16
5959.01,335.5129166666666,45.45734166666667,2022-11-16
596.01,122.068625,-35.55943333333333,2019-04-13
5960.01,343.0415,35.447177777777775,2022-11-16
5961.01,349.2160416666666,5.695886111111111,2022-11-16
5962.01,341.76975,29.851994444444447,2022-11-16
5963.01,347.4927916666666,18.396158333333332,2022-11-16
5964.01,339.4742499999999,44.965227777777784,2022-11-16
5965.01,324.7517916666666,62.94426111111111,2022-11-16
5966.01,336.14762499999995,16.878855555555557,2022-11-16
5967.01,338.57433333333324,33.82346666666667,2022-11-16
5968.01,349.2675,31.35398888888889,2022-11-16
5968.02,349.2675,31.35398888888889,2022-12-01
5969.01,349.6229583333333,24.889277777777778,2022-11-16
597.01,133.4579583333333,-48.81268055555555,2019-04-01
5970.01,348.9930416666666,31.46275,2022-11-16
5971.01,322.7545416666666,30.00344722222222,2022-11-16
5972.01,330.79504166666663,18.884241666666668,2022-11-16
5973.01,342.55995833333327,43.65998611111111,2022-11-16
5974.01,349.7659583333333,7.9156,2022-11-16
5975.01,275.33929166666667,69.37070555555555,2022-11-16
5976.01,281.6769166666666,21.828319444444443,2022-12-01
5977.01,298.54258333333325,26.878936111111113,2022-12-01
5978.01,314.40945833333325,22.192647222222224,2022-12-01
5979.01,291.418125,38.67231111111111,2022-12-01
598.01,123.1782083333333,-42.93500833333333,2019-04-13
5980.01,284.05924999999996,44.51837222222222,2022-12-01
5981.01,283.96774999999997,39.062238888888885,2022-12-01
5982.01,288.9022916666666,49.37040833333334,2022-12-01
5983.01,276.0533333333332,66.93555833333333,2022-12-01
5984.01,285.93074999999993,39.09811944444445,2022-12-01
5985.01,238.15354166666663,66.87329722222222,2022-12-01
5986.01,288.1539583333333,44.06881666666667,2022-12-01
5987.01,260.9794583333333,57.46930833333334,2022-12-01
5988.01,285.6792916666667,50.241483333333335,2022-12-01
5989.01,126.10225,79.55964444444444,2022-12-01
599.01,133.1452083333333,-50.00879722222222,2019-04-13
5990.01,238.91524999999996,40.137033333333335,2022-12-01
5991.01,230.20583333333332,67.16747777777778,2022-12-01
5992.01,289.6038333333333,46.31490833333333,2022-12-01
5993.01,295.4865833333333,51.013525,2022-12-01
5994.01,292.5034166666666,43.083219444444445,2022-12-01
5995.01,285.67291666666665,44.11675,2022-12-01
5996.01,296.1066666666666,58.37560833333333,2022-12-01
5997.01,263.1525833333333,33.57055555555556,2022-12-01
5998.01,292.57649999999995,18.394927777777777,2022-12-01
5999.01,284.63520833333325,40.71983055555556,2022-12-01
600.01,122.27291666666666,-37.06186111111111,2019-04-13
6000.01,292.6062916666666,68.15459166666668,2022-12-01
6001.01,295.3075416666666,38.881572222222225,2022-12-01
6002.01,299.61424999999997,32.287169444444444,2022-12-01
6003.01,288.6887083333333,41.15110833333333,2022-12-01
6004.01,283.6282499999999,48.39080833333333,2022-12-01
6005.01,281.4824583333333,47.207825,2022-12-01
6006.01,281.19475,47.497261111111115,2022-12-01
6007.01,39.176583333333326,78.65224166666667,2022-12-01
6008.01,310.44874999999996,49.6469,2022-12-01
6009.01,339.2309583333333,37.67551666666667,2022-12-15
601.01,129.46233333333333,-43.04201666666666,2019-04-13
6010.01,336.737625,45.972,2022-12-15
6011.01,336.6907916666666,57.43416111111111,2022-12-15
6012.01,355.02941666666663,32.01576111111111,2022-12-15
6013.01,13.000916666666665,34.72840277777778,2022-12-15
6014.01,5.166958333333332,31.989972222222224,2022-12-15
6015.01,356.6667083333333,31.15591111111111,2022-12-15
6016.01,4.523958333333333,59.766197222222225,2022-12-15
6017.01,359.1519583333333,36.21295555555556,2022-12-15
6018.01,9.347125,40.90516944444445,2022-12-15
6019.01,355.0913333333333,35.940838888888884,2022-12-15
602.01,115.82533333333332,-36.49671388888889,2019-04-13
6020.01,331.3134166666666,64.09814444444444,2022-12-15
6021.01,358.51512499999995,37.021825,2022-12-15
6022.01,340.00124999999997,60.8235,2022-12-15
6022.02,340.00124999999997,60.8235,2023-05-18
6023.01,325.228625,55.066750000000006,2022-12-15
6024.01,356.038375,26.425669444444445,2022-12-15
6025.01,1.0740416666666666,42.573600000000006,2022-12-15
6026.01,0.2232083333333333,35.75244444444444,2022-12-15
6027.01,12.740749999999998,68.18590277777778,2023-01-20
6028.01,33.13108333333333,51.778774999999996,2023-01-20
6029.01,8.38625,61.86076666666667,2023-01-20
603.01,141.107875,5.766055555555556,2019-04-13
6030.01,38.36916666666666,56.025708333333334,2023-01-20
6031.01,31.042749999999998,46.68785,2023-01-20
6032.01,36.784666666666666,32.876955555555554,2023-01-20
6033.01,43.37233333333333,39.26014722222222,2023-01-20
6034.01,317.90012499999995,68.40207500000001,2023-01-20
6035.01,332.64620833333333,69.77423888888889,2023-01-20
6036.01,34.83687499999999,40.993944444444445,2023-01-20
6037.01,21.80545833333333,67.96685555555555,2023-01-20
6038.01,51.65725,40.81726944444445,2023-01-20
6039.01,355.43375,63.01884444444444,2023-01-20
604.01,122.25745833333332,-30.787938888888892,2019-04-01
6040.01,34.44595833333333,53.80758333333333,2023-01-20
6041.01,46.06104166666666,43.55766666666666,2023-01-20
6042.01,32.08595833333333,56.40978333333333,2023-01-20
6043.01,74.504375,48.30085555555555,2023-02-08
6044.01,273.37733333333324,55.206925000000005,2023-02-08
6045.01,60.640791666666665,34.00413611111111,2023-02-08
6046.01,72.09666666666665,62.06265,2023-02-08
6047.01,83.73087499999998,31.076491666666666,2023-02-08
6048.01,53.357583333333324,59.9888,2023-02-08
6049.01,66.248125,39.46060277777778,2023-02-08
605.01,130.91958333333332,-36.65699722222222,2019-04-13
6050.01,84.39858333333332,64.98153055555555,2023-02-08
6051.01,62.37754166666667,47.55664722222222,2023-02-08
6052.01,68.84649999999999,56.868269444444444,2023-02-08
6053.01,70.97991666666665,61.85933611111111,2023-02-08
6054.01,56.33699999999999,60.35091666666667,2023-02-08
6054.02,56.33699999999999,60.35091666666667,2023-02-08
6055.01,79.92912499999998,48.13589722222222,2023-02-08
6056.01,63.24104166666667,67.67554722222222,2023-02-08
6057.01,64.05624999999999,50.40960555555555,2023-02-08
6058.01,81.40225,37.11826666666667,2023-02-08
6059.01,83.37999999999998,55.12881111111111,2023-02-08
606.01,133.238625,-57.94062222222222,2019-04-01
6060.01,57.561249999999994,50.62083611111111,2023-02-08
6061.01,87.16945833333331,35.03411111111111,2023-02-08
6062.01,77.16983333333333,36.41674444444444,2023-02-08
6063.01,83.00695833333332,36.58867777777778,2023-02-08
6064.01,57.24812499999999,49.11100833333334,2023-02-08
6065.01,97.61920833333333,31.880555555555556,2023-02-23
6066.01,135.45170833333333,67.67499166666667,2023-02-23
6067.01,261.8173333333333,54.84798055555556,2023-02-23
6068.01,88.20287499999999,70.67410000000001,2023-02-23
6069.01,291.1484583333333,67.52796388888889,2023-02-23
607.01,121.00924999999997,-26.165677777777777,2019-04-13
6070.01,118.32533333333332,44.025016666666666,2023-02-23
6071.01,93.04237499999999,43.120288888888886,2023-02-23
6072.01,110.73533333333332,67.25265555555555,2023-02-23
6073.01,295.0256666666666,46.95595277777778,2023-02-23
6074.01,310.42195833333335,35.54591944444444,2023-02-23
6075.01,281.03779166666664,75.99158888888888,2023-02-23
6076.01,267.86725,24.811366666666668,2023-02-23
6077.01,314.91387499999996,40.70601111111112,2023-02-23
6078.01,243.21604166666663,16.305883333333334,2023-02-23
6078.02,243.21604166666663,16.305883333333334,2023-02-23
6079.01,233.49729166666665,69.3502861111111,2023-02-23
608.01,132.83883333333333,-34.43185555555555,2019-04-13
6080.01,266.6044166666666,38.07870833333334,2023-02-23
6081.01,295.09495833333335,43.53756388888889,2023-03-02
6082.01,253.89220833333331,57.22790833333333,2023-03-02
6083.01,288.84887499999996,51.20903888888889,2023-03-02
6084.01,301.75249999999994,50.34803055555556,2023-03-02
6085.01,261.28179166666666,85.11551944444444,2023-03-02
6086.01,265.37041666666664,30.303775,2023-03-02
6087.01,284.73912499999994,49.598444444444446,2023-03-02
6088.01,290.4209583333333,37.85165555555556,2023-03-02
6089.01,285.6154583333333,50.13577222222222,2023-03-02
609.01,122.33979166666666,-39.164588888888886,2019-04-13
6090.01,298.6356666666666,44.170938888888884,2023-03-02
6091.01,281.4614583333333,37.23589166666667,2023-03-02
6092.01,284.0226666666666,14.122019444444446,2023-03-02
6093.01,106.00099999999999,-35.18149722222222,2023-03-23
6094.01,117.67112499999999,-6.494944444444444,2023-03-23
6095.01,100.76674999999999,-44.25185833333333,2023-03-23
6096.01,141.40354166666663,3.661936111111111,2023-03-23
6097.01,119.49674999999999,-21.01336388888889,2023-03-23
6098.01,118.93679166666666,-48.04177222222222,2023-03-23
6099.01,135.336,-20.97341111111111,2023-03-23
610.01,121.52620833333332,-44.37508611111111,2019-04-13
6100.01,103.51616666666666,-46.659702777777774,2023-03-23
6101.01,124.07366666666667,-8.686580555555556,2023-03-23
6102.01,75.74595833333332,-59.97095277777778,2023-03-23
6103.01,128.7179583333333,-49.93252222222222,2023-03-23
6104.01,126.585375,5.2584,2023-03-23
6105.01,123.65695833333331,-41.15613611111111,2023-03-23
6106.01,127.01920833333331,-24.166961111111114,2023-03-23
6107.01,119.88841666666664,-32.70606666666667,2023-03-23
6108.01,99.68383333333333,-49.572408333333335,2023-03-23
6109.01,50.13191666666666,42.60695555555556,2023-03-23
6109.02,50.13191666666666,42.60695555555556,2023-07-20
611.01,122.03433333333332,-28.066188888888888,2019-04-01
6110.01,212.9290833333333,-29.974938888888886,2023-03-23
6111.01,309.70824999999996,44.79196666666667,2023-03-30
6112.01,332.45337499999994,22.566069444444445,2023-03-30
6113.01,318.52374999999995,35.07902777777778,2023-03-30
6114.01,337.1474583333333,6.924225,2023-03-30
6115.01,334.86283333333324,40.67614722222222,2023-03-30
6116.01,310.5779999999999,51.18649444444444,2023-03-30
6117.01,348.0999166666666,22.345469444444443,2023-03-30
6118.01,320.8951666666666,38.31383333333333,2023-03-30
6119.01,309.2043333333333,49.609902777777776,2023-03-30
612.01,110.88183333333332,-37.83546944444445,2019-04-13
6120.01,343.88312499999995,22.563966666666666,2023-03-30
6121.01,316.92729166666663,40.450561111111114,2023-03-30
6122.01,297.50362499999994,54.15354722222222,2023-03-30
6123.01,349.7866666666666,25.985950000000003,2023-03-30
6124.01,315.2201666666666,39.39178888888889,2023-03-30
6125.01,334.8990416666666,12.356411111111111,2023-03-30
6126.01,341.0190416666666,38.516275,2023-03-30
6127.01,318.6205416666666,57.32299166666667,2023-03-30
6128.01,341.7092916666666,31.561025,2023-03-30
6129.01,339.6555416666666,34.80461944444444,2023-03-30
613.01,142.26299999999998,-5.375669444444444,2019-04-13
6130.01,339.20508333333333,16.827194444444444,2023-03-30
6131.01,316.9830416666666,48.58229722222222,2023-03-30
6132.01,308.8029166666666,47.91166666666666,2023-03-30
6133.01,341.85429166666665,37.69103611111111,2023-03-30
6134.01,335.7539166666666,43.79770833333333,2023-03-30
6135.01,347.9797083333333,33.04761111111111,2023-03-30
6136.01,331.61791666666664,42.08218055555556,2023-03-30
6137.01,343.6511249999999,24.09697222222222,2023-03-30
6138.01,321.54724999999996,40.432338888888886,2023-03-30
6139.01,332.04933333333327,46.89485,2023-03-30
614.01,128.47508333333334,-20.94064722222222,2019-04-13
6140.01,332.2117916666666,15.096991666666668,2023-03-30
6141.01,347.04999999999995,12.432919444444444,2023-03-30
6142.01,341.7594583333333,38.39113888888889,2023-03-30
6143.01,329.69362499999994,22.952813888888887,2023-03-30
6144.01,339.1765,34.69943333333333,2023-03-30
6145.01,334.445,15.725630555555556,2023-03-30
6146.01,324.6791666666666,38.85398611111111,2023-03-30
6147.01,352.0243333333333,23.74918611111111,2023-03-30
6148.01,332.035875,19.50647222222222,2023-03-30
6149.01,310.27004166666666,42.217647222222226,2023-03-30
615.01,133.40870833333332,-40.5437,2019-04-13
6150.01,340.99208333333326,22.288894444444445,2023-03-30
6151.01,313.31920833333334,48.08701111111111,2023-03-30
6152.01,319.26729166666667,33.138041666666666,2023-03-30
6153.01,337.2896666666667,20.535130555555558,2023-03-30
6154.01,356.54595833333326,17.02067222222222,2023-03-30
6155.01,334.55087499999996,38.57898333333333,2023-03-30
6156.01,319.29274999999996,34.917561111111105,2023-03-30
6157.01,327.0435416666666,23.112358333333336,2023-03-30
6158.01,333.8944166666666,16.28539166666667,2023-03-30
6159.01,341.3044583333333,5.918844444444445,2023-03-30
616.01,132.87395833333332,-51.32822222222222,2019-04-01
6160.01,302.55562499999996,53.578625,2023-03-30
6161.01,307.68825,45.27913611111111,2023-03-30
6162.01,336.08574999999996,34.158725,2023-03-30
6163.01,351.1335416666666,4.604683333333333,2023-03-30
6164.01,341.7955,26.939936111111113,2023-03-30
6165.01,327.4067083333333,35.41531111111111,2023-03-30
6166.01,325.98195833333324,46.57116111111112,2023-03-30
6167.01,329.30104166666666,45.822138888888894,2023-03-30
6168.01,340.3094166666666,30.327891666666666,2023-03-30
6169.01,306.77037499999994,46.518425,2023-03-30
617.01,129.31537500000002,-47.38348888888889,2019-04-13
6170.01,336.46429166666667,15.856638888888888,2023-03-30
6171.01,349.65541666666667,32.301649999999995,2023-03-30
6172.01,292.03149999999994,49.38863611111111,2023-03-30
6173.01,309.85366666666664,48.17207777777777,2023-03-30
6174.01,336.4,32.52453611111111,2023-03-30
6175.01,332.47983333333326,19.828869444444443,2023-03-30
6176.01,325.85037499999993,24.226308333333332,2023-03-30
6177.01,330.3200833333333,45.49655555555556,2023-03-30
6178.01,324.95724999999993,35.68396944444444,2023-03-30
6179.01,329.8790833333333,39.04629444444444,2023-03-30
618.01,112.57066666666665,-39.33963055555556,2019-04-13
6180.01,331.3508749999999,27.05311388888889,2023-03-30
6181.01,333.84754166666664,46.30227222222222,2023-03-30
6182.01,348.7572916666666,13.665258333333334,2023-03-30
6183.01,305.04962499999993,53.96259166666667,2023-03-30
6184.01,342.6384166666666,9.443405555555556,2023-03-30
6185.01,356.8940833333333,56.07068055555556,2023-04-03
6186.01,355.78099999999995,56.81004722222222,2023-04-03
6187.01,351.92116666666664,57.39702222222222,2023-04-03
6188.01,329.5680833333333,55.80557777777778,2023-04-03
6189.01,320.80270833333327,53.14125277777778,2023-04-03
619.01,114.05075,-48.06348611111111,2019-04-13
6190.01,6.756333333333332,29.487272222222224,2023-04-03
6191.01,337.0431249999999,49.57365,2023-04-03
6192.01,1.6123333333333332,37.855275,2023-04-03
6193.01,325.4662083333333,50.50223888888889,2023-04-03
6194.01,354.91774999999996,44.26222777777778,2023-04-03
6195.01,359.6652916666666,33.820508333333336,2023-04-03
6196.01,334.1796666666666,58.21367222222222,2023-04-03
6197.01,13.638791666666666,43.84831388888889,2023-04-03
6198.01,6.521791666666666,49.599175,2023-04-03
6199.01,9.199541666666665,16.09711111111111,2023-04-03
620.01,142.17345833333331,-12.167163888888888,2019-04-13
6200.01,22.108041666666665,32.13696111111111,2023-04-03
6201.01,356.7131666666666,36.02666111111111,2023-04-03
6202.01,335.8525833333333,55.07552777777778,2023-04-03
6203.01,5.599874999999999,24.86698611111111,2023-04-03
6204.01,330.88866666666667,50.56786666666667,2023-04-03
6205.01,342.53283333333326,45.25378333333333,2023-04-03
6206.01,343.5160416666666,44.91291388888889,2023-04-03
6207.01,355.5400833333333,31.79331388888889,2023-04-03
6208.01,331.83820833333334,53.51958611111111,2023-04-03
6209.01,339.4635833333333,45.15995833333333,2023-04-03
621.01,134.7183333333333,-43.45279444444445,2019-04-10
6210.01,331.5624583333333,52.26861944444445,2023-04-03
6211.01,10.011374999999997,24.379675,2023-04-03
6212.01,349.0562083333333,45.012569444444445,2023-04-03
6213.01,333.7342916666666,48.876577777777776,2023-04-03
6214.01,318.8574166666666,56.11982777777778,2023-04-03
6215.01,335.0394999999999,51.556149999999995,2023-04-03
6216.01,344.621,57.4528,2023-04-03
6217.01,315.2234166666666,54.96246388888889,2023-04-03
6218.01,5.1112916666666655,48.76777222222222,2023-04-03
6219.01,345.65512499999994,50.10492777777778,2023-04-03
622.01,125.30504166666664,-46.484297222222224,2019-04-10
6220.01,331.1103749999999,49.68714444444444,2023-04-03
6221.01,26.657291666666662,22.743058333333334,2023-04-03
6222.01,4.699541666666666,22.354491666666668,2023-04-03
6223.01,355.95058333333327,33.067236111111114,2023-04-03
6224.01,341.86654166666665,52.395133333333334,2023-04-03
6225.01,0.48504166666666654,35.997775000000004,2023-04-03
6226.01,354.34074999999996,47.288669444444444,2023-04-03
6227.01,14.531833333333331,29.985566666666667,2023-04-03
6228.01,342.0405,48.54849722222222,2023-04-03
6229.01,2.417083333333333,28.24367777777778,2023-04-03
623.01,148.72029166666664,-23.332116666666668,2019-04-10
6230.01,345.9434583333333,49.366391666666665,2023-04-03
6231.01,325.3549166666666,61.441916666666664,2023-04-03
6232.01,4.0661249999999995,49.18638333333333,2023-04-03
6233.01,358.489625,52.533525,2023-04-03
6234.01,5.069166666666666,49.46593611111111,2023-04-03
6235.01,4.219124999999999,20.432786111111113,2023-04-03
6236.01,359.18862499999994,28.610075000000002,2023-04-03
6237.01,332.6759583333333,48.652766666666665,2023-04-03
6238.01,355.00283333333334,40.68268333333333,2023-04-03
6239.01,350.4344166666666,54.11215555555556,2023-04-03
624.01,74.55233333333332,9.997980555555555,2019-04-23
6240.01,339.6232499999999,50.52491111111111,2023-04-03
6241.01,17.08266666666666,25.652575,2023-04-03
6242.01,2.9503749999999993,27.44281388888889,2023-04-03
6243.01,329.0892083333333,54.466275,2023-04-03
6244.01,343.5532083333333,52.383763888888886,2023-04-03
6245.01,88.69925,80.09461388888889,2023-04-03
6246.01,356.62162499999994,81.37806111111111,2023-04-03
6247.01,323.58225,72.75763333333333,2023-04-03
6248.01,342.410625,46.349983333333334,2023-04-03
6249.01,101.49204166666665,66.89064444444445,2023-04-03
6249.02,101.49204166666665,66.89064444444445,2023-04-03
625.01,130.50562499999998,3.710566666666667,2019-04-23
6250.01,357.3518333333333,36.90045555555555,2023-04-03
6251.01,3.957916666666666,13.557616666666668,2023-04-03
6252.01,171.5967083333333,28.058027777777777,2023-04-06
6253.01,253.6972916666666,60.70279722222222,2023-04-06
6254.01,14.322791666666665,37.028980555555556,2023-04-06
6255.01,331.50316666666663,39.298827777777774,2023-04-06
6256.01,359.933,77.80373055555555,2023-04-06
6257.01,293.3234583333333,76.92169444444446,2023-04-06
6258.01,13.085374999999999,20.938875,2023-04-06
6259.01,140.11566666666667,-51.66045555555555,2023-04-13
626.01,108.12312499999999,-24.95356111111111,2019-04-23
6260.01,140.59579166666666,-6.0606333333333335,2023-04-13
6261.01,132.05525,-39.68629166666666,2023-04-13
6262.01,129.15804166666666,-36.523175,2023-04-13
6263.01,139.19975,-49.300844444444444,2023-04-13
6264.01,111.52391666666666,-52.4632,2023-04-13
6265.01,151.6275833333333,3.4743583333333334,2023-04-13
6265.02,151.6275833333333,3.4743583333333334,2024-01-25
6266.01,155.5978333333333,-28.84748611111111,2023-04-13
6267.01,142.17925,-14.68645,2023-04-13
6268.01,156.12099999999998,-23.004169444444443,2023-04-13
6269.01,154.27104166666663,-25.276297222222222,2023-04-13
627.01,81.92358333333333,7.918525000000001,2019-04-23
6270.01,155.03216666666665,-29.276108333333333,2023-04-13
6271.01,122.41379166666667,-37.3711,2023-04-13
6272.01,149.9184583333333,-6.906063888888889,2023-04-13
6273.01,180.5462083333333,-35.548608333333334,2023-04-27
6274.01,164.76387499999998,-60.08293888888889,2023-04-27
6275.01,164.349125,-29.997122222222224,2023-04-27
6276.01,175.25629166666664,-44.40414722222222,2023-04-27
6276.02,175.25629166666664,-44.40414722222222,2023-04-27
6276.03,175.25629166666664,-44.40414722222222,2024-02-01
6277.01,150.46383333333333,-55.66037222222222,2023-04-27
6278.01,176.2499583333333,-35.64056388888889,2023-04-27
6279.01,168.21287499999997,-58.94243055555555,2023-04-27
628.01,99.26304166666667,1.76755,2019-04-23
6280.01,145.17437499999997,-66.65448888888889,2023-04-27
6281.01,172.37854166666665,-40.609425,2023-04-27
6282.01,47.03145833333333,-70.11045833333333,2023-05-03
6283.01,143.84216666666666,-65.21618055555555,2023-05-03
6284.01,150.350125,-38.84103888888889,2023-05-03
6285.01,24.217708333333334,51.631572222222225,2023-05-03
6286.01,346.44124999999997,72.41055277777778,2023-05-03
6287.01,37.96379166666666,28.96601111111111,2023-05-03
6288.01,10.159791666666663,52.65440833333333,2023-05-03
6289.01,32.61970833333333,43.975030555555556,2023-05-03
629.01,95.82791666666665,0.8833472222222222,2019-04-23
6290.01,327.3415416666666,67.02955,2023-05-03
6291.01,56.31537499999999,32.136802777777774,2023-05-03
6292.01,44.08954166666666,43.09221388888889,2023-05-03
6293.01,48.022375,28.464680555555553,2023-05-03
6293.02,48.022375,28.464680555555553,2023-05-03
6294.01,345.82466666666664,60.31115,2023-05-03
6295.01,52.22579166666666,46.44304444444444,2023-05-03
6296.01,28.291874999999997,60.22381388888889,2023-05-03
6297.01,20.56195833333333,56.77819722222222,2023-05-03
6298.01,12.471041666666665,60.946038888888886,2023-05-03
6299.01,28.002999999999997,50.920938888888884,2023-05-03
630.01,90.91599999999998,-19.040838888888892,2019-04-23
6300.01,354.65783333333326,60.267244444444444,2023-05-03
6301.01,22.40658333333333,46.75935,2023-05-03
6302.01,47.27712499999999,37.07608611111112,2023-05-03
6303.01,46.78066666666666,40.147175,2023-05-03
6304.01,34.39758333333333,36.83705555555556,2023-05-03
6305.01,8.097291666666665,54.21074166666667,2023-05-03
6306.01,14.391749999999996,56.978183333333334,2023-05-03
6307.01,36.45054166666666,42.154577777777774,2023-05-03
6308.01,36.235833333333325,52.415794444444444,2023-05-03
6309.01,329.7007916666666,63.05511111111111,2023-05-03
631.01,105.94545833333332,-30.72635833333333,2019-04-23
6310.01,37.761125,25.413291666666666,2023-05-03
6311.01,16.04883333333333,60.30263333333333,2023-05-03
6312.01,357.6123333333333,65.81549444444444,2023-05-03
6313.01,46.50429166666666,47.46138888888889,2023-05-03
6314.01,355.6823749999999,62.468361111111115,2023-05-03
6315.01,6.186875,58.46854722222223,2023-05-03
6316.01,25.17708333333333,61.00971944444444,2023-05-03
6317.01,26.19320833333333,34.24408888888889,2023-05-03
6318.01,34.270291666666665,44.58698888888889,2023-05-03
6319.01,34.50099999999999,62.76340277777778,2023-05-03
632.01,113.45479166666665,-61.292452777777775,2019-04-11
6320.01,15.527666666666669,46.387227777777774,2023-05-03
6321.01,40.53941666666666,53.55580277777778,2023-05-03
6322.01,351.29754166666663,60.094591666666666,2023-05-03
6323.01,32.55499999999999,32.98343888888889,2023-05-03
6324.01,330.8445416666666,67.49867777777777,2023-05-03
6325.01,53.67316666666666,37.694688888888884,2023-05-03
6326.01,14.976874999999998,49.034175,2023-05-03
6327.01,20.68995833333333,43.99445277777778,2023-05-03
6328.01,38.39991666666666,49.16946111111111,2023-05-03
6329.01,8.484791666666666,60.08433055555556,2023-05-03
633.01,134.08808333333334,-12.934872222222223,2019-04-23
6330.01,22.168,53.686077777777776,2023-05-03
6331.01,27.889958333333333,43.666558333333334,2023-05-03
6332.01,54.977124999999994,34.45951666666667,2023-05-03
6333.01,33.346291666666666,26.54453888888889,2023-05-03
6334.01,33.870083333333326,35.35723611111111,2023-05-03
6335.01,5.886958333333332,67.77572222222223,2023-05-03
6336.01,3.4039583333333328,56.18465555555555,2023-05-03
6337.01,30.509124999999997,37.89148333333333,2023-05-03
6338.01,45.95966666666666,40.324555555555555,2023-05-03
6339.01,19.79075,59.099961111111114,2023-05-03
634.01,151.55754166666665,3.9464944444444447,2019-04-23
6340.01,340.83699999999993,70.33678333333333,2023-05-03
6341.01,12.644166666666665,61.04623055555555,2023-05-03
6342.01,33.34895833333333,36.521994444444445,2023-05-03
6343.01,322.7174166666666,68.49529444444444,2023-05-03
6344.01,23.775125,47.75100555555556,2023-05-03
6345.01,21.908499999999997,51.71095555555556,2023-05-03
6346.01,62.78579166666666,56.19495555555555,2023-05-03
6347.01,61.169666666666664,34.18611388888888,2023-05-03
6348.01,82.29799999999999,57.656327777777776,2023-05-03
6349.01,66.20241666666666,53.12821111111111,2023-05-03
635.01,146.72454166666665,-4.298238888888889,2019-04-23
6350.01,61.41112499999999,50.05339444444444,2023-05-03
6351.01,56.41112499999999,63.96496666666667,2023-05-03
6352.01,61.46079166666665,64.25430277777778,2023-05-03
6353.01,63.19391666666666,46.76146388888889,2023-05-03
6354.01,78.04341666666666,53.70677777777778,2023-05-03
6355.01,79.724125,47.54723055555555,2023-05-03
6356.01,67.60499999999999,56.394463888888886,2023-05-03
6357.01,77.58891666666666,39.673655555555555,2023-05-03
6358.01,62.80083333333333,43.60089722222222,2023-05-03
6359.01,63.16508333333332,50.15895,2023-05-03
636.01,123.88541666666666,-31.556522222222224,2019-04-11
6360.01,59.36883333333333,64.32124166666667,2023-05-03
6361.01,71.45341666666666,57.27203611111111,2023-05-03
6362.01,77.76183333333333,62.677880555555554,2023-05-03
6363.01,86.15508333333332,50.37768888888889,2023-05-03
6364.01,2.7320833333333328,78.89972777777778,2023-05-03
6365.01,67.576,48.32020555555556,2023-05-03
6366.01,53.294791666666654,61.34292777777778,2023-05-03
6367.01,75.55954166666666,48.74185555555556,2023-05-03
6368.01,86.97529166666665,41.94232777777778,2023-05-03
6369.01,69.25054166666666,49.61486111111111,2023-05-03
637.01,120.78741666666666,-38.74200833333333,2019-04-11
6370.01,46.54216666666667,57.07566944444445,2023-05-03
6371.01,52.613749999999996,61.63577222222222,2023-05-03
6372.01,84.48079166666666,35.294716666666666,2023-05-03
6373.01,82.782625,60.38676944444445,2023-05-03
6374.01,13.872291666666664,73.46416388888889,2023-05-03
6375.01,43.04183333333333,63.639519444444446,2023-05-03
6376.01,68.70966666666665,55.889116666666666,2023-05-03
6377.01,77.86929166666665,37.923224999999995,2023-05-03
6378.01,45.81979166666666,59.308616666666666,2023-05-03
6379.01,71.496,57.313786111111106,2023-05-03
638.01,147.86737499999998,-4.123322222222222,2019-04-23
6380.01,48.459291666666665,65.26786111111112,2023-05-03
6381.01,85.71954166666666,44.670005555555555,2023-05-03
6382.01,78.49991666666666,33.28323888888889,2023-05-03
6383.01,60.42470833333332,60.89136666666666,2023-05-03
6384.01,102.68458333333332,40.87286388888889,2023-05-03
6385.01,105.77779166666664,39.551430555555555,2023-05-03
6386.01,85.39233333333333,79.50376388888888,2023-05-03
6387.01,256.3217916666666,64.93009722222223,2023-05-03
6388.01,122.97891666666665,38.346133333333334,2023-05-03
6389.01,113.18566666666665,33.556824999999996,2023-05-03
639.01,124.25012499999998,-47.65195277777778,2019-04-23
6390.01,108.71370833333332,51.04555,2023-05-03
6391.01,97.09112499999999,35.74133333333334,2023-05-03
6392.01,105.52379166666665,65.28668333333333,2023-05-03
6393.01,141.24370833333333,68.7883138888889,2023-05-03
6394.01,99.13299999999998,40.36980555555556,2023-05-03
6395.01,103.80291666666665,45.32420555555556,2023-05-03
6396.01,122.51941666666663,63.826236111111115,2023-05-03
6397.01,280.0648333333333,58.98750833333333,2023-05-03
6398.01,96.51829166666666,39.794574999999995,2023-05-03
6399.01,110.77483333333333,65.47240555555555,2023-05-03
640.01,99.73458333333332,-36.64613055555556,2019-05-06
6400.01,123.19220833333331,-4.247711111111111,2023-05-03
6401.01,117.62308333333331,-33.50825833333333,2023-05-03
6402.01,127.16283333333331,2.710438888888889,2023-05-03
6403.01,115.52708333333332,-13.460841666666665,2023-05-03
6404.01,117.13749999999997,-22.469649999999998,2023-05-03
6405.01,119.25749999999998,-20.46362222222222,2023-05-03
6406.01,127.89029166666667,-0.5353416666666666,2023-05-03
6407.01,107.84845833333333,-33.07058611111111,2023-05-03
6408.01,120.57641666666663,2.5047111111111113,2023-05-03
6409.01,106.45012499999997,-35.25613611111111,2023-05-03
641.01,101.07170833333332,-23.81918611111111,2019-05-06
6410.01,119.33729166666666,-18.758919444444444,2023-05-03
6411.01,110.27512499999997,-26.799544444444447,2023-05-03
6412.01,121.48866666666665,-18.383275,2023-05-03
6413.01,122.54920833333331,-6.80275,2023-05-03
6414.01,127.28908333333331,-2.1166694444444443,2023-05-03
6415.01,104.75679166666664,-36.36106111111111,2023-05-03
6416.01,110.16529166666665,-27.66123611111111,2023-05-03
6417.01,115.84824999999998,-8.52321388888889,2023-05-03
6418.01,118.004125,-11.412430555555556,2023-05-03
6419.01,126.60279166666666,-23.890808333333332,2023-05-03
642.01,104.05579166666665,-20.05249722222222,2019-05-06
6420.01,125.54429166666665,-19.12428611111111,2023-05-03
6421.01,111.15316666666666,-25.071761111111112,2023-05-03
6422.01,116.26683333333332,-22.178797222222222,2023-05-03
6423.01,117.25774999999999,-19.231980555555555,2023-05-03
6424.01,108.19995833333331,-32.52006111111111,2023-05-03
6425.01,111.50233333333333,-25.49158611111111,2023-05-03
6426.01,118.60995833333332,-19.656980555555553,2023-05-03
6427.01,109.44258333333332,-40.88605277777778,2023-05-03
6428.01,93.99058333333332,-52.48021388888889,2023-05-03
6429.01,113.67316666666665,-19.367019444444445,2023-05-03
643.01,120.69391666666665,-23.696727777777777,2019-04-11
6430.01,112.16966666666666,-14.991169444444443,2023-05-03
6431.01,118.138625,-12.108252777777777,2023-05-03
6432.01,117.89849999999998,-21.38800277777778,2023-05-03
6433.01,118.82758333333332,4.779380555555555,2023-05-03
6434.01,117.32874999999999,-11.242347222222222,2023-05-03
6435.01,111.56366666666666,-44.59511944444445,2023-05-03
6436.01,128.387125,1.7068999999999999,2023-05-03
6437.01,112.07654166666666,-23.270041666666664,2023-05-03
6438.01,120.78408333333333,-12.398419444444444,2023-05-03
6439.01,118.15408333333333,-4.335075,2023-05-03
644.01,104.92266666666666,-24.883877777777776,2019-05-06
6440.01,121.01795833333331,-17.459225,2023-05-03
6441.01,122.32233333333332,-16.737405555555558,2023-05-03
6442.01,107.83333333333333,-35.850519444444444,2023-05-03
6443.01,114.90437499999999,-25.46544722222222,2023-05-03
6444.01,107.03237499999999,-30.595669444444443,2023-05-03
6445.01,136.00791666666666,8.734138888888888,2023-05-03
6446.01,117.69320833333332,-2.0778083333333335,2023-05-03
6447.01,133.255125,-13.0507,2023-05-03
6448.01,110.17041666666665,-33.922327777777774,2023-05-03
6449.01,125.93045833333332,-5.189494444444445,2023-05-03
645.01,106.76741666666665,-36.7708,2019-05-06
6450.01,134.608625,-6.3138,2023-05-03
6451.01,117.62454166666664,-31.73015,2023-05-03
6452.01,114.32495833333333,-11.737319444444443,2023-05-03
6453.01,109.27399999999999,-24.136716666666665,2023-05-03
6454.01,123.91295833333331,-29.971955555555553,2023-05-03
6454.02,123.91295833333331,-29.971955555555553,2023-05-03
6455.01,96.86162499999999,-52.29780833333333,2023-05-18
6456.01,135.13970833333332,1.390136111111111,2023-05-18
6457.01,108.56170833333333,33.07036388888889,2023-05-18
6458.01,80.00308333333332,32.78543333333333,2023-05-18
6459.01,120.40579166666667,-48.821602777777784,2023-05-18
646.01,57.26579166666666,-72.94729722222223,2019-08-15
6460.01,114.92108333333331,-8.918969444444445,2023-05-18
6461.01,118.67716666666666,-4.342149999999999,2023-05-18
6462.01,123.01633333333331,2.7823694444444445,2023-05-18
6463.01,130.25699999999998,-40.584788888888895,2023-05-18
6464.01,133.47704166666665,-38.99711111111111,2023-06-15
6465.01,127.982,-37.462652777777784,2023-06-15
6466.01,133.233375,-31.99812222222222,2023-06-15
6467.01,153.890625,-14.708566666666666,2023-06-15
6468.01,129.9972083333333,-36.18178611111111,2023-06-15
6469.01,141.21991666666668,-39.030975,2023-06-15
647.01,83.95549999999999,-18.649591666666666,2019-05-06
6470.01,146.71637499999997,-35.206500000000005,2023-06-15
6471.01,107.19079166666666,-49.821825000000004,2023-06-15
6472.01,128.46404166666667,-43.784394444444445,2023-06-15
6473.01,149.9708333333333,-22.922583333333336,2023-06-15
6474.01,140.42216666666664,-29.10807777777778,2023-06-15
6475.01,119.45154166666666,-40.736441666666664,2023-06-15
6476.01,140.1999583333333,-18.667469444444446,2023-06-15
6477.01,146.15029166666662,-30.104755555555556,2023-06-15
6478.01,149.99179166666661,-16.159794444444444,2023-06-15
6479.01,130.73216666666664,-37.63435277777778,2023-06-15
648.01,103.00274999999999,-18.954430555555554,2019-05-06
6480.01,122.69408333333332,-43.8534,2023-06-15
6481.01,155.55599999999998,-14.052150000000001,2023-06-15
6482.01,141.92962499999996,-24.965027777777777,2023-06-15
6483.01,110.30116666666665,-49.134858333333334,2023-06-15
6484.01,109.32295833333332,-54.11719166666667,2023-06-15
6485.01,150.957,-19.2825,2023-06-15
6486.01,141.72283333333334,-7.57925,2023-06-15
6487.01,135.76666666666665,-29.28071111111111,2023-06-15
6488.01,105.59720833333331,-50.87235,2023-06-15
6489.01,157.82037499999998,-18.808544444444443,2023-06-15
649.01,102.22266666666665,-13.527269444444446,2019-05-06
6490.01,134.58195833333332,-22.70093333333333,2023-06-15
6491.01,143.52545833333332,-34.03831944444444,2023-06-15
6492.01,145.0120833333333,-10.977166666666667,2023-06-15
6493.01,112.98129166666665,-49.134122222222224,2023-06-15
6494.01,142.37254166666665,-54.43314722222222,2023-06-15
6495.01,150.71929166666663,-46.374719444444445,2023-06-15
6496.01,151.04891666666666,-60.12623055555556,2023-06-15
6497.01,164.14174999999997,-57.70442777777778,2023-06-15
6498.01,147.8853333333333,-67.11304722222222,2023-06-15
6499.01,149.63766666666666,-37.70758333333334,2023-06-15
650.01,110.26104166666666,-60.155474999999996,2019-03-21
6500.01,152.56749999999997,-40.64736111111111,2023-06-15
6501.01,149.36529166666665,-42.861180555555556,2023-06-15
6502.01,139.17216666666667,-44.584808333333335,2023-06-15
6503.01,151.611125,-47.024280555555556,2023-06-15
6504.01,102.29295833333332,-76.24571944444445,2023-06-15
6505.01,153.47054166666666,-63.49014444444445,2023-06-15
6506.01,144.065375,-49.245675,2023-06-15
6507.01,160.60274999999996,-30.249930555555558,2023-06-15
6508.01,180.76424999999998,-33.6655,2023-06-15
6509.01,139.10604166666667,-63.64106388888889,2023-06-15
651.01,92.10566666666666,-11.147333333333332,2019-05-06
6510.01,143.69254166666664,-63.73551111111111,2023-06-15
6511.01,155.16420833333333,-69.48836666666666,2023-06-15
6512.01,151.58791666666664,-39.092019444444446,2023-06-15
6513.01,64.96133333333331,-69.85420555555555,2023-06-15
6514.01,143.52391666666665,-54.90541944444444,2023-06-15
6515.01,153.7142083333333,-43.51516111111111,2023-06-15
6516.01,155.88633333333328,-52.95335555555556,2023-06-15
6517.01,143.59566666666663,-41.52577222222222,2023-06-15
6518.01,151.83470833333334,-53.34330555555556,2023-06-15
6519.01,162.16879166666664,-24.719427777777778,2023-06-15
652.01,149.12349999999998,-24.09918611111111,2019-05-07
6520.01,137.2905,-51.07395555555556,2023-06-15
6521.01,81.23758333333333,-57.03547777777778,2023-06-15
6522.01,156.4030833333333,-32.59282777777778,2023-06-15
6523.01,103.40279166666666,-64.43740277777778,2023-06-15
6524.01,135.55704166666666,-62.647058333333334,2023-06-15
6525.01,162.271,-45.085547222222225,2023-06-15
6526.01,174.12562499999996,-31.535144444444445,2023-06-15
6527.01,141.6114583333333,-59.67347777777778,2023-06-15
6528.01,164.2965833333333,-27.52369722222222,2023-06-15
6529.01,160.94899999999998,-33.155027777777775,2023-06-15
653.01,144.773625,-45.42618611111111,2019-05-07
6530.01,164.67629166666666,-35.34107222222222,2023-06-15
6531.01,142.49320833333329,-50.725186111111114,2023-06-15
6532.01,151.6810833333333,-39.710775000000005,2023-06-15
6533.01,156.6173333333333,-56.54553611111111,2023-06-15
6534.01,163.09095833333333,-56.2639,2023-06-15
6535.01,132.02341666666666,-58.758544444444446,2023-06-15
6536.01,144.35791666666665,-48.27523055555555,2023-06-15
6537.01,165.14020833333333,-49.07732777777778,2023-06-15
6538.01,166.55791666666664,-54.57325277777778,2023-06-15
6539.01,152.6809583333333,-48.27263055555555,2023-06-15
654.01,164.72454166666665,-5.547544444444444,2019-05-07
6540.01,179.97779166666663,-30.2216,2023-06-15
6541.01,157.24349999999998,-58.79413888888889,2023-06-15
6542.01,198.58225,-59.692249999999994,2023-06-15
6543.01,183.61145833333327,-58.058788888888884,2023-06-15
6544.01,190.15808333333328,-48.140747222222224,2023-06-15
6545.01,187.65154166666665,-43.953561111111114,2023-06-29
6546.01,191.70283333333333,-24.42738888888889,2023-06-29
6547.01,163.10104166666667,-61.44685833333333,2023-06-29
6548.01,132.76787499999998,-69.34417777777777,2023-06-29
6549.01,84.859,-52.93331111111111,2023-06-29
655.01,148.41674999999998,-45.65910833333333,2019-05-07
6550.01,121.45466666666667,-41.13563055555556,2023-07-20
6551.01,207.52599999999998,-40.83589722222222,2023-07-20
6552.01,74.75662499999999,-56.71599444444445,2023-07-20
6553.01,209.162375,-61.182991666666666,2023-07-20
6554.01,241.92241666666663,-33.24936666666667,2023-07-20
6555.01,223.62770833333332,-68.38454166666668,2023-07-20
6556.01,213.6672083333333,-41.55970277777777,2023-07-20
6557.01,228.50304166666663,-45.01226666666667,2023-07-20
6558.01,216.134,-52.831719444444445,2023-07-20
6559.01,202.15787499999996,-62.169938888888886,2023-07-20
656.01,154.90816666666666,-9.806444444444445,2019-05-07
6560.01,220.40925,-26.790780555555557,2023-07-20
6561.01,245.2244583333333,-38.690225,2023-07-20
6562.01,220.29975,-32.36335277777778,2023-07-20
6563.01,212.2004583333333,-55.71230277777778,2023-07-20
6564.01,205.81787499999996,-56.15645,2023-07-20
6565.01,218.72941666666665,-34.05715277777777,2023-07-20
6566.01,225.70637499999998,-40.16761388888889,2023-07-20
6567.01,219.04249999999996,-34.49605833333334,2023-07-20
6568.01,194.684,-58.47674166666667,2023-07-20
6569.01,184.80091666666664,-46.78030555555556,2023-07-20
657.01,147.4067083333333,-33.21850277777778,2019-05-07
6570.01,190.4387083333333,-45.74362777777778,2023-07-20
6571.01,206.394625,-42.826302777777784,2023-07-20
6572.01,200.00704166666665,-34.63493611111111,2023-07-20
6573.01,191.3009583333333,-55.318963888888895,2023-07-20
6574.01,156.51199999999997,-56.329797222222226,2023-07-20
6575.01,187.58320833333332,-59.41314166666667,2023-07-20
6576.01,164.92762499999998,-58.65902777777777,2023-07-20
6577.01,189.63004166666664,-41.47389166666667,2023-07-20
6578.01,188.1323333333333,-37.07384444444445,2023-07-20
6579.01,167.2122083333333,-54.31512222222222,2023-07-20
658.01,150.15266666666665,-34.681863888888884,2019-05-07
6580.01,185.62425,-32.336911111111114,2023-07-20
6581.01,176.39704166666664,-50.56653055555555,2023-07-20
6582.01,201.89929166666664,-46.38679166666667,2023-07-20
6583.01,154.6985,-62.793025,2023-07-20
6584.01,149.91137499999996,-62.975497222222224,2023-07-20
6585.01,170.88966666666664,-45.647016666666666,2023-07-20
6586.01,147.39662499999997,-63.49402777777778,2023-07-20
6587.01,191.679375,-35.41804444444444,2023-07-20
6588.01,202.23874999999998,-56.78253611111111,2023-07-20
6589.01,171.47387499999996,-53.31006111111111,2023-07-20
659.01,150.15387499999997,-34.68144722222222,2019-05-07
6590.01,186.34566666666663,-44.04326944444444,2023-07-20
6591.01,154.89624999999998,-57.071088888888895,2023-07-20
6592.01,190.6378333333333,-34.09059722222222,2023-07-20
6593.01,203.60441666666665,-49.29119166666666,2023-07-20
6594.01,205.6079583333333,-29.800641666666667,2023-07-20
6595.01,143.94570833333333,-60.08347777777778,2023-07-20
6596.01,166.72845833333332,-54.738875,2023-07-20
6597.01,190.97825,-33.26595833333333,2023-07-20
6598.01,184.34929166666663,-46.173630555555555,2023-07-20
6599.01,205.92391666666666,-40.041875,2023-08-15
660.01,166.429625,-5.079486111111111,2019-05-07
6600.01,187.44199999999998,-69.65183888888889,2023-08-15
6601.01,101.56812499999998,-62.34740277777778,2023-08-15
6602.01,174.17199999999997,-71.18384444444445,2023-08-15
6603.01,204.21266666666665,-55.27045277777778,2023-08-15
6604.01,220.6527083333333,-25.553930555555556,2023-08-15
6605.01,230.38912499999998,-66.264425,2023-08-15
6606.01,215.11658333333332,-44.35431666666667,2023-08-15
6607.01,167.5848333333333,-69.34499166666666,2023-08-15
6608.01,218.944625,-32.71929166666667,2023-08-15
6609.01,217.9855,-54.40065277777778,2023-08-15
661.01,158.22504166666664,-34.98990833333333,2019-05-07
6610.01,224.5714583333333,-49.275977777777776,2023-08-15
6611.01,229.88370833333332,-73.5226,2023-08-15
6612.01,229.29491666666664,-33.969294444444444,2023-08-15
6613.01,237.00616666666664,-66.810825,2023-08-15
6614.01,81.70020833333334,-65.28971388888888,2023-08-15
6615.01,230.1342083333333,-45.541219444444444,2023-08-15
6616.01,220.6640833333333,-79.45409444444445,2023-08-15
6617.01,195.79958333333335,-64.82210277777777,2023-08-15
6618.01,84.88591666666666,-59.00573611111111,2023-08-15
6619.01,163.50695833333333,-70.89225277777778,2023-08-15
662.01,160.18012499999998,-31.927233333333334,2019-05-07
6620.01,207.19566666666665,-53.57592777777778,2023-08-15
6621.01,88.96358333333332,-65.50749444444445,2023-08-15
6622.01,96.94904166666666,-54.279519444444446,2023-08-15
6623.01,207.42162499999998,-57.150013888888886,2023-08-15
6624.01,198.88829166666665,-61.44307499999999,2023-08-15
6625.01,221.8057083333333,-68.52114722222223,2023-08-15
6626.01,231.02504166666662,-39.909394444444445,2023-08-15
6627.01,179.58775,-68.717,2023-08-15
6628.01,225.83704166666664,-35.230580555555555,2023-08-15
6629.01,223.13583333333332,-38.86166111111111,2023-08-15
663.01,160.0658333333333,-8.511083333333334,2019-05-07
663.02,160.0658333333333,-8.511083333333334,2019-05-07
663.03,160.0658333333333,-8.511083333333334,2021-07-08
6630.01,210.84712499999998,-51.92742222222222,2023-08-15
6631.01,206.35275,-57.33128333333334,2023-08-15
6632.01,221.4257083333333,-65.8513,2023-08-15
6633.01,63.93774999999999,-62.72501666666667,2023-08-15
6634.01,166.59612499999997,-66.70334166666667,2023-08-15
6635.01,211.9693333333333,-60.62020277777778,2023-08-15
6636.01,209.79679166666662,-54.762927777777776,2023-08-15
6637.01,199.577125,-59.75868333333333,2023-08-15
6638.01,222.56283333333332,-49.59621666666667,2023-08-15
6639.01,232.6052083333333,-67.93879722222222,2023-08-15
664.01,161.70691666666667,-9.399363888888889,2019-05-07
6640.01,102.54066666666665,-63.4656,2023-08-15
6641.01,206.54904166666665,-53.35718611111111,2023-08-15
6642.01,219.53995833333332,-27.41835,2023-08-15
6643.01,216.3218333333333,-51.81804166666667,2023-08-15
6644.01,85.08375,-60.91758333333333,2023-08-15
6645.01,280.50587499999995,17.310927777777778,2023-09-21
6646.01,280.88233333333324,20.560675,2023-09-21
6647.01,1.2121666666666666,42.86819722222222,2023-09-21
6648.01,5.462249999999999,42.77063888888889,2023-09-21
6649.01,9.208208333333332,24.26779722222222,2023-09-21
665.01,155.637125,-40.51634722222222,2019-05-06
6650.01,338.80533333333324,54.773555555555554,2023-09-21
6650.02,338.80533333333324,54.773555555555554,2025-01-09
6650.03,338.80533333333324,54.773555555555554,2025-01-09
6650.04,338.80533333333324,54.773555555555554,2025-01-09
6651.01,15.788583333333332,35.389041666666664,2023-09-21
6652.01,2.214,33.87875555555556,2023-09-21
6653.01,4.182458333333332,20.85676666666667,2023-09-21
6654.01,99.41195833333333,-57.08729166666667,2023-09-21
6655.01,278.02858333333336,-67.6645,2023-09-21
6655.02,278.02858333333336,-67.6645,2023-09-21
6656.01,228.84041666666664,-70.53256111111111,2023-09-21
6657.01,264.96687499999996,-50.574825000000004,2023-09-21
6658.01,278.68062499999996,-65.95318888888889,2023-09-21
6659.01,278.4115833333333,-35.34804166666667,2023-09-21
666.01,124.11033333333333,-46.42981944444444,2019-05-06
6660.01,314.3811666666666,-86.61053055555556,2023-09-21
6661.01,190.7693333333333,61.60173888888889,2023-09-21
6662.01,84.856,74.76741111111112,2023-09-21
6663.01,142.03129166666665,78.94475277777778,2023-09-21
6664.01,143.137375,69.72948333333333,2023-09-21
6665.01,103.90687499999999,42.04293055555555,2023-09-21
6666.01,325.00325,69.08661111111111,2023-09-21
6667.01,339.35783333333325,-53.319050000000004,2023-09-21
6668.01,356.6285416666666,-48.95800555555556,2023-09-21
6669.01,170.27633333333333,-26.06661666666667,2023-09-21
667.01,153.7090833333333,-47.15493611111111,2019-05-07
6670.01,137.04666666666665,-50.61375833333334,2023-09-21
6671.01,327.6388749999999,-26.55651111111111,2023-09-21
6672.01,330.5530416666666,47.09035277777778,2023-09-21
6673.01,172.2582083333333,63.57360833333334,2023-09-21
6674.01,8.334333333333333,59.109922222222224,2023-09-21
6675.01,101.54691666666665,78.50475,2023-09-21
6676.01,14.901916666666663,-1.3263722222222223,2023-09-21
6677.01,290.47191666666663,-46.87495833333333,2023-09-21
6678.01,283.5362916666666,-36.65685833333333,2023-09-21
6679.01,286.14224999999993,-55.34733611111111,2023-09-21
668.01,154.19174999999998,-42.55907222222222,2019-05-07
6680.01,285.4498749999999,-50.06170833333333,2023-09-21
6681.01,305.8724166666666,-44.058699999999995,2023-09-21
6682.01,286.539125,-40.61341111111111,2023-09-21
6683.01,2.879666666666666,-70.9869361111111,2023-09-21
6684.01,320.8261666666666,-80.76696666666666,2023-09-21
6685.01,285.1067083333333,-50.23551111111111,2023-09-21
6686.01,284.54837499999996,-47.00330833333334,2023-09-21
6687.01,302.0384583333333,-76.13625,2023-09-21
6688.01,288.37120833333324,-61.05909722222222,2023-09-21
6689.01,327.448,-70.45505555555556,2023-09-21
669.01,158.90070833333334,-5.1813722222222225,2019-05-06
6690.01,90.44554166666666,-63.050466666666665,2023-10-05
6690.02,90.44554166666666,-63.050466666666665,2023-10-05
6691.01,82.716625,-54.898136111111114,2023-10-05
6692.01,312.6940416666666,-81.27239722222222,2023-10-05
6693.01,315.4230416666666,-10.408225,2023-10-05
6694.01,215.09408333333332,41.27867222222222,2023-10-05
6695.01,129.57204166666665,-23.550216666666667,2023-10-05
6696.01,44.11449999999999,48.00899444444445,2023-10-05
6697.01,197.31712499999998,-60.30843333333333,2023-10-05
6697.02,197.31712499999998,-60.30843333333333,2023-10-05
6698.01,193.39820833333332,-23.119791666666668,2023-10-05
6699.01,317.0695833333333,-63.2505,2023-10-05
670.01,163.9090833333333,-42.84928055555556,2019-05-07
6700.01,95.72562499999998,-66.27314166666666,2023-10-05
6701.01,113.36283333333333,-62.48598611111111,2023-10-05
6702.01,80.32374999999998,-66.83320555555555,2023-10-05
6703.01,96.071625,-53.57569166666667,2023-10-05
6704.01,123.99854166666665,-59.32703611111111,2023-10-05
6704.02,123.99854166666665,-59.32703611111111,2023-10-05
6705.01,220.00391666666664,-52.91005,2023-10-05
6706.01,214.272875,-55.521705555555556,2023-10-05
6707.01,109.76345833333332,-58.115525,2023-10-05
6708.01,69.14458333333332,-81.29294444444444,2023-10-05
6709.01,167.60820833333332,-29.414302777777777,2023-10-05
671.01,166.88891666666666,-40.20691666666667,2019-05-06
6710.01,118.91624999999999,-43.35671388888889,2023-10-05
6711.01,138.38299999999998,-69.30469166666667,2023-10-05
6712.01,154.94937499999997,-28.96236111111111,2023-10-05
6713.01,179.79237499999996,-20.355605555555556,2023-10-05
6714.01,90.93466666666664,-81.4574138888889,2023-10-05
6715.01,159.1579583333333,-64.79823055555555,2023-10-05
6716.01,111.65708333333332,-30.552180555555555,2023-10-05
6717.01,164.3250833333333,-4.674413888888889,2023-10-05
6718.01,357.36658333333327,-78.93296666666667,2023-10-05
6719.01,314.5754583333333,-35.79662222222222,2023-10-18
672.01,167.990875,-39.32811388888889,2019-05-07
6720.01,6.613583333333333,-56.34428055555556,2023-10-18
6721.01,337.48912499999994,-31.92908611111111,2023-10-18
6722.01,42.467208333333325,-62.72358611111111,2023-10-18
6723.01,46.987541666666665,-66.11118611111111,2023-10-18
6724.01,19.06758333333333,-79.8939,2023-10-18
6725.01,95.61933333333332,-63.697716666666665,2023-10-18
6726.01,343.57237499999997,-43.01022777777778,2023-10-18
6727.01,342.7324583333333,-29.809108333333334,2023-10-26
6728.01,109.77749999999997,-55.83784166666667,2023-10-26
6729.01,45.31037499999999,-75.20330833333334,2023-10-26
6729.02,45.31037499999999,-75.20330833333334,2023-10-26
673.01,168.99841666666663,-36.459405555555556,2019-05-06
6730.01,12.358875,-53.914944444444444,2023-10-26
6731.01,355.9117499999999,-11.272630555555557,2023-10-26
6732.01,274.398875,-53.01713055555555,2023-11-02
6733.01,248.40491666666665,-56.55613333333333,2023-11-02
6734.01,262.96929166666666,-48.37116666666667,2023-11-02
6735.01,271.1424999999999,-58.01446388888889,2023-11-02
6736.01,275.6539166666666,-41.476441666666666,2023-11-02
6737.01,255.4586666666666,-56.81590277777777,2023-11-02
6738.01,275.27979166666665,-45.46985,2023-11-02
6739.01,278.1457916666667,-44.717705555555554,2023-11-02
674.01,164.58654166666665,-36.858108333333334,2019-05-07
6740.01,258.4105416666666,-55.72940555555556,2023-11-02
6741.01,230.41241666666662,-67.20654722222223,2023-11-02
6742.01,267.73099999999994,-61.61439444444444,2023-11-02
6743.01,242.81720833333333,-67.00030555555556,2023-11-02
6744.01,277.412,-62.20180555555556,2023-11-02
6745.01,255.1055833333333,-69.61787222222222,2023-11-02
6746.01,260.6937083333333,-56.81760833333334,2023-11-02
6747.01,273.0293333333333,-72.87734722222221,2023-11-02
6748.01,252.56808333333328,-56.08383888888889,2023-11-02
6749.01,236.8919583333333,-67.50664722222223,2023-11-02
675.01,160.55874999999997,-3.835,2019-05-06
6750.01,244.02137499999998,-60.03800833333333,2023-11-02
6751.01,257.3814166666666,-47.40343333333333,2023-11-02
6752.01,273.0345833333333,-44.243405555555555,2023-11-02
6753.01,255.2257083333333,-70.53015,2023-11-02
6754.01,259.29041666666666,-48.763416666666664,2023-11-02
6755.01,269.5859166666666,-51.797558333333335,2023-11-02
6756.01,278.47004166666665,-40.168552777777776,2023-11-02
6757.01,275.664375,-44.37988333333333,2023-11-02
6758.01,186.28949999999998,-86.88754722222222,2023-11-02
6759.01,274.0224583333333,-37.15316388888889,2023-11-02
676.01,171.2059583333333,-18.61727777777778,2019-05-07
6760.01,243.1653333333333,-67.3391,2023-11-02
6761.01,251.015125,-47.71400833333334,2023-11-02
6762.01,262.1879166666666,-57.9128,2023-11-02
6763.01,265.323625,-49.16389722222222,2023-11-02
6764.01,265.7107083333333,-41.179088888888884,2023-11-02
6765.01,251.03704166666662,-58.984633333333335,2023-11-02
6766.01,262.407875,-76.58678888888889,2023-11-02
6767.01,276.29004166666664,-43.906258333333334,2023-11-02
6768.01,276.19124999999997,-60.78452222222222,2023-11-02
6769.01,259.5955833333333,-62.93181388888889,2023-11-02
677.01,144.11937499999996,-50.463094444444444,2019-05-06
6770.01,289.72099999999995,-64.2495,2023-11-02
6771.01,288.73754166666663,-42.702602777777784,2023-11-02
6772.01,304.82075,-64.97416944444444,2023-11-02
6773.01,307.11341666666664,-45.96743888888889,2023-11-02
6774.01,295.74341666666663,-44.759727777777776,2023-11-02
6775.01,306.5010833333333,-48.92041944444444,2023-11-02
6776.01,321.8147083333333,-68.73936388888889,2023-11-02
6777.01,290.59495833333335,-31.383219444444446,2023-11-02
6778.01,300.9366666666666,-55.36788055555556,2023-11-02
6779.01,282.20512499999995,-75.43195277777778,2023-11-02
678.01,109.33075,-55.59792777777778,2019-05-06
6780.01,324.48029166666663,-66.43667222222223,2023-11-02
6781.01,290.67162499999995,-62.02285833333333,2023-11-02
6782.01,287.7013333333333,-36.51560833333333,2023-11-02
6783.01,309.3457916666666,-38.72363055555556,2023-11-02
6784.01,283.27,-38.39946666666667,2023-11-02
6785.01,306.5300833333333,-55.54006666666667,2023-11-02
6786.01,282.73337499999997,-37.534616666666665,2023-11-02
6787.01,288.70216666666664,-54.24251388888889,2023-11-02
6788.01,290.97225,-54.14906666666666,2023-11-02
6789.01,308.19870833333334,-44.66332777777777,2023-11-02
679.01,155.43599999999998,-17.224363888888888,2019-05-06
6790.01,304.40183333333334,-47.096561111111114,2023-11-02
6791.01,299.5430833333333,-53.87243333333333,2023-11-02
6792.01,308.34079166666663,-29.441613888888888,2023-11-02
6793.01,323.040375,-77.42690277777778,2023-11-02
6794.01,296.3555416666667,-34.5344,2023-11-02
6795.01,291.68891666666667,-36.83135277777778,2023-11-02
6796.01,289.90004166666665,-35.80940833333333,2023-11-02
6797.01,304.39508333333333,-28.821369444444443,2023-11-02
6798.01,330.95804166666665,-72.44083055555556,2023-11-02
6799.01,312.69624999999996,-58.943302777777774,2023-11-02
680.01,179.16358333333332,-12.377519444444445,2019-05-06
6800.01,287.25874999999996,-41.10008055555556,2023-11-02
6801.01,308.1850833333333,-44.58123888888889,2023-11-02
6802.01,312.1310833333333,-36.43234444444444,2023-11-02
6803.01,305.0275416666666,-48.129533333333335,2023-11-02
6804.01,306.58279166666665,-48.98479722222222,2023-11-02
6805.01,292.3840833333333,-34.09692777777778,2023-11-02
6806.01,355.54570833333327,-47.91302777777778,2023-11-02
6807.01,323.2847083333333,-29.117605555555556,2023-11-02
6808.01,21.60470833333333,-79.61074722222222,2023-11-02
6809.01,316.1742083333333,-26.50709722222222,2023-11-02
681.01,117.8949583333333,-60.412388888888884,2019-05-06
6810.01,340.36229166666664,-38.41311111111111,2023-11-02
6811.01,322.1185416666666,-37.649275,2023-11-02
6812.01,314.3737083333333,-35.63997777777778,2023-11-02
6813.01,114.41966666666667,-58.06184722222222,2023-11-02
6814.01,320.41220833333335,-34.459075000000006,2023-11-02
6815.01,36.351124999999996,-65.05538055555556,2023-11-02
6816.01,332.42412499999995,-36.962808333333335,2023-11-02
6817.01,353.477125,-47.49926388888889,2023-11-02
6818.01,10.135041666666666,-56.54904444444444,2023-11-02
6819.01,1.9937916666666666,-68.22664444444445,2023-11-02
682.01,167.88541666666666,-22.072780555555557,2019-05-06
6820.01,89.516875,-56.34670833333334,2023-11-02
6821.01,328.5174999999999,-38.37741944444444,2023-11-02
6822.01,21.823375,-77.941125,2023-11-02
6823.01,40.75629166666666,-70.51428333333334,2023-11-02
6824.01,328.5297916666666,-41.845725,2023-11-02
6825.01,327.238,-40.08656944444445,2023-11-02
6826.01,70.37170833333332,-60.407555555555554,2023-11-02
6827.01,322.62204166666663,-26.77397222222222,2023-11-02
6828.01,334.48749999999995,-38.032716666666666,2023-12-07
6829.01,358.85854166666667,-54.49496111111111,2023-12-07
683.01,169.438875,-19.05477777777778,2019-05-07
6830.01,313.6248749999999,-29.527891666666665,2023-12-07
6831.01,16.276916666666665,8.444580555555556,2023-12-07
6832.01,355.128875,-11.021494444444444,2023-12-07
6833.01,348.94904166666663,-10.84973888888889,2023-12-07
6834.01,352.71391666666665,-11.077355555555556,2023-12-07
6835.01,350.9170416666666,-1.1891833333333333,2023-12-07
6836.01,353.95433333333324,0.4447055555555556,2023-12-07
6837.01,348.16108333333324,2.6855888888888892,2023-12-07
6838.01,346.62637499999994,-5.043461111111111,2023-12-07
6839.01,24.192625,12.693358333333334,2023-12-07
684.01,150.43362499999998,-59.85002777777778,2019-05-06
6840.01,19.461999999999996,0.34195277777777777,2023-12-07
6841.01,0.08466666666666665,5.044388888888888,2023-12-07
6842.01,20.636916666666664,13.352227777777777,2023-12-07
6843.01,15.453124999999996,9.798544444444444,2023-12-07
6844.01,352.23274999999995,-14.210227777777778,2023-12-07
6845.01,341.16045833333334,-18.9358,2023-12-12
6846.01,354.8900833333332,-27.654127777777777,2023-12-12
6847.01,91.20062499999999,-60.194075,2023-12-12
6848.01,24.418291666666665,-54.80938888888888,2023-12-12
6849.01,352.9491666666666,-17.448458333333335,2023-12-12
685.01,163.03229166666665,0.49316666666666664,2019-05-07
6850.01,352.15716666666657,-23.270494444444445,2023-12-12
6851.01,90.39654166666665,-58.470730555555555,2023-12-12
6852.01,34.403375,-52.867758333333335,2023-12-12
6853.01,53.77620833333333,-57.621972222222226,2023-12-12
6854.01,77.01495833333333,-65.04906111111111,2023-12-12
6855.01,33.933625,-49.443527777777774,2023-12-12
6856.01,355.40999999999997,-28.336727777777778,2023-12-12
6857.01,8.810666666666666,-55.889294444444445,2023-12-12
6858.01,1.5121666666666667,-58.93522222222222,2023-12-12
6859.01,21.648791666666664,-63.964511111111115,2023-12-12
686.01,111.60108333333332,-54.45206666666667,2019-04-30
6860.01,342.792375,-6.779791666666666,2023-12-12
6861.01,4.043916666666666,3.1371805555555556,2023-12-12
6862.01,3.5394166666666664,7.115538888888889,2023-12-12
6863.01,31.091541666666664,4.339680555555555,2023-12-12
6864.01,51.570541666666664,23.00034722222222,2023-12-12
6865.01,0.9356666666666666,11.332233333333333,2023-12-12
6866.01,21.602416666666667,4.317341666666667,2023-12-12
6867.01,0.3182083333333333,12.040072222222221,2023-12-12
6868.01,3.276125,7.660266666666667,2023-12-12
6869.01,49.59354166666666,24.27781388888889,2023-12-12
687.01,137.6728333333333,-45.098844444444445,2019-04-30
6870.01,104.11558333333333,20.420769444444446,2023-12-21
6871.01,48.936833333333325,18.48453611111111,2023-12-21
6872.01,70.14937499999999,25.00981388888889,2023-12-21
6873.01,121.455,20.803930555555556,2023-12-21
6874.01,116.57862499999999,30.77666111111111,2023-12-21
6875.01,105.00975,11.045477777777778,2023-12-21
6876.01,147.2215833333333,8.974036111111111,2024-01-25
6877.01,164.18937499999998,9.673947222222221,2024-01-25
6878.01,106.48674999999999,11.772438888888889,2024-01-25
6879.01,163.02504166666665,10.794672222222221,2024-01-25
688.01,110.19429166666664,-55.379530555555554,2019-04-30
6880.01,117.07066666666665,30.184444444444445,2024-01-25
6881.01,56.22841666666666,45.507975,2024-02-01
6882.01,254.24204166666667,-68.70984722222222,2024-02-01
6883.01,310.2917083333333,3.638297222222222,2024-02-01
6884.01,193.00879166666667,26.67395,2024-02-01
6885.01,207.48837499999996,66.77376944444444,2024-02-01
6886.01,183.6089583333333,5.298030555555555,2024-02-01
6887.01,184.08383333333333,39.149852777777774,2024-02-01
6888.01,12.972416666666664,57.36423611111111,2024-02-01
6889.01,199.48454166666662,16.418008333333333,2024-02-01
689.01,147.0055833333333,-48.320750000000004,2019-05-07
6890.01,139.231125,-20.676233333333336,2024-02-01
6891.01,185.2059583333333,53.16081666666666,2024-02-01
6892.01,178.36937499999996,47.971472222222225,2024-02-01
6893.01,2.8927083333333328,4.767211111111111,2024-02-01
6894.01,173.469125,12.451091666666667,2024-02-01
6895.01,344.8350416666666,52.0668,2024-02-01
6896.01,358.0059166666667,-9.349538888888889,2024-02-15
6897.01,339.0775833333333,-46.312799999999996,2024-02-15
6898.01,333.1558333333333,-24.20953611111111,2024-02-15
6898.02,333.1558333333333,-24.20953611111111,2026-08-06
6899.01,326.3814166666666,-51.56478611111111,2024-02-15
690.01,149.22579166666665,-33.79939722222222,2019-05-07
6900.01,76.81875,-73.24585555555555,2024-02-15
6901.01,9.866541666666667,-80.56932222222221,2024-02-15
6902.01,102.50429166666666,-60.24867777777778,2024-02-15
6903.01,352.7564166666666,-19.489930555555556,2024-02-15
6904.01,312.35925,-57.48006111111111,2024-02-15
6905.01,300.559625,-39.506572222222225,2024-02-15
6906.01,129.178375,19.1738,2024-02-15
6907.01,245.55466666666663,63.71758055555556,2024-02-15
6908.01,95.68966666666665,36.59810277777778,2024-02-15
6909.01,104.87133333333331,51.045827777777774,2024-02-15
691.01,99.95379166666666,-42.04519722222222,2019-05-02
6910.01,271.51129166666664,78.06162777777777,2024-02-15
6911.01,43.35091666666666,83.51061944444444,2024-02-15
6912.01,83.14520833333333,36.11230277777778,2024-02-15
6913.01,74.08641666666666,38.66953611111111,2024-02-15
6914.01,108.653875,21.40386111111111,2024-02-29
6915.01,78.33241666666666,31.37582777777778,2024-02-29
6916.01,108.38208333333333,9.639458333333334,2024-02-29
6917.01,80.70162499999999,12.289197222222223,2024-02-29
6918.01,64.96974999999998,10.469386111111112,2024-02-29
6919.01,75.40833333333332,22.89044722222222,2024-02-29
692.01,118.00420833333332,10.249288888888888,2019-05-17
6920.01,95.86258333333333,25.54329166666667,2024-02-29
6921.01,65.83954166666666,24.89731388888889,2024-02-29
6922.01,88.25254166666664,19.288230555555558,2024-02-29
6923.01,147.084375,8.055486111111112,2024-02-29
6924.01,88.68662499999999,17.21251388888889,2024-02-29
6925.01,101.98874999999998,22.935208333333332,2024-02-29
6926.01,87.32420833333332,28.369197222222223,2024-02-29
6927.01,120.69024999999998,21.65968611111111,2024-02-29
6928.01,92.34320833333332,23.791830555555556,2024-02-29
6929.01,175.57879166666666,-0.6993361111111112,2024-02-29
693.01,124.27491666666666,8.248819444444443,2019-05-02
6930.01,111.7645,26.928341666666668,2024-02-29
6931.01,98.84062499999997,15.183422222222223,2024-02-29
6932.01,158.15862499999997,12.678594444444444,2024-02-29
6933.01,177.76041666666666,-0.6746833333333333,2024-02-29
6934.01,84.17945833333333,23.90234444444444,2024-02-29
6935.01,114.87133333333333,9.236080555555555,2024-02-29
6936.01,117.99049999999998,18.126386111111113,2024-02-29
6937.01,93.24004166666666,11.992638888888887,2024-02-29
6938.01,88.44154166666665,18.47874722222222,2024-02-29
6939.01,89.37220833333332,17.772452777777776,2024-02-29
694.01,77.38358333333333,-64.02608333333333,2019-04-30
6940.01,111.87070833333333,11.466280555555555,2024-02-29
6941.01,83.55404166666666,26.679569444444446,2024-02-29
6942.01,90.95099999999998,19.213327777777778,2024-02-29
6943.01,106.52249999999998,10.732297222222222,2024-02-29
6944.01,111.92804166666666,9.96955,2024-02-29
6945.01,104.10108333333332,19.32162222222222,2024-02-29
6946.01,124.71337499999998,20.052455555555557,2024-02-29
6947.01,105.36404166666665,16.369191666666666,2024-02-29
6948.01,97.00354166666666,12.613958333333333,2024-02-29
6949.01,93.03683333333332,20.577125,2024-02-29
695.01,73.13825,-64.92886944444444,2019-04-30
6950.01,110.74104166666665,22.48931111111111,2024-02-29
6951.01,94.245375,24.80301388888889,2024-02-29
6952.01,92.09204166666666,33.732461111111114,2024-02-29
6953.01,114.58641666666665,19.531924999999998,2024-02-29
6954.01,168.32404166666663,-2.7877638888888887,2024-02-29
6955.01,92.934,25.038944444444446,2024-02-29
6956.01,93.08120833333332,13.953313888888887,2024-02-29
6957.01,75.79399999999998,-66.35834444444444,2024-03-14
6958.01,271.1782916666666,70.43034722222222,2024-03-14
6959.01,291.19137499999994,64.61825277777777,2024-03-14
696.01,68.17899999999999,-39.790875,2019-05-17
696.02,68.17899999999999,-39.790875,2019-05-17
696.03,68.17899999999999,-39.790875,2021-07-08
6960.01,326.64699999999993,-31.006241666666668,2024-03-14
6961.01,30.218333333333327,12.58328888888889,2024-04-03
6962.01,55.255916666666664,13.519186111111113,2024-04-03
6963.01,63.92833333333332,29.166541666666664,2024-04-03
6964.01,45.86066666666666,17.808283333333335,2024-04-03
6965.01,103.67829166666665,24.24514166666667,2024-04-03
6965.02,103.67829166666665,24.24514166666667,2024-04-03
6966.01,61.13187499999999,16.21664722222222,2024-04-03
6967.01,123.38183333333332,16.419516666666667,2024-04-03
6968.01,289.3328333333333,38.3489,2024-04-03
6969.01,308.16054166666663,40.778441666666666,2024-04-03
6969.02,308.16054166666663,40.778441666666666,2024-04-03
697.01,69.70420833333333,-36.681325,2019-05-17
6970.01,295.4967083333333,42.537933333333335,2024-04-03
6971.01,168.4168333333333,51.17745277777777,2024-04-03
6972.01,204.43962499999998,48.246383333333334,2024-04-25
6973.01,352.2917916666666,66.09927499999999,2024-04-25
6974.01,133.99295833333332,-14.358966666666666,2024-04-25
6975.01,163.574875,-36.27106944444444,2024-04-25
6976.01,144.07429166666665,-40.62697222222222,2024-04-25
6977.01,71.11,16.518580555555555,2024-04-25
6978.01,299.63824999999997,-54.93742222222222,2024-05-30
6979.01,52.888833333333324,22.434819444444443,2024-05-30
698.01,87.73908333333333,-76.6196111111111,2019-04-30
6980.01,38.20662499999999,5.2098,2024-05-30
6981.01,121.05995833333333,11.266936111111113,2024-05-30
6982.01,54.274333333333324,19.499594444444444,2024-05-30
6983.01,38.74220833333332,9.845805555555556,2024-05-30
6984.01,94.20641666666666,24.59583333333333,2024-05-30
6985.01,108.99383333333331,18.691658333333333,2024-05-30
6986.01,75.877,35.18394444444444,2024-05-30
6987.01,72.62999999999998,43.06549722222222,2024-05-30
6988.01,90.24474999999998,62.69398611111111,2024-05-30
6989.01,76.24195833333333,43.258963888888886,2024-05-30
699.01,83.38224999999998,-62.10902222222222,2019-04-30
699.02,83.38224999999998,-62.10902222222222,2019-04-30
699.03,83.38224999999998,-62.10902222222222,2021-07-19
6990.01,89.83633333333333,35.27815555555556,2024-05-30
6991.01,91.99504166666665,46.11788333333333,2024-05-30
6992.01,70.71533333333332,51.52717777777778,2024-05-30
6993.01,78.46604166666665,68.46779444444445,2024-05-30
6994.01,97.42516666666666,65.73176111111111,2024-05-30
6995.01,284.1434166666666,33.502922222222224,2024-05-30
6996.01,285.82629166666663,34.88243055555556,2024-05-30
6997.01,282.2691666666666,25.693225,2024-05-30
6998.01,287.70279166666666,78.73219166666667,2024-05-30
6999.01,111.17124999999999,58.54932222222222,2024-05-30
700.01,97.09570833333332,-65.57861388888888,2019-04-30
700.02,97.09570833333332,-65.57861388888888,2019-04-30
700.03,97.09570833333332,-65.57861388888888,2019-07-23
700.04,97.09570833333332,-65.57861388888888,2021-11-19
7000.01,206.08679166666664,85.11282777777777,2024-05-30
7001.01,275.44054166666666,28.467916666666664,2024-05-30
7002.01,280.46183333333335,26.93702222222222,2024-05-30
7003.01,136.63108333333332,70.88682777777778,2024-05-30
7004.01,282.643375,40.60123611111111,2024-05-30
7005.01,164.98824999999997,64.64371666666668,2024-05-30
7006.01,310.0405833333333,62.280408333333334,2024-05-30
7007.01,315.213625,48.803266666666666,2024-05-30
7008.01,216.98824999999997,79.45039722222222,2024-05-30
7009.01,299.51312499999995,55.65102777777778,2024-05-30
701.01,64.52166666666665,-53.80126944444444,2019-05-17
7010.01,304.36075,58.42738333333333,2024-05-30
7011.01,319.5769583333333,41.398944444444446,2024-05-30
7012.01,309.11662499999994,50.597122222222225,2024-05-30
7013.01,311.7699583333333,37.26488055555556,2024-05-30
7014.01,288.01658333333324,44.49643888888889,2024-05-30
7015.01,178.17629166666666,48.35221111111111,2024-05-30
7016.01,307.8981666666666,39.796755555555556,2024-05-30
7017.01,299.074375,44.43229722222222,2024-05-30
7018.01,221.07387499999996,77.94604444444445,2024-05-30
7019.01,273.78891666666664,50.86273888888889,2024-05-30
702.01,56.17495833333332,-65.1983388888889,2019-04-30
7020.01,300.36625,54.927125,2024-05-30
7021.01,304.2098333333333,56.59034166666667,2024-05-30
7022.01,320.91412499999996,37.75952222222222,2024-05-30
7023.01,312.7810833333333,34.440641666666664,2024-05-30
7024.01,168.70379166666663,53.51170833333333,2024-05-30
7025.01,266.12220833333333,62.55511666666666,2024-05-30
7026.01,266.8369583333333,65.63225833333333,2024-05-30
7027.01,284.7385416666666,47.16950833333333,2024-05-30
7028.01,287.160625,57.37757222222222,2024-05-30
7029.01,183.51899999999995,48.35913333333333,2024-05-30
703.01,57.99983333333333,-59.882441666666665,2019-04-30
703.02,57.99983333333333,-59.882441666666665,2019-04-30
7030.01,334.16349999999994,52.92449166666666,2024-05-30
7031.01,186.01274999999998,42.684124999999995,2024-05-30
7032.01,205.846625,39.24878888888889,2024-07-25
7033.01,133.64174999999997,-45.483827777777776,2024-08-14
7034.01,6.578499999999999,62.93109444444444,2024-08-14
7035.01,356.7810833333333,69.0485,2024-08-14
7036.01,237.8065833333333,29.447919444444445,2024-08-14
7037.01,128.32816666666665,5.1063,2024-08-28
7038.01,246.05774999999994,-32.143788888888885,2024-08-28
7039.01,192.33899999999997,-70.91655555555556,2024-08-28
704.01,91.08999999999999,-55.31153888888888,2019-04-30
7040.01,283.4432083333333,-34.784102777777775,2024-08-28
7041.01,357.80216666666666,-50.86986111111111,2024-08-28
7042.01,249.91016666666664,20.74306111111111,2024-08-28
7043.01,251.80616666666666,37.885958333333335,2024-08-28
7044.01,250.41474999999994,15.200530555555554,2024-08-28
7045.01,256.05404166666665,31.565369444444446,2024-08-28
7046.01,40.587041666666664,-59.46638888888889,2024-09-24
7047.01,81.39770833333333,-25.517308333333332,2024-09-24
7048.01,353.43025,-62.64337777777778,2024-09-24
7049.01,39.82429166666666,7.470836111111111,2024-09-24
705.01,106.47716666666665,-72.55876388888889,2019-04-30
7050.01,278.51924999999994,17.19913888888889,2024-09-24
7051.01,272.79749999999996,5.982052777777778,2024-09-24
7052.01,268.95854166666663,33.41962222222222,2024-09-24
7053.01,281.70849999999996,12.554508333333334,2024-09-24
7054.01,269.095125,-2.4042305555555554,2024-09-24
7055.01,274.37325,-3.3810583333333333,2024-09-24
7056.01,280.6872916666666,5.937658333333333,2024-09-24
7057.01,269.5720833333333,5.761372222222223,2024-09-24
7058.01,274.74341666666663,10.597197222222222,2024-09-24
7059.01,270.4441666666666,-2.9709805555555557,2024-09-24
706.01,74.75266666666667,-49.736177777777776,2019-04-30
7060.01,300.047125,-71.9668638888889,2024-10-03
7060.02,300.047125,-71.9668638888889,2024-10-03
7061.01,304.5388333333333,-1.0760027777777779,2024-10-03
7062.01,313.29208333333327,-9.044055555555556,2024-10-03
7063.01,313.7262916666666,-2.3344194444444444,2024-10-03
7064.01,276.10470833333324,69.09776666666666,2024-10-24
7065.01,279.71524999999997,43.09372777777778,2024-10-24
7066.01,291.0636666666666,0.7460138888888889,2024-10-24
7067.01,295.28725,41.22200277777778,2024-10-24
7068.01,292.6275,37.86016666666667,2024-10-24
7069.01,322.64849999999996,32.006188888888886,2024-10-24
707.01,98.72958333333332,-67.537275,2019-04-30
707.02,98.72958333333332,-67.537275,2024-03-14
7070.01,314.84162499999996,18.07178611111111,2024-10-24
7071.01,305.94624999999996,37.98273888888889,2024-10-24
7072.01,324.36129166666666,28.008444444444443,2024-10-24
7073.01,306.2385416666666,50.488591666666665,2024-10-24
7074.01,319.9087916666666,46.06727222222223,2024-10-24
7075.01,311.16425,41.13988333333333,2024-10-24
7076.01,319.34116666666665,44.560338888888886,2024-10-24
7077.01,308.98049999999995,44.88486944444444,2024-10-24
7078.01,299.78425,54.971047222222225,2024-10-24
7079.01,292.63629166666664,54.68053888888889,2024-10-24
708.01,82.76487499999999,-70.35717777777778,2019-04-30
7080.01,311.76325,43.58197222222223,2024-10-24
7081.01,197.30020833333333,65.31609999999999,2024-10-24
7082.01,202.2493333333333,40.195722222222216,2024-10-24
7083.01,203.62970833333333,53.866930555555555,2024-10-24
7084.01,316.4988333333333,37.66526388888889,2024-10-24
7085.01,310.682125,53.44777222222222,2024-10-24
7086.01,334.2152916666666,43.45193888888889,2024-10-24
7087.01,299.7184583333333,54.84003333333334,2024-10-24
7088.01,318.95141666666666,37.132422222222225,2024-10-24
7089.01,310.7666666666666,45.83700833333334,2024-10-24
709.01,65.65537499999999,-54.14717777777778,2019-04-30
709.02,65.65537499999999,-54.14717777777778,2021-07-08
7090.01,217.33687499999996,65.93009722222223,2024-10-24
7091.01,306.60908333333333,49.04125,2024-10-24
7092.01,310.1424583333333,47.29960555555555,2024-10-24
7093.01,319.40999999999997,48.163355555555555,2024-10-24
7094.01,338.6352916666666,53.61086944444445,2024-10-24
7095.01,335.25966666666665,57.081072222222225,2024-10-24
7096.01,334.88404166666663,45.986469444444445,2024-10-24
7097.01,297.82345833333335,56.568425000000005,2024-10-24
7098.01,345.3832499999999,53.96824166666667,2024-10-24
7099.01,332.62474999999995,48.09706111111112,2024-10-24
710.01,124.74870833333331,-65.27808888888889,2019-05-20
7100.01,331.09670833333325,53.465186111111116,2024-10-24
7101.01,352.30104166666666,54.971075,2024-10-24
7102.01,318.00520833333326,59.03141111111111,2024-10-24
7103.01,336.73049999999995,49.14972777777778,2024-10-24
7104.01,343.17674999999997,54.14098888888889,2024-10-24
7105.01,317.5329583333333,61.03928611111111,2024-10-24
7106.01,341.5030416666666,52.13465,2024-10-24
7107.01,306.5704583333333,60.66842222222222,2024-10-24
7108.01,332.5709583333333,50.50425,2024-10-24
7109.01,334.05104166666666,50.390366666666665,2024-10-24
711.01,62.516125,-61.94266666666666,2019-05-24
711.02,62.516125,-61.94266666666666,2021-07-08
7110.01,296.58416666666665,56.16667777777778,2024-10-24
7111.01,338.88337499999994,45.83417777777778,2024-10-24
7112.01,341.0117083333333,49.68745833333333,2024-10-24
7113.01,332.92091666666664,60.758125,2024-10-24
7114.01,324.1451666666667,52.758741666666666,2024-10-24
7115.01,341.109375,54.202130555555556,2024-10-24
7116.01,331.5138333333333,48.34195555555556,2024-10-24
7117.01,335.58779166666665,47.34702777777778,2024-10-24
7118.01,318.34620833333327,61.75456944444444,2024-10-24
7119.01,344.88191666666665,54.88820833333333,2024-10-24
712.01,92.93612499999999,-65.82583888888888,2019-05-20
712.02,92.93612499999999,-65.82583888888888,2019-05-24
712.03,92.93612499999999,-65.82583888888888,2019-05-24
712.04,92.93612499999999,-65.82583888888888,2021-07-08
7120.01,321.7425416666666,52.16135277777778,2024-10-24
7121.01,307.65349999999995,57.822497222222225,2024-10-24
7123.01,321.0319999999999,53.75313055555556,2024-10-24
7124.01,356.1805,56.843338888888894,2024-10-24
7125.01,356.7732083333333,60.249858333333336,2024-10-24
7126.01,354.9442916666666,58.00075,2024-10-24
7127.01,15.554375,62.013216666666665,2024-10-24
7128.01,350.0577916666666,60.42404166666667,2024-10-24
7129.01,342.3172083333333,61.20129444444445,2024-10-24
713.01,102.02137499999999,-65.62425555555555,2019-05-24
713.02,102.02137499999999,-65.62425555555555,2019-05-24
7130.01,342.7132083333333,64.97047222222223,2024-10-24
7131.01,8.406333333333333,63.26734444444445,2024-10-24
7132.01,323.7836249999999,64.07741388888888,2024-10-24
7133.01,10.787333333333333,62.362880555555556,2024-10-24
7134.01,349.385,63.768480555555556,2024-10-24
7135.01,237.22299999999998,35.39801666666666,2024-10-24
7136.01,357.87325,60.93326944444444,2024-10-24
7137.01,236.05424999999994,58.553688888888885,2024-10-24
7138.01,350.585875,60.7547,2024-10-24
7139.01,350.30625,65.25769444444444,2024-10-24
714.01,92.39241666666665,-53.822988888888894,2019-05-24
714.02,92.39241666666665,-53.822988888888894,2019-05-24
7140.01,349.02174999999994,59.01951666666667,2024-10-24
7141.01,254.6621666666666,83.27174444444444,2024-10-24
7142.01,250.44699999999995,14.77278888888889,2024-10-24
7143.01,92.381875,85.82070277777777,2024-10-24
7144.01,263.0539166666667,14.26805,2024-10-24
7145.01,246.09854166666662,32.02943611111111,2024-10-24
7146.01,17.742416666666664,82.22147222222222,2024-10-24
7147.01,256.7539583333333,38.784588888888884,2024-10-24
7148.01,254.146875,22.569608333333335,2024-10-24
7149.01,244.7384583333333,19.175811111111113,2024-10-24
715.01,113.85233333333332,-73.57740833333332,2019-05-24
7150.01,19.247124999999997,71.09364722222222,2024-10-24
7151.01,69.64170833333333,74.30933888888889,2024-10-24
7152.01,10.212375,71.36478333333332,2024-10-24
7153.01,190.25608333333332,88.082025,2024-10-24
7154.01,264.5703333333333,15.213536111111111,2024-10-24
7155.01,12.445458333333331,79.28785555555555,2024-10-24
7156.01,45.280249999999995,69.91605277777778,2024-10-24
7157.01,318.00541666666663,59.032738888888886,2024-10-24
7158.01,334.678625,53.781394444444445,2024-10-24
7159.01,342.52054166666665,58.906175,2024-10-24
716.01,136.23891666666665,-18.502675,2019-05-24
7160.01,342.05224999999996,47.17048333333333,2024-10-24
7161.01,337.31404166666664,56.01471388888889,2024-10-24
7162.01,314.72462499999995,59.59529722222222,2024-10-24
7163.01,341.7169583333333,54.01183611111111,2024-10-24
7164.01,210.09770833333332,-61.7412,2024-11-14
7165.01,300.1023333333333,45.762191666666666,2024-11-14
7166.01,320.68062499999996,8.889397222222222,2024-11-14
7167.01,0.09929166666666665,16.493827777777778,2024-11-14
7168.01,348.49479166666663,8.761080555555555,2024-11-14
7169.01,351.0547083333333,36.81756666666667,2024-11-14
717.01,147.97054166666663,2.1166472222222223,2019-05-24
7170.01,117.97479166666665,21.339952777777775,2024-12-13
7171.01,338.0154166666667,49.15674166666667,2024-12-13
7172.01,8.7355,17.056391666666666,2024-12-13
7173.01,347.9563749999999,65.229825,2024-12-13
7174.01,351.68174999999997,50.052375,2024-12-13
7175.01,356.316375,53.75077777777778,2024-12-13
7176.01,345.34983333333327,32.949691666666666,2025-01-09
7177.01,337.6634583333333,12.556344444444445,2025-01-09
7178.01,337.6533749999999,11.89266111111111,2025-01-09
7179.01,311.011625,45.835325000000005,2025-01-09
718.01,94.16745833333331,-62.648402777777775,2019-05-24
7180.01,336.6524583333333,21.46078333333333,2025-01-09
7181.01,337.67533333333324,9.158175,2025-01-09
7182.01,359.2621249999999,9.784658333333333,2025-01-09
7183.01,335.6230833333333,58.08309166666667,2025-01-09
7184.01,2.494583333333333,18.773830555555556,2025-01-09
7185.01,42.823791666666665,30.28130277777778,2025-01-09
7186.01,288.686,-11.382516666666668,2025-03-06
7187.01,283.8641666666666,18.964688888888887,2025-03-06
7188.01,275.0097083333333,11.21051111111111,2025-03-06
7189.01,273.03791666666666,2.1882611111111108,2025-03-06
719.01,128.14416666666665,-36.34681944444445,2019-05-24
7190.01,268.6424999999999,11.678194444444443,2025-03-06
7191.01,266.981375,22.543736111111112,2025-03-06
7192.01,281.24583333333334,44.067394444444446,2025-03-06
7193.01,268.6653333333333,3.686988888888889,2025-03-06
7194.01,271.87670833333334,11.33006111111111,2025-03-06
7195.01,269.09366666666665,-0.49193611111111113,2025-03-06
7196.01,263.01874999999995,34.37980833333334,2025-03-06
7197.01,276.8995,5.453141666666667,2025-03-06
7198.01,280.26120833333334,28.442041666666668,2025-03-06
7199.01,284.5633333333333,-12.472988888888889,2025-03-06
720.01,118.03720833333333,-37.79901666666667,2019-05-24
7200.01,288.99287499999997,-10.525066666666667,2025-03-06
7201.01,269.537625,38.47586666666667,2025-03-06
7202.01,268.05354166666666,39.591927777777784,2025-03-06
7203.01,267.339,12.649502777777776,2025-03-06
7204.01,301.73687499999994,-8.701088888888888,2025-03-06
7205.01,296.8282916666667,13.119725,2025-03-06
7206.01,284.5977916666666,38.14581111111111,2025-03-06
7207.01,295.71216666666663,14.194222222222223,2025-03-06
7208.01,300.2582916666666,13.392294444444444,2025-03-06
7209.01,288.2086249999999,28.95089722222222,2025-03-06
721.01,63.19937499999999,-64.34780555555555,2019-05-24
7210.01,311.73374999999993,1.824063888888889,2025-03-06
7211.01,308.29541666666665,10.70646111111111,2025-03-06
7212.01,286.12566666666663,59.85935,2025-03-06
7213.01,281.45487499999996,40.830761111111116,2025-03-06
7214.01,296.9375,-3.8026666666666666,2025-03-06
7215.01,313.2722916666666,-7.474875,2025-03-06
7216.01,291.8207916666666,12.282755555555557,2025-03-06
7217.01,305.0332083333333,-6.073277777777777,2025-03-06
7218.01,299.2296666666666,23.00184722222222,2025-03-06
7219.01,293.9524583333333,-9.61393611111111,2025-03-06
722.01,62.379583333333336,-62.850655555555555,2019-05-24
7220.01,304.09737499999994,11.829675,2025-03-06
7221.01,297.6069166666666,2.0671500000000003,2025-03-06
7222.01,311.1003333333333,3.037627777777778,2025-03-06
7223.01,280.25554166666666,38.20944166666667,2025-03-06
7224.01,312.2055833333333,5.082422222222222,2025-03-06
7225.01,288.71349999999995,9.94923611111111,2025-03-06
7226.01,284.1847916666666,20.02582222222222,2025-03-06
7227.01,301.0447083333333,23.666911111111112,2025-03-06
7228.01,288.2573749999999,13.150780555555556,2025-03-06
7229.01,304.72875,20.391708333333334,2025-03-06
723.01,103.24333333333333,-70.64168611111111,2019-05-08
7230.01,298.6470416666666,-8.656844444444445,2025-03-06
7231.01,289.7985833333333,28.91680277777778,2025-03-06
7232.01,309.52191666666664,8.418013888888888,2025-03-06
7233.01,291.56929166666663,32.64870277777778,2025-03-06
7234.01,300.41895833333325,11.3705,2025-03-06
7235.01,284.37133333333327,34.89821666666666,2025-03-06
7236.01,305.8119583333333,6.004744444444444,2025-03-06
7237.01,297.72612499999997,-5.042411111111111,2025-03-06
7238.01,296.65512499999994,-3.451827777777778,2025-03-06
7239.01,311.7794583333333,6.086980555555555,2025-03-06
724.01,112.55524999999999,-58.53966111111111,2019-04-24
7240.01,285.6620833333333,32.03639722222222,2025-03-06
7241.01,305.77304166666664,15.801686111111112,2025-03-06
7242.01,287.71475,34.80428055555555,2025-03-06
7243.01,276.7201666666666,40.50318611111111,2025-03-06
7244.01,297.492625,25.28176111111111,2025-03-06
7245.01,304.5212916666666,18.961127777777776,2025-03-06
7246.01,287.613875,27.756825,2025-03-06
7247.01,305.11341666666664,12.308936111111112,2025-03-06
7248.01,283.9920833333333,27.341105555555554,2025-03-06
7249.01,268.9207083333333,67.14414444444445,2025-03-06
725.01,133.96487499999998,-20.274780555555555,2019-05-24
7250.01,315.56395833333335,10.332324999999999,2025-03-06
7251.01,308.64666666666665,27.35771388888889,2025-03-06
7252.01,305.1728749999999,21.980880555555554,2025-03-06
7253.01,311.7165833333333,8.872930555555556,2025-03-06
7254.01,326.31083333333333,36.46438055555556,2025-03-06
7255.01,317.5584583333333,35.900058333333334,2025-03-06
7256.01,253.2942083333333,57.06301111111111,2025-03-06
7257.01,316.4255416666666,45.57993888888889,2025-03-06
7258.01,308.5160416666666,24.24106388888889,2025-03-06
7259.01,321.945,32.58488055555556,2025-03-06
726.01,113.88333333333331,-36.38696111111111,2019-05-24
7260.01,331.28074999999995,4.358891666666667,2025-03-06
7261.01,313.41862499999996,47.86838888888889,2025-03-06
7262.01,312.1188333333333,16.407466666666664,2025-03-06
7263.01,299.62433333333325,42.80444166666666,2025-03-06
7264.01,314.53479166666665,12.689455555555556,2025-03-06
7265.01,318.704,45.92590833333333,2025-03-06
7266.01,316.13399999999996,12.642488888888888,2025-03-06
7267.01,308.0941666666667,57.134877777777774,2025-03-06
7268.01,309.05608333333333,22.03012222222222,2025-03-06
7269.01,293.4845833333333,57.028438888888886,2025-03-06
727.01,130.73691666666664,-2.498586111111111,2019-05-24
727.02,130.73691666666664,-2.498586111111111,2023-12-07
7270.01,296.512,37.4287,2025-03-06
7271.01,319.7584583333333,51.43069444444444,2025-03-06
7272.01,313.09099999999995,16.16678611111111,2025-03-06
7273.01,308.4988333333333,38.17963888888889,2025-03-06
7274.01,297.6467916666666,35.73404722222222,2025-03-06
7275.01,299.4857083333333,41.11838888888889,2025-03-06
7276.01,293.08229166666666,56.88955277777778,2025-03-06
7277.01,315.46212499999996,2.456847222222222,2025-03-06
7278.01,298.2190833333333,37.77377222222222,2025-03-06
7279.01,301.62354166666665,40.771280555555556,2025-03-06
728.01,146.89170833333333,-7.330869444444444,2019-05-24
7280.01,328.7363333333333,11.271783333333333,2025-03-06
7281.01,256.4181249999999,58.17411666666666,2025-03-06
7282.01,317.0144166666666,2.6912083333333334,2025-03-06
7283.01,308.5042083333333,24.188255555555557,2025-03-06
7284.01,323.0698333333333,16.0189,2025-03-06
7285.01,319.8141666666666,17.988383333333335,2025-03-06
7286.01,327.75,29.71,2025-03-06
7287.01,307.0207916666666,30.18179166666667,2025-03-06
7288.01,286.078625,51.02308055555555,2025-03-06
7289.01,322.73479166666664,9.988288888888889,2025-03-06
729.01,176.03541666666663,-9.948863888888889,2019-05-15
7290.01,318.9276249999999,51.246027777777776,2025-03-06
7291.01,280.4212083333333,60.845330555555556,2025-03-06
7292.01,322.25333333333333,33.39693055555556,2025-03-06
7293.01,308.66637499999996,17.88193888888889,2025-03-06
7294.01,302.2217916666666,40.034130555555556,2025-03-06
7295.01,310.22433333333333,29.940155555555556,2025-03-06
7296.01,277.7088333333333,60.45121666666667,2025-03-06
7297.01,313.38325,5.4731805555555555,2025-03-06
7298.01,309.27216666666664,55.490972222222226,2025-03-06
7299.01,311.9400833333333,15.302411111111113,2025-03-06
730.01,149.82366666666664,-27.392816666666665,2019-06-06
7300.01,316.27295833333324,17.73466388888889,2025-03-06
7301.01,315.49249999999995,58.490747222222225,2025-03-06
7302.01,312.40524999999997,9.845677777777778,2025-03-06
7303.01,333.9049166666666,9.078163888888888,2025-03-06
7304.01,317.78349999999995,8.411758333333333,2025-03-06
7305.01,318.7175833333333,7.671522222222222,2025-03-06
7306.01,322.35291666666666,36.603411111111114,2025-03-06
7307.01,324.5853333333333,41.17605,2025-03-06
7308.01,327.2853333333333,33.531505555555555,2025-03-06
7309.01,235.99699999999996,58.155163888888886,2025-03-06
731.01,146.1214583333333,-45.779016666666664,2019-06-06
7310.01,313.332625,6.368733333333333,2025-03-06
7311.01,318.4464583333333,1.1781333333333335,2025-03-06
7312.01,322.9685416666666,9.789941666666667,2025-03-06
7313.01,310.59137499999997,12.03445,2025-03-06
7314.01,314.06970833333327,22.186216666666667,2025-03-06
7315.01,330.17137499999995,21.950463888888887,2025-03-06
7316.01,324.63079166666665,15.822227777777778,2025-03-06
7317.01,323.6569583333333,39.240725,2025-03-06
7318.01,318.3241666666666,2.5961000000000003,2025-03-06
7319.01,300.4055833333333,40.27888055555555,2025-03-06
732.01,154.64491666666666,-11.7178,2019-06-06
732.02,154.64491666666666,-11.7178,2019-06-06
7320.01,317.3047916666666,18.85350277777778,2025-03-06
7321.01,329.6459583333333,21.860275,2025-03-06
7322.01,306.5680833333333,29.318827777777777,2025-03-06
7323.01,288.86383333333333,55.44679444444444,2025-03-06
7324.01,311.47708333333327,21.453583333333334,2025-03-06
7325.01,313.6872083333333,20.597163888888886,2025-03-06
7326.01,304.9169166666666,46.83656944444445,2025-03-06
7327.01,317.0627916666666,20.34743333333333,2025-03-06
7328.01,305.31029166666667,27.677319444444446,2025-03-06
7329.01,317.24387499999995,5.909455555555556,2025-03-06
733.01,159.40933333333334,-40.88825833333333,2019-06-06
7330.01,326.5051666666666,35.49089722222222,2025-03-06
7331.01,323.0215,35.245847222222224,2025-03-06
7332.01,315.7715,46.241880555555554,2025-03-06
7333.01,243.53195833333334,75.91663055555556,2025-03-06
7334.01,297.1822083333333,58.38441111111111,2025-03-06
7335.01,308.68891666666667,17.403658333333333,2025-03-06
7336.01,353.5258333333333,65.54144722222222,2025-03-06
7337.01,333.35533333333325,67.394175,2025-03-06
7338.01,25.22616666666666,50.30033333333333,2025-03-06
7339.01,101.40054166666665,9.190722222222222,2025-04-10
734.01,160.889625,-44.62181666666667,2019-06-06
7340.01,359.79974999999996,17.480852777777777,2025-04-10
7340.02,359.79974999999996,17.480852777777777,2025-04-10
7341.01,12.341708333333331,54.82416666666667,2025-04-10
7342.01,348.70708333333334,29.45655,2025-04-10
7343.01,352.36899999999997,29.938691666666667,2025-04-10
7344.01,329.0609583333333,28.933933333333332,2025-04-10
7345.01,288.6701666666666,55.35457777777778,2025-04-10
7346.01,355.89741666666663,23.307272222222224,2025-04-10
7347.01,302.65687499999996,53.95024444444445,2025-04-10
7348.01,315.170375,52.614377777777776,2025-04-10
7349.01,342.11179166666665,39.338769444444445,2025-04-10
735.01,94.75470833333333,-63.86470833333333,2019-05-15
7350.01,329.9184583333333,41.51628888888889,2025-04-10
7351.01,339.58462499999996,26.462127777777777,2025-04-10
7352.01,337.388375,18.688472222222224,2025-04-10
7353.01,329.2222083333333,39.35675555555556,2025-04-10
7354.01,316.568625,48.79552777777778,2025-04-10
7355.01,323.24716666666666,33.45409444444445,2025-04-10
7356.01,357.4095833333333,11.091788888888889,2025-04-10
7357.01,231.25616666666664,72.47121666666666,2025-04-10
7358.01,355.2715,8.541697222222222,2025-04-10
7359.01,329.3817083333333,26.175569444444445,2025-04-10
736.01,165.6905,-16.406444444444443,2019-06-06
736.02,165.6905,-16.406444444444443,2019-06-06
7360.01,332.8697083333333,18.562272222222223,2025-04-10
7361.01,337.2271666666666,39.463725000000004,2025-04-10
7362.01,330.2160833333333,31.778630555555555,2025-04-10
7363.01,347.4659999999999,34.66581111111111,2025-04-10
7364.01,329.4521666666666,35.40251666666666,2025-04-10
7365.01,354.23795833333327,27.906952777777775,2025-04-10
7366.01,351.2106666666666,30.629594444444447,2025-04-10
7367.01,323.9620833333333,44.312619444444444,2025-04-10
7368.01,329.31887499999993,36.05313333333333,2025-04-10
7369.01,344.9525,18.472755555555555,2025-04-10
737.01,171.01479166666664,-19.556958333333334,2019-06-06
7370.01,348.80133333333333,17.320769444444444,2025-04-10
7371.01,327.7915,24.62051111111111,2025-04-10
7372.01,346.40124999999995,34.25706388888889,2025-04-10
7373.01,340.1365833333333,33.82367777777778,2025-04-10
7374.01,341.4309999999999,13.522819444444446,2025-04-10
7375.01,326.6540416666666,48.04415833333333,2025-04-10
7376.01,346.4369166666666,22.72213888888889,2025-04-10
7377.01,304.36674999999997,53.315974999999995,2025-04-10
7378.01,319.9041666666666,36.10396388888889,2025-04-10
7379.01,351.26741666666663,18.821591666666666,2025-04-10
738.01,94.53545833333331,-57.558727777777776,2019-05-15
7380.01,102.89170833333333,-26.992630555555557,2025-04-10
7381.01,99.25591666666666,-0.8107000000000001,2025-04-10
7382.01,92.19308333333333,-18.048119444444445,2025-04-10
7383.01,90.64366666666665,-0.5771111111111111,2025-04-10
7384.01,83.10316666666665,-39.834250000000004,2025-04-10
7385.01,86.14412499999999,-45.268455555555555,2025-04-10
7386.01,125.34887499999998,-13.507755555555555,2025-04-10
7387.01,111.34041666666666,-67.06735277777777,2025-04-10
7388.01,158.90316666666666,-5.355997222222222,2025-04-10
7389.01,255.33629166666665,56.98818611111111,2025-05-01
739.01,104.99099999999999,-57.618675,2019-06-06
7390.01,221.07341666666662,84.44856944444444,2025-05-01
7391.01,286.4690416666666,70.63748611111112,2025-05-01
7392.01,244.28133333333332,60.021122222222225,2025-05-01
7393.01,227.35983333333328,55.98105555555556,2025-05-01
7394.01,236.0552083333333,58.55276111111111,2025-05-01
7395.01,297.4653333333333,42.88285277777778,2025-05-01
7396.01,298.0794583333333,44.74624722222222,2025-05-01
7397.01,293.0584166666667,70.88908611111111,2025-05-01
7398.01,290.9366666666666,40.12485,2025-05-01
7399.01,263.94991666666664,66.75896944444445,2025-05-01
740.01,152.11804166666664,-50.30750277777778,2019-05-15
7400.01,353.4884583333333,37.39140277777778,2025-05-01
7401.01,359.94120833333335,47.65031111111111,2025-05-01
7402.01,357.16629166666667,40.52993333333333,2025-05-01
7403.01,349.1018333333333,42.09548055555556,2025-05-01
7404.01,15.6535,40.92711388888889,2025-05-01
7405.01,347.4411666666666,36.52386944444444,2025-05-01
7406.01,348.63325,47.318983333333335,2025-05-01
7407.01,0.9902083333333334,47.46845833333334,2025-05-01
7408.01,7.539958333333333,50.746433333333336,2025-05-01
7409.01,352.5798333333333,30.717766666666666,2025-05-01
741.01,140.399375,-60.281169444444444,2019-06-06
7410.01,357.4319583333333,33.44336944444444,2025-05-01
7411.01,2.541333333333333,44.25595,2025-05-01
7412.01,358.6511666666666,46.647525,2025-05-01
7413.01,343.18654166666664,47.564702777777775,2025-05-01
7414.01,6.042541666666666,39.10865833333334,2025-05-01
7415.01,347.5939583333333,41.143636111111114,2025-05-01
7416.01,10.260916666666665,43.05651388888889,2025-05-01
7417.01,352.3455,53.616702777777775,2025-05-01
7418.01,358.8422083333333,41.359741666666665,2025-05-01
7419.01,334.24099999999993,46.92438055555555,2025-05-01
742.01,140.05679166666667,-53.119683333333334,2019-06-06
7420.01,350.7704999999999,38.46823611111111,2025-05-01
7421.01,358.14704166666667,37.52043888888889,2025-05-01
7422.01,41.879124999999995,53.286477777777776,2025-05-01
7423.01,354.2824583333333,66.823475,2025-05-01
7424.01,25.30533333333333,32.400416666666665,2025-05-01
7425.01,13.132249999999999,64.33423888888889,2025-05-01
7426.01,21.022374999999997,38.01556111111111,2025-05-01
7427.01,355.0197083333333,68.45797222222222,2025-05-01
7428.01,343.85137499999996,64.44545555555555,2025-05-01
7429.01,42.72087499999999,28.873575,2025-05-01
743.01,156.572625,-23.508063888888888,2019-06-06
7430.01,318.6572083333333,78.97961111111111,2025-05-01
7431.01,1.11475,57.322069444444445,2025-05-01
7432.01,45.65883333333333,46.400869444444446,2025-05-01
7433.01,9.433,57.174841666666666,2025-05-01
7434.01,30.92370833333333,53.90056944444444,2025-05-01
7435.01,40.817125,32.30444444444444,2025-05-01
7436.01,12.933374999999998,48.58064166666667,2025-05-01
7437.01,40.08179166666666,35.41040833333333,2025-05-01
7438.01,312.27979166666665,71.38178055555555,2025-05-01
7439.01,331.97599999999994,64.13838333333334,2025-05-01
744.01,165.399375,-23.860944444444446,2019-05-15
7440.01,353.5714166666666,56.44349166666667,2025-05-01
7441.01,48.408624999999994,30.72885833333333,2025-05-01
7442.01,14.912916666666664,46.14648611111111,2025-05-01
7443.01,28.345666666666663,30.310019444444446,2025-05-01
7444.01,42.31624999999999,58.76952222222222,2025-05-01
7445.01,40.18554166666666,58.078411111111116,2025-05-01
7446.01,31.293041666666664,60.003144444444445,2025-05-01
7447.01,25.15074999999999,56.057725,2025-05-01
7448.01,44.078374999999994,49.37768611111111,2025-05-01
7449.01,323.71466666666663,75.05054722222222,2025-05-01
745.01,147.75741666666664,-55.3183,2019-06-06
7450.01,40.286874999999995,34.37936388888889,2025-05-01
7451.01,43.399499999999996,46.17456111111111,2025-05-01
7452.01,3.5117499999999997,58.16708055555555,2025-05-01
7453.01,34.00354166666666,57.346072222222226,2025-05-01
7454.01,37.777375,40.724963888888894,2025-05-01
7455.01,14.410874999999997,47.52203611111111,2025-05-01
7456.01,288.97162499999996,44.62464444444444,2025-06-05
7457.01,296.81370833333335,47.52654444444445,2025-06-05
7458.01,297.0698333333333,40.52520277777778,2025-06-05
7459.01,138.05974999999998,65.34721111111111,2025-06-05
746.01,99.62079166666665,-67.64895000000001,2019-04-01
7460.01,290.11749999999995,44.87295833333334,2025-06-05
7461.01,294.6741666666666,42.07560277777778,2025-06-05
7462.01,288.0382083333333,50.651475,2025-06-05
7463.01,298.4828333333333,46.79363611111111,2025-06-05
7464.01,139.79374999999996,53.59455833333334,2025-06-05
7465.01,162.4310833333333,-23.349502777777776,2025-07-17
7466.01,91.29079166666665,6.4476861111111115,2025-08-21
7467.01,99.59087499999998,5.1460083333333335,2025-08-21
7468.01,208.90145833333332,-6.136083333333334,2025-08-21
7469.01,207.07829166666664,-11.58898888888889,2025-08-21
747.01,185.32466666666664,-52.84081666666667,2019-06-05
7470.01,252.42599999999996,-19.54305,2025-08-21
7471.01,214.0595833333333,-19.542305555555558,2025-08-21
7472.01,256.53754166666664,-10.413008333333334,2025-08-21
7473.01,206.8462083333333,-6.1393361111111115,2025-08-21
7474.01,245.4405416666667,-23.548272222222224,2025-08-21
7475.01,181.67629166666663,0.27400833333333335,2025-08-21
7476.01,315.4772083333333,-13.433383333333333,2025-09-03
7477.01,294.3068333333333,-22.20448611111111,2025-09-03
7478.01,289.2024166666666,-19.355922222222222,2025-09-03
7479.01,313.90004166666665,-18.971408333333333,2025-09-03
748.01,196.04379166666664,-35.549530555555556,2019-06-11
7480.01,305.0957083333333,-19.31472777777778,2025-09-03
7481.01,262.7586666666666,-17.843538888888887,2025-09-03
7482.01,335.0576249999999,-13.114772222222221,2025-09-03
7483.01,310.9949166666666,-23.010980555555555,2025-09-03
7484.01,295.7438333333333,-19.949730555555554,2025-09-03
7485.01,324.8374166666666,-24.684266666666666,2025-09-03
7486.01,312.4492916666666,-24.303505555555557,2025-09-03
7487.01,351.13537499999995,-5.164144444444445,2025-09-03
7488.01,295.157,-22.721741666666667,2025-09-03
7489.01,313.06904166666664,-17.511991666666667,2025-09-03
749.01,187.78199999999998,-23.77371388888889,2019-06-11
7490.01,338.3682083333333,-9.022941666666668,2025-09-03
7491.01,291.4787083333333,-23.202819444444444,2025-09-03
7492.01,328.97591666666665,-14.068438888888888,2025-09-03
7493.01,290.81016666666665,-20.166377777777775,2025-09-03
7494.01,344.3264166666666,-17.39548611111111,2025-09-03
7495.01,285.4688333333333,-18.46816388888889,2025-09-03
7496.01,294.9417083333333,-25.74836666666667,2025-09-03
7497.01,289.3917916666667,-16.871727777777778,2025-09-03
7498.01,323.4860416666666,-21.137730555555557,2025-09-03
7499.01,300.4280833333333,-26.07756388888889,2025-09-03
750.01,173.95741666666666,-29.156063888888887,2019-06-11
7500.01,280.87654166666664,-25.411058333333333,2025-09-03
7501.01,311.092,-19.437527777777778,2025-09-03
7502.01,292.9397916666666,-26.740202777777778,2025-09-03
7503.01,289.40074999999996,-22.390008333333334,2025-09-03
7504.01,114.70754166666664,-27.818544444444445,2025-09-04
7504.02,114.70754166666664,-27.818544444444445,2025-09-04
7505.01,112.91704166666665,-15.102274999999999,2025-09-04
7506.01,332.58370833333333,-71.91341111111112,2025-09-24
7507.01,101.66508333333331,-84.93824166666667,2025-09-24
7508.01,310.60237499999994,-72.43072500000001,2025-09-24
7509.01,303.8902083333333,-40.60277222222222,2025-09-24
751.01,174.009875,-29.54336388888889,2019-06-11
7510.01,273.7282083333333,-54.43405555555555,2025-10-16
7510.02,273.7282083333333,-54.43405555555555,2025-10-16
7510.03,273.7282083333333,-54.43405555555555,2025-10-16
7511.01,342.03166666666664,-14.494777777777777,2025-10-16
7512.01,188.13733333333332,-9.60761111111111,2025-10-16
7513.01,183.47245833333332,-0.39343611111111115,2025-10-16
7513.02,183.47245833333332,-0.39343611111111115,2025-10-16
7514.01,77.87770833333332,41.11063055555556,2025-10-30
7515.01,56.93041666666666,58.50369166666667,2025-10-30
7516.01,55.88645833333333,42.37837777777778,2025-10-30
7517.01,351.8254583333333,87.46564166666667,2025-10-30
7518.01,78.87391666666666,44.433344444444444,2025-10-30
7519.01,71.7935,37.712719444444446,2025-10-30
752.01,176.29904166666665,-42.06395833333333,2019-06-11
7520.01,51.619749999999996,42.61423611111111,2025-10-30
7521.01,51.8015,59.21596111111111,2025-10-30
7522.01,60.689541666666656,63.60886388888889,2025-10-30
7523.01,78.87108333333333,39.32610555555556,2025-10-30
7524.01,304.8717916666666,77.05897222222222,2025-10-30
7525.01,73.61991666666667,45.44316111111111,2025-10-30
7526.01,101.77562499999999,83.80607222222221,2025-10-30
7527.01,77.92037499999999,41.17570277777777,2025-10-30
7528.01,51.43829166666666,49.74563888888889,2025-10-30
7529.01,48.01808333333333,52.927791666666664,2025-10-30
753.01,178.07445833333333,-47.58341388888889,2019-06-11
7530.01,111.70854166666666,5.703416666666667,2025-10-30
7531.01,96.56099999999999,-33.45647777777778,2025-10-30
7532.01,94.70666666666665,-63.65067777777778,2025-10-30
7533.01,104.91308333333332,-24.854158333333334,2025-10-30
7534.01,84.79608333333333,-45.964086111111115,2025-10-30
7535.01,96.65370833333333,-18.92275,2025-10-30
7536.01,96.64549999999998,12.42696111111111,2025-10-30
7537.01,94.25766666666665,-43.36618333333333,2025-10-30
7538.01,90.37370833333331,-29.513983333333332,2025-10-30
7539.01,92.60966666666666,-8.24946111111111,2025-10-30
754.01,189.29712499999997,-42.41363611111111,2019-06-11
7540.01,89.47683333333332,12.770900000000001,2025-10-30
7541.01,94.16658333333332,-22.97079722222222,2025-10-30
7542.01,96.60620833333333,7.884955555555555,2025-10-30
7543.01,103.06154166666666,6.265291666666666,2025-10-30
7544.01,95.99691666666666,-36.528216666666665,2025-10-30
7545.01,103.96095833333332,-2.5910444444444445,2025-10-30
7546.01,118.04025,-61.069386111111115,2025-10-30
7547.01,69.93783333333333,-72.7641888888889,2025-10-30
7548.01,101.63424999999998,2.7087222222222223,2025-10-30
7549.01,92.56358333333333,-7.034186111111111,2025-10-30
755.01,190.0365833333333,-44.31207777777777,2019-06-11
755.02,190.0365833333333,-44.31207777777777,2024-02-01
7550.01,83.04883333333332,-44.674569444444444,2025-10-30
7551.01,108.93858333333333,-6.093591666666667,2025-10-30
7552.01,83.32574999999999,-53.905630555555554,2025-10-30
7553.01,111.02204166666665,-2.6250944444444446,2025-10-30
7554.01,101.10008333333332,-12.434394444444445,2025-10-30
7555.01,123.16229166666663,-71.94841666666667,2025-10-30
7556.01,90.55133333333332,2.980363888888889,2025-10-30
7557.01,109.07304166666665,5.911036111111112,2025-10-30
7558.01,110.91562499999999,9.90685,2025-10-30
7559.01,100.72445833333332,2.1180222222222223,2025-10-30
756.01,192.10375,-45.47047222222223,2019-06-05
7560.01,96.56849999999999,-23.565105555555558,2025-10-30
7561.01,89.86304166666666,-12.513411111111111,2025-10-30
7562.01,85.29737499999999,-70.53040277777778,2025-10-30
7563.01,90.51708333333332,-9.701302777777776,2025-10-30
7564.01,112.01979166666665,1.0820666666666667,2025-10-30
7565.01,98.88212499999999,-0.9722888888888889,2025-10-30
7566.01,95.33024999999998,-1.99625,2025-10-30
7567.01,107.90954166666666,-4.985880555555555,2025-10-30
7568.01,96.23708333333333,4.402988888888889,2025-10-30
7569.01,103.74095833333332,-16.88003611111111,2025-10-30
757.01,187.9948333333333,-35.554452777777776,2019-06-11
7570.01,100.20466666666665,-28.455458333333333,2025-10-30
7571.01,106.18024999999999,8.084533333333335,2025-10-30
7572.01,103.63804166666665,5.173163888888889,2025-10-30
7573.01,93.67854166666665,7.347522222222222,2025-10-30
7574.01,88.41799999999998,5.643111111111111,2025-10-30
7575.01,94.21045833333332,-41.850875,2025-11-20
7576.01,97.35670833333333,11.429152777777777,2025-11-20
7577.01,91.46570833333331,-2.6765194444444442,2025-11-20
7578.01,105.51316666666666,-8.74501111111111,2025-11-20
7579.01,107.35758333333334,-16.43933888888889,2025-11-20
758.01,189.76216666666667,-31.99226666666667,2019-06-11
7580.01,89.90012499999999,-30.133044444444444,2025-11-20
7580.02,89.90012499999999,-30.133044444444444,2025-11-20
7580.03,89.90012499999999,-30.133044444444444,2025-11-20
7581.01,90.95362499999999,-58.161024999999995,2025-11-20
7582.01,119.24645833333332,-18.203883333333334,2025-11-20
7583.01,113.91829166666665,-24.708672222222223,2025-11-20
7584.01,127.6745,-35.15340555555555,2025-11-20
7585.01,109.43512499999999,-22.834505555555555,2025-11-20
7586.01,119.01433333333333,-19.48608888888889,2025-11-20
7587.01,70.66812499999999,-67.0938861111111,2025-11-20
7588.01,102.79787499999999,-55.232261111111114,2025-11-20
7589.01,120.05449999999998,1.532713888888889,2025-11-20
759.01,169.9094583333333,-39.46208055555556,2019-06-11
7590.01,101.66354166666666,-36.73977777777778,2025-11-20
7591.01,112.92891666666665,-11.961519444444443,2025-11-20
7592.01,115.05933333333333,-48.69514722222222,2025-11-20
7593.01,120.79787499999999,-48.169525,2025-11-20
7594.01,135.1819583333333,-15.780800000000001,2025-11-20
7595.01,118.30399999999997,-17.115897222222223,2025-11-20
7596.01,134.84666666666664,-11.056525,2025-11-20
7597.01,98.58033333333331,-71.27025277777777,2025-11-20
7598.01,130.379125,-34.314658333333334,2025-11-20
7599.01,118.93670833333331,-18.526591666666665,2025-11-20
760.01,169.41437499999998,-44.017088888888885,2019-06-11
7600.01,130.9347083333333,3.6498749999999998,2025-11-20
7601.01,111.19633333333331,-33.687619444444444,2025-11-20
7602.01,103.10629166666665,-39.68750277777777,2025-11-20
7603.01,119.78887499999999,-3.3065249999999997,2025-11-20
7604.01,114.14541666666665,-16.85536666666667,2025-11-20
7605.01,128.01887499999998,-32.263172222222224,2025-11-20
7606.01,105.72966666666665,-27.015158333333332,2025-11-20
7607.01,121.08179166666666,-68.47676111111112,2025-11-20
7608.01,102.40924999999999,-70.99729166666667,2025-11-20
7609.01,112.57070833333331,-26.615483333333334,2025-11-20
761.01,179.26299999999998,-38.104794444444444,2019-06-11
761.02,179.26299999999998,-38.104794444444444,2024-02-01
7610.01,129.25004166666668,-3.530908333333333,2025-11-20
7611.01,115.26012499999999,-23.823355555555555,2025-11-20
7612.01,131.34612499999997,-14.950099999999999,2025-11-20
7613.01,126.38170833333331,-16.19381388888889,2025-11-20
7614.01,119.96337499999998,-38.12755,2025-11-20
7615.01,105.99149999999999,-61.16779722222222,2025-11-20
7616.01,119.88333333333331,-45.45376944444445,2025-11-20
7617.01,111.00204166666666,-15.911150000000001,2025-11-20
7618.01,118.35349999999998,-14.799513888888889,2025-11-20
7619.01,110.48708333333332,-23.41403611111111,2025-11-20
762.01,166.07474999999997,-47.82149722222223,2019-06-11
7620.01,96.82854166666667,-69.90371666666667,2025-11-20
7621.01,117.28391666666666,-37.66594722222222,2025-11-20
7622.01,82.84233333333333,-74.51488055555555,2025-11-20
7623.01,25.820375,68.71399722222222,2026-01-15
7624.01,283.621,55.96725,2026-01-15
7625.01,346.07674999999995,52.12059166666667,2026-01-15
7626.01,273.65775,77.86408333333333,2026-01-15
7627.01,55.664375,43.2798,2026-01-15
7628.01,59.118291666666664,53.68558611111111,2026-01-15
7629.01,78.69462499999999,36.371208333333335,2026-01-15
763.01,194.4680833333333,-39.75806111111111,2019-06-11
763.02,194.4680833333333,-39.75806111111111,2019-06-11
7630.01,60.33691666666666,44.585975000000005,2026-01-15
7631.01,84.06141666666664,83.28346944444445,2026-01-15
7632.01,93.74449999999999,14.235605555555555,2026-01-15
7633.01,96.34891666666667,0.15383333333333332,2026-01-15
7634.01,92.31154166666666,-23.808794444444445,2026-01-15
7635.01,89.41754166666666,-11.02207777777778,2026-01-15
7636.01,90.33866666666665,13.011338888888888,2026-01-15
7637.01,102.95958333333331,-29.77389722222222,2026-01-15
7638.01,102.19299999999998,-9.015855555555556,2026-01-15
7639.01,97.21141666666666,-78.47305833333334,2026-01-15
764.01,174.30283333333333,-38.30719166666666,2019-06-11
7640.01,89.26545833333333,-16.900274999999997,2026-01-15
7641.01,105.93558333333331,-16.636633333333332,2026-01-15
7642.01,111.40874999999998,-2.864030555555556,2026-01-15
7643.01,94.01904166666665,5.520447222222222,2026-01-15
7644.01,111.17445833333332,-2.9915944444444444,2026-01-15
7645.01,109.60379166666665,8.19771388888889,2026-01-15
7646.01,92.992375,2.6737916666666663,2026-01-15
7647.01,99.16779166666664,4.771694444444444,2026-01-15
7648.01,100.57370833333333,-2.277588888888889,2026-01-15
7649.01,117.19004166666666,-69.05928055555555,2026-01-15
765.01,78.16520833333333,-53.74343888888889,2019-06-11
7650.01,110.988875,-3.495763888888889,2026-01-15
7651.01,87.74033333333333,-49.79406111111111,2026-01-15
7652.01,110.62374999999999,-3.120236111111111,2026-01-15
7653.01,97.05308333333332,-63.47295555555556,2026-01-15
7654.01,114.38349999999998,-70.79992777777778,2026-01-15
7655.01,128.294125,-22.959230555555553,2026-01-15
7656.01,127.3199583333333,5.781980555555555,2026-01-15
7657.01,114.65608333333331,-20.80296388888889,2026-01-15
7658.01,108.42691666666666,-38.21356666666667,2026-01-15
7659.01,97.68395833333332,-75.2799611111111,2026-01-15
766.01,175.52524999999997,-23.354844444444446,2019-06-11
7660.01,76.87387499999998,-74.74819722222222,2026-01-15
7661.01,122.72787499999997,-4.406633333333334,2026-01-15
7662.01,109.86174999999999,-20.156041666666667,2026-01-15
7663.01,122.23366666666665,-1.1455055555555556,2026-01-15
7664.01,113.15745833333331,-22.785636111111113,2026-01-15
7665.01,124.65970833333331,-40.618747222222225,2026-01-15
7665.02,124.65970833333331,-40.618747222222225,2026-01-15
7666.01,103.950375,-45.99705,2026-01-15
7667.01,59.827124999999995,-76.91227222222223,2026-01-15
7668.01,133.64745833333333,-24.002944444444445,2026-01-15
7669.01,101.48512499999998,-38.310605555555554,2026-01-15
767.01,195.35975,-27.522227777777776,2019-06-11
7670.01,132.3588333333333,-17.897305555555555,2026-01-15
7671.01,127.60024999999999,-41.969025,2026-01-15
7672.01,111.44266666666665,-24.213480555555556,2026-01-15
7673.01,63.107416666666666,-66.76557222222222,2026-01-15
7674.01,124.73995833333332,6.716177777777778,2026-01-15
7675.01,115.07849999999999,-17.111458333333335,2026-01-15
7676.01,122.29787499999998,3.7626666666666666,2026-01-15
7677.01,112.44849999999998,-63.20900277777778,2026-01-15
7678.01,110.61654166666665,-36.504330555555555,2026-01-15
7679.01,113.98074999999999,-34.973686111111114,2026-01-15
768.01,198.63562499999998,-24.144191666666668,2019-06-11
7680.01,122.76866666666665,7.127363888888889,2026-01-15
7681.01,109.07879166666665,-42.78740833333333,2026-01-15
7682.01,318.0933333333333,-41.93179722222222,2026-01-15
7683.01,311.2582916666666,-35.427841666666666,2026-01-15
7684.01,7.230708333333332,-38.787863888888886,2026-01-15
7685.01,356.7056666666666,-24.136375,2026-01-15
7686.01,31.632999999999996,-67.77888333333333,2026-01-15
7687.01,15.471208333333331,-67.23353055555556,2026-01-15
7688.01,11.098541666666664,-45.56237222222222,2026-01-15
7689.01,346.8573333333333,-28.35346666666667,2026-01-15
769.01,192.98120833333329,-42.07361666666667,2019-06-11
7690.01,328.357625,65.68011944444444,2026-03-05
7691.01,280.15325,51.88176111111111,2026-03-05
7692.01,245.250375,59.18579166666667,2026-03-05
7693.01,275.24595833333325,71.9021388888889,2026-03-05
7694.01,241.519375,60.94821944444444,2026-03-05
7695.01,329.788125,3.198061111111111,2026-03-05
7696.01,351.8228333333333,-15.187875,2026-03-05
7697.01,23.690999999999995,-7.375002777777778,2026-03-05
7698.01,25.92825,-2.6282277777777776,2026-03-05
7698.02,25.92825,-2.6282277777777776,2026-03-05
7698.03,25.92825,-2.6282277777777776,2026-03-05
7699.01,62.176625,-57.59459722222223,2026-03-05
770.01,193.5524583333333,-46.58771666666667,2019-06-05
7700.01,24.974749999999997,-18.951194444444443,2026-03-05
7701.01,38.58304166666666,-31.84843888888889,2026-03-05
7702.01,30.62474999999999,-9.193880555555555,2026-03-05
7703.01,47.77054166666666,-29.758063888888888,2026-03-05
7704.01,33.178124999999994,-38.95086111111112,2026-03-05
7705.01,32.71824999999999,-34.908408333333334,2026-03-05
7706.01,30.608791666666665,-11.168297222222222,2026-03-05
7707.01,31.22725,-30.94935277777778,2026-03-05
7708.01,43.578708333333324,-41.18106944444444,2026-03-05
7709.01,278.0620416666667,55.19104722222222,2026-04-09
771.01,164.11387499999998,-72.985175,2019-06-05
7710.01,26.097791666666666,-80.57387777777777,2026-04-09
7711.01,72.90058333333332,-34.22621388888889,2026-04-09
7712.01,81.167125,1.7543194444444445,2026-04-09
7713.01,70.43229166666666,-40.04453055555555,2026-04-09
7714.01,70.91970833333333,-26.650255555555553,2026-04-09
7715.01,86.14008333333332,5.30005,2026-04-09
7715.02,86.14008333333332,5.30005,2026-04-09
7716.01,83.86899999999999,-14.597191666666667,2026-04-09
7717.01,86.79333333333332,-13.784927777777778,2026-04-09
7718.01,91.87229166666665,-25.594897222222222,2026-04-09
7719.01,73.35529166666664,-32.80034722222222,2026-04-09
772.01,190.19141666666664,-21.872780555555558,2019-07-24
772.02,190.19141666666664,-21.872780555555558,2022-03-24
772.03,190.19141666666664,-21.872780555555558,2024-11-14
7720.01,175.38712499999997,-46.196175,2026-04-23
7721.01,191.0290833333333,-48.10302222222222,2026-04-23
7722.01,184.82212499999997,-49.87200555555555,2026-04-23
7723.01,168.307,-45.08873611111111,2026-04-23
7724.01,152.51337499999997,-4.903525,2026-06-04
7725.01,139.00495833333332,-35.482708333333335,2026-06-04
7726.01,161.11854166666663,-17.558830555555556,2026-06-04
7727.01,159.17579166666664,-13.129330555555557,2026-06-04
7728.01,144.591625,-21.48401388888889,2026-06-04
7729.01,121.01516666666666,-43.177927777777775,2026-06-04
773.01,190.1519583333333,-19.28435277777778,2019-06-11
7730.01,142.507375,-42.54054722222222,2026-06-04
7731.01,146.90341666666666,1.1798083333333333,2026-06-04
7732.01,145.88304166666666,-37.160669444444444,2026-06-04
7733.01,158.69624999999996,-13.324172222222222,2026-06-04
7734.01,120.991625,-40.74205,2026-06-04
7735.01,134.4532083333333,-28.84051388888889,2026-06-04
7736.01,159.03549999999998,-21.24651388888889,2026-06-04
7737.01,120.60929166666666,-49.32550833333334,2026-06-04
7738.01,150.443875,-13.427091666666666,2026-06-04
7739.01,144.1520833333333,-11.333494444444446,2026-06-04
774.01,203.75820833333333,-17.503497222222222,2019-06-11
7740.01,150.69187499999998,-42.603719444444444,2026-06-04
7741.01,121.901,-64.77762222222222,2026-06-04
7742.01,155.34983333333332,-39.39564166666666,2026-06-04
7743.01,175.58341666666664,-41.309013888888884,2026-06-04
7744.01,153.58799999999997,-34.59361388888889,2026-06-04
7745.01,138.29491666666667,-56.60452222222222,2026-06-04
7746.01,145.1248333333333,-48.56221111111111,2026-06-04
7747.01,146.70091666666664,-66.61421388888888,2026-06-04
7748.01,124.33458333333331,-63.751625,2026-06-04
7749.01,157.60804166666665,-54.53429444444444,2026-06-04
775.01,164.7999583333333,-59.23396944444445,2019-06-05
7750.01,165.8055,-43.279313888888886,2026-06-04
7751.01,145.11204166666664,-51.810375,2026-06-04
7752.01,167.43524999999997,-32.01615555555556,2026-06-04
7753.01,180.323125,-18.130930555555555,2026-06-04
7753.02,180.323125,-18.130930555555555,2026-06-04
7754.01,156.41229166666662,-38.859366666666666,2026-06-04
7755.01,151.01333333333332,-40.1202,2026-06-04
7756.01,159.03524999999996,-54.38225555555556,2026-06-04
7757.01,175.55124999999995,-49.85693888888889,2026-06-04
7758.01,178.98166666666663,-31.884930555555556,2026-06-04
7759.01,173.1437083333333,-47.316380555555554,2026-06-04
776.01,178.578,-37.553355555555555,2019-06-11
776.02,178.578,-37.553355555555555,2019-06-11
7760.01,144.83249999999998,-50.761602777777775,2026-06-04
7761.01,130.8538333333333,-58.51233611111111,2026-06-04
7762.01,177.72995833333331,-16.741630555555556,2026-06-04
7763.01,146.10016666666664,-43.53628055555556,2026-06-04
7764.01,162.39991666666666,-37.77953333333333,2026-06-04
7765.01,166.86979166666663,-31.300202777777777,2026-06-04
7766.01,136.60554166666665,-57.38826111111111,2026-06-04
7767.01,174.07720833333332,-43.015877777777774,2026-06-04
7768.01,150.692625,-47.801519444444445,2026-06-04
7769.01,140.30154166666662,-68.84504722222222,2026-06-04
777.01,183.11874999999998,-49.00773888888889,2019-06-11
7770.01,233.83395833333333,-21.432972222222222,2026-06-04
7771.01,254.83354166666663,-18.997497222222222,2026-06-04
7772.01,223.85762499999996,-18.432319444444445,2026-06-04
7773.01,241.21904166666664,-8.495730555555555,2026-06-04
7774.01,212.14099999999996,-24.090369444444445,2026-06-04
7775.01,251.21637499999997,-28.70546111111111,2026-06-04
7776.01,216.12158333333332,-20.40586944444444,2026-06-04
7777.01,242.67020833333333,-29.47945833333333,2026-06-04
7778.01,214.87216666666663,-16.530272222222223,2026-06-04
7779.01,254.78391666666664,-17.950455555555553,2026-06-04
778.01,199.3338333333333,-15.273705555555557,2019-06-11
7780.01,225.13791666666665,-19.599005555555554,2026-06-04
7781.01,241.70291666666665,-24.622788888888888,2026-06-04
7782.01,239.02854166666663,-29.40876388888889,2026-06-04
7783.01,211.970125,-4.851847222222222,2026-06-04
7784.01,220.57891666666663,-10.659666666666666,2026-06-04
7785.01,201.89187499999997,-1.6521083333333333,2026-06-04
7786.01,217.26191666666662,-15.005072222222223,2026-06-04
7787.01,254.5821666666666,-24.335080555555553,2026-06-04
7788.01,237.734625,-28.345341666666666,2026-06-04
7789.01,231.76370833333328,-10.124816666666668,2026-06-04
779.01,159.933,-48.99668611111111,2019-06-05
7790.01,258.66225,-15.635255555555554,2026-06-04
7791.01,311.6210416666666,-8.486966666666666,2026-06-04
7792.01,344.5451249999999,-8.208994444444444,2026-06-04
7793.01,330.74804166666667,-15.16795,2026-06-04
7794.01,283.5767083333333,-18.25132222222222,2026-06-04
7795.01,295.4887083333333,-18.979297222222222,2026-06-04
7796.01,300.37933333333325,-26.605766666666668,2026-06-04
7797.01,267.1252916666666,-26.315686111111113,2026-06-04
7798.01,297.2611666666666,-11.415830555555555,2026-06-04
7799.01,284.29395833333325,-15.426038888888888,2026-06-04
780.01,190.61879166666665,-30.639816666666665,2019-06-11
7800.01,284.76599999999996,-16.755522222222222,2026-06-04
7801.01,351.32579166666665,-2.0693750000000004,2026-06-04
7801.02,351.32579166666665,-2.0693750000000004,2026-06-04
7802.01,342.0734583333333,-8.730375,2026-06-04
7803.01,286.9613333333333,-17.721677777777778,2026-06-04
7804.01,339.64924999999994,-1.7619361111111111,2026-06-04
7805.01,284.124125,-13.941955555555555,2026-06-04
7806.01,342.0989583333333,4.677302777777778,2026-06-04
7807.01,297.02920833333326,-18.60341111111111,2026-06-04
7808.01,262.53549999999996,-19.227544444444444,2026-06-04
7809.01,313.8244583333333,-12.641372222222222,2026-06-04
781.01,176.73883333333333,-22.563011111111113,2019-06-11
7810.01,324.8890416666666,-1.9377805555555556,2026-06-04
7811.01,330.48645833333325,-1.49425,2026-06-04
7812.01,333.3504166666666,-18.849605555555556,2026-06-04
7813.01,301.0694583333333,-14.175747222222222,2026-06-04
7814.01,278.53624999999994,-23.340780555555554,2026-06-04
7815.01,328.30883333333327,-11.386388888888888,2026-06-04
7816.01,285.788125,-18.882072222222224,2026-06-04
7817.01,325.55362499999995,-12.35195,2026-06-04
7818.01,276.08199999999994,-26.001347222222222,2026-06-04
7819.01,293.5347083333333,-28.894816666666667,2026-06-04
782.01,183.92037499999998,-18.910338888888887,2019-06-11
7820.01,330.52925,-2.809172222222222,2026-06-04
7821.01,341.1632916666667,4.5351083333333335,2026-06-04
7822.01,158.468,-42.69948888888889,2026-06-04
7823.01,235.16749999999996,-81.20414444444445,2026-06-04
7824.01,191.7999583333333,-43.84045833333334,2026-06-04
7825.01,156.87362499999998,-27.515538888888887,2026-06-04
7826.01,139.73783333333333,-19.23322222222222,2026-06-25
7827.01,142.99516666666665,-12.686627777777778,2026-06-25
7828.01,145.01699999999997,-55.84818888888889,2026-06-25
7829.01,175.84091666666663,-16.341877777777775,2026-06-25
783.01,172.155625,-54.78422222222222,2019-06-11
7830.01,238.06937499999998,-61.44395833333333,2026-06-25
7831.01,267.5173333333333,-43.82330555555556,2026-06-25
7832.01,276.1329999999999,-36.95366111111112,2026-06-25
7833.01,252.408,-62.62691944444445,2026-06-25
7834.01,251.851125,-46.928061111111106,2026-06-25
7835.01,270.3775,-40.05829166666666,2026-06-25
7836.01,262.0748333333333,-35.67165277777777,2026-06-25
7837.01,270.57620833333334,-35.785758333333334,2026-06-25
7838.01,136.8322083333333,-78.873025,2026-06-25
7839.01,263.6887083333333,-40.47069166666667,2026-06-25
784.01,159.34120833333333,-63.65569166666666,2019-06-05
7840.01,205.13566666666665,-75.87270833333332,2026-06-25
7841.01,261.8988333333333,-34.00810277777778,2026-06-25
7842.01,268.052,-64.74778055555555,2026-06-25
7843.01,271.8336666666666,-33.77571388888889,2026-06-25
7844.01,208.9127083333333,-77.31955555555555,2026-06-25
7845.01,234.1392083333333,-66.59613333333333,2026-06-25
7846.01,271.31995833333326,-35.518966666666664,2026-06-25
7847.01,260.91095833333327,-33.63091388888889,2026-06-25
7848.01,259.72991666666667,-38.03048333333333,2026-06-25
7849.01,252.54391666666663,-60.62546944444445,2026-06-25
785.01,88.33729166666666,-65.63350000000001,2019-06-14
7850.01,320.8738333333333,-71.23861666666667,2026-06-25
7851.01,190.2437083333333,-43.18997222222222,2026-06-25
7852.01,187.56891666666664,-26.930961111111113,2026-06-25
7853.01,318.5935,-61.29513611111111,2026-06-25
7854.01,196.28741666666664,-31.98691388888889,2026-06-25
7855.01,296.47974999999997,49.93765,2026-07-23
7856.01,290.96620833333327,51.50476666666667,2026-07-23
7857.01,316.53291666666667,2.576408333333333,2026-07-23
7858.01,287.5597916666666,46.957261111111116,2026-07-23
7859.01,289.763625,51.96268333333334,2026-07-23
786.01,100.10420833333333,-63.339108333333336,2019-06-14
786.02,100.10420833333333,-63.339108333333336,2021-07-28
7860.01,289.1122083333333,51.73735833333333,2026-07-23
7861.01,124.37841666666665,-86.68431944444445,2026-07-24
7862.01,284.4497916666666,-56.4825,2026-07-24
7863.01,279.8623333333333,-64.25304166666666,2026-07-24
7864.01,283.55375,-59.74551388888889,2026-07-24
7865.01,326.5177916666666,-22.099380555555555,2026-07-24
7866.01,73.23662499999999,-82.52470555555556,2026-07-24
7867.01,347.2528333333333,-51.342761111111116,2026-07-24
7868.01,340.91120833333326,-24.222244444444442,2026-07-24
7869.01,350.05112499999996,-13.049458333333334,2026-07-24
787.01,87.11604166666665,-56.00411944444444,2019-05-24
7870.01,71.58475,-60.312822222222216,2026-07-24
7871.01,105.07604166666665,-59.322250000000004,2026-07-24
7872.01,12.358374999999999,-52.473305555555555,2026-07-24
7873.01,27.659208333333332,-50.72759444444445,2026-07-24
7874.01,28.588499999999996,-50.07853611111111,2026-07-24
7875.01,21.69358333333333,-66.08285277777777,2026-07-24
7876.01,87.24570833333331,-74.69324166666667,2026-07-24
7877.01,24.692666666666664,2.116236111111111,2026-07-24
7878.01,56.01862499999999,-48.53760555555555,2026-07-24
7879.01,57.90449999999999,-63.88753055555556,2026-07-24
788.01,113.69529166666665,-61.240069444444444,2019-06-14
7880.01,14.305249999999997,-12.013516666666666,2026-07-24
7881.01,108.52245833333332,-58.30634166666666,2026-07-24
7882.01,128.28225,-70.768,2026-07-24
7883.01,71.99241666666666,-22.521769444444445,2026-07-24
7884.01,76.57254166666665,-24.611625,2026-07-24
7885.01,76.55241666666666,-8.050583333333334,2026-07-24
7886.01,83.33908333333332,-7.388666666666667,2026-07-24
7887.01,101.10045833333332,-49.98576944444444,2026-07-24
7888.01,77.83870833333333,-49.35783333333333,2026-07-24
7889.01,74.49941666666666,-45.780766666666665,2026-07-24
789.01,115.27020833333331,-71.30376388888888,2019-06-14
789.02,115.27020833333331,-71.30376388888888,2021-07-28
789.03,115.27020833333331,-71.30376388888888,2021-07-28
7890.01,89.10945833333332,-77.35838333333332,2026-07-24
7891.01,74.65470833333332,7.576022222222222,2026-07-24
7892.01,73.598375,-8.462994444444444,2026-07-24
7893.01,73.31424999999999,-50.67868611111111,2026-07-24
7894.01,99.62829166666666,-69.04060833333334,2026-07-24
7895.01,111.31899999999999,-64.70382222222223,2026-07-24
7896.01,73.82333333333332,-58.760133333333336,2026-07-24
7897.01,77.63620833333333,0.17283055555555554,2026-07-24
7898.01,92.45016666666666,-54.724125,2026-07-24
7899.01,98.67258333333332,-61.62338333333334,2026-07-24
790.01,123.39779166666666,-64.09089999999999,2019-06-14
790.02,123.39779166666666,-64.09089999999999,2022-03-24
790.03,123.39779166666666,-64.09089999999999,2024-03-14
7900.01,102.89237499999997,-66.51898055555556,2026-07-24
7901.01,283.2575833333333,40.990408333333335,2026-08-06
7902.01,297.593625,40.97725555555556,2026-08-06
7903.01,297.2140416666666,41.664008333333335,2026-08-06
7904.01,292.1670416666666,48.727533333333334,2026-08-06
7905.01,320.5204166666667,24.743408333333335,2026-08-06
7906.01,290.97391666666664,48.17820555555555,2026-08-06
7907.01,288.98454166666664,40.06448611111111,2026-08-06
7908.01,291.5885833333333,1.4262972222222223,2026-08-06
7909.01,295.41791666666666,51.18476388888889,2026-08-06
791.01,118.43474999999998,-69.70173611111112,2019-06-14
791.02,118.43474999999998,-69.70173611111112,2024-03-14
7910.01,293.5419166666666,46.82216944444445,2026-08-06
7911.01,151.644625,-25.885427777777778,2026-08-06
7912.01,253.47541666666663,-58.72316111111111,2026-08-06
7913.01,271.22999999999996,-53.91135555555555,2026-08-06
7914.01,252.74366666666666,-64.97707777777778,2026-08-06
7915.01,259.94087499999995,-36.2423,2026-08-06
7916.01,69.34566666666666,-54.24633611111111,2026-08-06
7917.01,261.9505,-59.61815277777778,2026-08-06
7918.01,231.84291666666664,-85.73130833333333,2026-08-06
7919.01,261.0735833333333,-40.58171388888889,2026-08-06
792.01,71.24575,-67.98105,2019-06-14
7920.01,356.01166666666666,-67.51638611111112,2026-08-06
7921.01,217.68329166666663,-31.732452777777777,2026-08-06
7922.01,232.17154166666666,-73.13151666666666,2026-08-27
7923.01,255.80399999999997,-40.28001111111111,2026-08-27
7924.01,230.96291666666662,-70.991775,2026-08-27
7925.01,291.24820833333325,-66.15676944444445,2026-08-27
7926.01,257.87066666666664,-39.314924999999995,2026-08-27
7927.01,289.0634583333333,-85.97500833333334,2026-08-27
793.01,107.13395833333333,-68.36877777777777,2019-06-14
794.01,106.66491666666664,-71.44682777777778,2019-06-14
795.01,100.97037499999999,-55.639,2019-06-14
796.01,83.98654166666665,-67.45959444444445,2019-05-24
797.01,108.56308333333331,-74.60309444444444,2019-06-14
797.02,108.56308333333331,-74.60309444444444,2019-06-14
797.03,108.56308333333331,-74.60309444444444,2021-07-08
798.01,97.82049999999998,-58.320438888888894,2019-06-14
799.01,98.46912499999999,-52.46029444444445,2019-06-14
800.01,79.76591666666666,-69.63792500000001,2019-06-14
801.01,102.22170833333331,-73.29933333333334,2019-06-14
802.01,97.98570833333332,-68.7118,2019-06-14
803.01,125.64504166666666,-19.25461388888889,2019-06-14
804.01,91.51979166666665,-69.42023888888889,2019-06-14
805.01,61.135791666666655,-62.989130555555555,2019-06-14
806.01,63.416041666666665,-76.09801388888889,2019-06-14
807.01,75.91591666666666,-66.65492222222223,2019-06-14
808.01,133.74854166666665,-44.28863055555556,2019-06-14
809.01,82.97949999999999,-60.47672222222222,2019-06-14
810.01,62.854,-69.47487777777778,2019-06-14
810.02,62.854,-69.47487777777778,2020-12-21
811.01,88.03033333333333,-32.925075,2019-06-21
812.01,89.23566666666666,-49.00695,2019-06-21
813.01,72.69399999999999,-60.90546111111111,2019-06-21
814.01,99.71462499999998,-53.107597222222225,2019-06-21
815.01,155.8719583333333,-43.834925000000005,2019-06-21
815.02,155.8719583333333,-43.834925000000005,2023-04-27
816.01,116.0105,-36.99650277777778,2019-06-21
817.01,74.28679166666666,-66.39033333333334,2019-06-17
818.01,214.683,-20.27543611111111,2019-06-17
819.01,192.18958333333333,-47.61367777777778,2019-06-17
820.01,208.92799999999997,-32.15971111111111,2019-06-17
821.01,209.6158333333333,-23.277572222222222,2019-06-17
822.01,217.6092083333333,-46.15951666666667,2019-06-17
822.02,217.6092083333333,-46.15951666666667,2021-10-28
823.01,218.65829166666663,-40.73986388888889,2019-06-17
824.01,222.1654583333333,-57.58886666666667,2019-06-17
825.01,208.85674999999998,-21.207858333333334,2019-06-17
826.01,203.10599999999997,-42.47527222222222,2019-06-17
827.01,98.89324999999998,-79.71575277777778,2019-06-17
828.01,210.1935833333333,-30.58360833333333,2019-06-17
829.01,224.20837499999996,-37.04298333333333,2019-06-17
830.01,129.75687499999998,-74.7631138888889,2019-06-17
831.01,229.03341666666665,-38.87541111111111,2019-06-17
832.01,84.08162499999999,-54.191199999999995,2019-06-17
833.01,145.6454583333333,-62.475886111111116,2019-06-17
834.01,195.82816666666665,-49.63977222222222,2019-06-27
835.01,192.05733333333333,-56.89431944444444,2019-06-17
836.01,225.07987499999996,-24.454202777777777,2019-06-17
836.02,225.07987499999996,-24.454202777777777,2019-06-17
837.01,157.03729166666665,-64.50521111111111,2019-06-17
838.01,203.16662499999995,-38.84594722222222,2019-06-27
839.01,166.979875,-61.14625,2019-06-17
840.01,198.1328333333333,-45.590575,2019-06-17
841.01,94.94299999999998,-53.226705555555554,2019-06-17
842.01,91.93758333333331,-73.39186111111111,2019-06-17
843.01,207.90766666666664,-23.781241666666666,2019-06-17
844.01,19.461124999999996,0.34696944444444444,2019-07-10
845.01,24.172708333333333,-31.670794444444446,2019-07-10
846.01,26.376874999999995,-51.296819444444445,2019-07-10
847.01,43.875541666666656,-53.66554444444444,2019-07-10
848.01,24.216083333333334,-39.142583333333334,2019-07-10
849.01,28.715791666666664,-29.421708333333335,2019-07-10
850.01,9.765916666666666,-17.221805555555555,2019-07-10
851.01,7.387833333333333,-10.468277777777779,2019-07-10
852.01,24.740249999999996,-7.280977777777777,2019-07-10
853.01,32.914291666666664,-37.89298888888889,2019-07-10
854.01,28.07808333333333,-43.04761388888889,2019-07-10
855.01,15.543041666666666,-2.144575,2019-07-10
856.01,14.094874999999998,-14.788327777777777,2019-07-10
857.01,25.871374999999997,-14.14918611111111,2019-07-10
858.01,60.19983333333333,-54.59291666666667,2019-07-10
859.01,97.14399999999999,-61.150324999999995,2019-07-10
860.01,43.546166666666664,-41.51441944444444,2019-07-10
861.01,119.53349999999999,-60.780499999999996,2019-07-12
862.01,124.30004166666664,-65.65708055555557,2019-07-12
863.01,93.72941666666667,-49.75608611111111,2019-07-12
864.01,81.44337499999999,-51.35703055555555,2019-07-12
865.01,62.45433333333334,-26.022091666666665,2019-07-12
866.01,77.54658333333333,-57.58668055555556,2019-07-12
867.01,119.01420833333331,-64.94115555555555,2019-07-12
868.01,108.568,-74.97052777777778,2019-07-12
869.01,53.178999999999995,-51.78853055555555,2019-07-12
870.01,63.319291666666665,-50.94426111111111,2019-07-12
871.01,74.737625,-50.62741388888889,2019-07-12
872.01,74.86816666666667,-55.92906111111111,2019-07-12
872.02,74.86816666666667,-55.92906111111111,2021-07-08
873.01,56.736625,-63.33687777777778,2019-07-12
874.01,96.06933333333333,-46.937619444444444,2019-07-12
875.01,78.03720833333333,-37.70848055555556,2019-07-12
876.01,84.10933333333331,-24.244444444444447,2019-07-12
877.01,99.11512499999998,-50.297399999999996,2019-04-01
878.01,76.76179166666665,-51.766955555555555,2019-07-12
879.01,98.12379166666665,-3.5448416666666667,2019-07-12
880.01,94.16445833333333,-13.98733611111111,2019-07-12
880.02,94.16445833333333,-13.98733611111111,2021-02-19
880.03,94.16445833333333,-13.98733611111111,2021-02-19
881.01,104.47987499999999,5.748027777777778,2019-07-12
882.01,89.16524999999999,14.785575,2019-07-12
883.01,103.36904166666665,-6.507836111111111,2019-07-12
884.01,93.92104166666665,11.832622222222222,2019-07-12
885.01,98.26779166666665,-10.870677777777779,2019-07-12
886.01,101.69387499999999,-6.144777777777779,2019-07-12
887.01,94.54529166666664,15.95205,2019-07-12
888.01,96.66604166666666,13.299380555555555,2019-07-12
889.01,106.64979166666664,-53.54643333333333,2019-07-12
890.01,100.36320833333333,-12.285044444444445,2019-07-12
891.01,93.12229166666667,-16.79204166666667,2019-07-12
892.01,86.73820833333332,-11.235338888888888,2019-07-12
893.01,103.67858333333334,-7.131316666666666,2019-07-12
894.01,96.79391666666666,-4.7801,2019-07-12
895.01,94.20566666666666,-2.9291388888888887,2019-07-12
896.01,89.15458333333332,10.551758333333334,2019-07-12
897.01,98.59774999999998,8.413625,2019-07-12
898.01,104.48070833333333,-9.92485,2019-03-21
899.01,104.49245833333333,-71.52310555555556,2019-07-15
900.01,245.90512499999994,-31.373575,2019-07-15
901.01,261.0628333333333,-50.38605,2019-07-15
902.01,259.49579166666666,-45.88355555555555,2019-07-15
903.01,57.48904166666665,-72.79373055555556,2019-07-15
904.01,89.37129166666666,-83.12972777777777,2019-07-15
904.02,89.37129166666666,-83.12972777777777,2022-04-20
905.01,227.65866666666662,-71.36163055555555,2019-07-15
906.01,239.82549999999995,-49.36666388888889,2019-07-15
907.01,262.18341666666663,-62.840383333333335,2019-07-15
908.01,53.15941666666666,-81.25074444444445,2019-07-15
909.01,251.36254166666663,-71.83958888888888,2019-07-15
910.01,290.23795833333327,-82.55978888888889,2019-07-15
911.01,262.33525,-38.64596944444445,2019-07-15
912.01,229.32858333333328,-80.47334444444445,2019-07-22
913.01,234.5723333333333,-80.80342777777777,2019-07-15
913.02,234.5723333333333,-80.80342777777777,2025-06-05
914.01,48.72608333333333,-44.96185555555556,2019-07-23
915.01,68.80379166666665,-51.39656111111111,2019-07-23
916.01,105.95666666666665,-60.297491666666666,2019-07-23
917.01,49.81645833333332,-59.40010833333333,2019-07-23
918.01,71.79920833333333,-68.98564166666667,2019-07-23
919.01,93.41358333333332,-62.219722222222224,2019-04-01
920.01,110.31249999999997,-73.45323333333333,2019-07-23
921.01,99.67420833333333,-56.22053888888889,2019-07-23
922.01,110.89041666666665,-79.50418888888889,2019-07-23
923.01,50.036333333333324,-45.06185,2019-07-23
924.01,79.65687499999999,-55.88856111111111,2019-07-23
925.01,113.04766666666666,-68.01228888888889,2019-07-23
926.01,48.37870833333333,-32.00556944444445,2019-07-23
927.01,89.73074999999999,-79.743375,2019-07-09
928.01,112.59924999999998,-71.59546388888889,2019-01-18
929.01,45.907166666666654,-39.930775,2019-07-23
930.01,54.30870833333333,-44.472005555555555,2019-07-23
931.01,57.33687499999999,-47.918188888888885,2019-07-23
932.01,95.94095833333333,-54.578025000000004,2019-07-23
932.02,95.94095833333333,-54.578025000000004,2021-03-25
933.01,92.30533333333334,-55.403752777777775,2019-06-17
934.01,75.35066666666665,-56.141416666666665,2019-07-15
935.01,96.24820833333332,-59.804575,2019-07-15
936.01,111.03616666666666,-78.44258888888889,2019-07-24
937.01,58.896833333333326,-2.5059472222222223,2019-07-24
938.01,63.03233333333333,-12.118836111111111,2019-07-24
939.01,63.78683333333333,-7.315747222222222,2019-07-24
940.01,77.40358333333333,-5.670969444444445,2019-07-24
941.01,78.30054166666666,6.545913888888888,2019-07-24
941.02,78.30054166666666,6.545913888888888,2026-07-24
942.01,76.64962499999999,-20.24561388888889,2019-07-24
943.01,74.555125,8.980825,2019-07-24
944.01,63.81108333333332,14.944838888888889,2019-07-24
945.01,80.45533333333331,-36.673791666666666,2019-07-24
946.01,92.83391666666665,-51.46662222222223,2019-04-01
947.01,78.31883333333333,4.809897222222222,2019-07-24
948.01,75.53174999999999,-22.71186388888889,2019-07-24
949.01,79.10183333333332,-15.512686111111112,2019-07-24
950.01,70.37508333333332,14.815533333333335,2019-07-24
951.01,67.55133333333333,5.298825,2019-07-24
952.01,61.77945833333332,-13.766858333333333,2019-07-24
953.01,67.5525,5.298430555555555,2019-07-24
954.01,61.94104166666665,-25.208802777777777,2019-07-24
955.01,76.08183333333332,-20.731341666666665,2019-07-24
956.01,75.36083333333333,-22.382136111111112,2019-07-24
957.01,79.43241666666665,-0.3701222222222222,2019-07-24
958.01,83.21583333333332,-19.57507222222222,2019-07-24
959.01,114.01245833333331,4.715116666666667,2019-07-24
960.01,107.59808333333332,-5.432680555555556,2019-07-24
961.01,127.17833333333331,4.038552777777777,2019-07-24
962.01,117.71249999999999,-21.01573611111111,2019-07-24
963.01,119.14929166666666,-0.77285,2019-07-24
964.01,109.10691666666665,-8.329733333333333,2019-07-24
965.01,109.05629166666665,-9.893472222222222,2019-07-24
966.01,123.39224999999999,-1.9827861111111111,2019-07-24
967.01,117.08399999999999,-57.236311111111114,2019-07-24
968.01,116.91429166666666,11.980797222222222,2019-07-24
969.01,115.13666666666666,2.098588888888889,2019-07-24
970.01,114.69899999999998,-39.13551944444444,2019-07-24
971.01,107.42145833333332,-11.328877777777777,2019-07-24
972.01,115.28037499999999,-26.07093888888889,2019-07-24
973.01,109.9503333333333,-11.942686111111112,2019-07-24
974.01,116.27491666666666,-17.17511111111111,2019-07-24
975.01,121.18508333333332,-41.55981111111111,2019-07-24
976.01,117.47024999999998,-16.02341388888889,2019-07-24
977.01,105.06308333333331,-2.3474472222222222,2019-07-24
978.01,120.20412499999999,-2.0108361111111113,2019-07-24
979.01,111.76645833333333,-7.129697222222222,2019-07-24
980.01,114.42079166666666,-7.336738888888888,2019-07-24
981.01,117.11320833333332,-28.204827777777776,2019-07-24
982.01,106.40508333333331,-11.979855555555556,2019-07-24
983.01,114.86441666666666,-32.903752777777775,2019-07-24
984.01,104.87591666666665,-4.812169444444444,2019-07-24
985.01,111.64399999999999,7.016330555555555,2019-07-24
986.01,120.10545833333332,10.343869444444445,2019-07-24
987.01,100.92570833333332,-30.491966666666666,2019-07-24
988.01,113.42404166666665,-30.996052777777777,2019-07-24
989.01,110.50654166666665,10.238636111111111,2019-07-24
990.01,121.91354166666666,-5.770077777777778,2019-07-24
991.01,114.34616666666666,-11.151302777777778,2019-07-24
992.01,112.61670833333332,-26.080683333333333,2019-07-24
993.01,113.96083333333331,-15.499455555555555,2019-07-24
994.01,115.04633333333332,-9.084269444444445,2019-07-24
995.01,110.81145833333333,5.56285,2019-07-24
996.01,119.34995833333333,-19.51601388888889,2019-07-24
997.01,121.31949999999998,-59.579797222222226,2019-07-24
998.01,118.31954166666665,-14.218822222222222,2019-07-24
999.01,118.86408333333331,-58.22206111111111,2019-07-24
